player,team,minute,second,x,y,outcome,body_part,shot_type,first_time,statsbomb_xg,goal,distance,angle,xg_baseline,xg_improved,xg_interactions,diff_baseline_statsbomb,diff_improved_statsbomb,diff_interactions_statsbomb
Lionel Andrés Messi Cuccittini,Barcelona,2,29,111.5,52.9,Off T,Right Foot,Open Play,True,0.07699243,0,15.448624534242521,0.26948963534238596,0.11646460855952818,0.14823879404390944,0.11425031043248039,0.039472178559528184,0.07124636404390944,0.03725788043248039
Jordi Alba Ramos,Barcelona,5,39,113.9,26.4,Off T,Left Foot,Open Play,True,0.05166811,0,14.905368160498417,0.21070233581451334,0.11795139182680577,0.14204882274805253,0.09518853910090773,0.06628328182680576,0.09038071274805252,0.043520429100907726
Lionel Andrés Messi Cuccittini,Barcelona,15,29,93.7,34.7,Saved,Left Foot,Open Play,False,0.016932096,0,26.828715958837833,0.26607509184950795,0.04133199854829909,0.028709381014625626,0.03018962320040404,0.024399902548299088,0.011777285014625626,0.013257527200404039
Rubén Sobrino Pozuelo,Deportivo Alavés,16,20,109.2,39.1,Off T,Head,Open Play,False,0.1226044,0,10.837435120913064,0.6497160417770154,0.21031904406315133,0.07087981580450835,0.0786095110223284,0.08771464406315133,-0.051724584195491655,-0.043994888977671606
Luis Alberto Suárez Díaz,Barcelona,18,16,107.8,24.7,Off T,Right Foot,Open Play,False,0.041750744,0,19.568597292601225,0.2371199037295421,0.0793270214343877,0.06575679275197667,0.05699201819717298,0.037576277434387705,0.02400604875197667,0.015241274197172978
Ousmane Dembélé,Barcelona,30,42,108.6,27.8,Wayward,Left Foot,Open Play,True,0.07606251,0,16.69730517179344,0.30463154452275476,0.10664450663726152,0.12741805665910858,0.10664622294811453,0.03058199663726152,0.051355546659108575,0.03058371294811453
Ivan Rakitić,Barcelona,35,5,112.5,41.7,Off T,Head,Open Play,False,0.11251298,0,7.6902535718921525,0.8761182524894635,0.2963254463287215,0.11682533724647837,0.11764225114277423,0.1838124663287215,0.004312357246478368,0.005129271142774228
Lionel Andrés Messi Cuccittini,Barcelona,37,28,96.5,52.6,Post,Left Foot,Free Kick,False,0.049073674,0,26.66477076593759,0.24176028703482286,0.04133158392998816,0.06906130201745526,0.06477603466032833,-0.007742090070011837,0.019987628017455267,0.015702360660328332
Gerard Piqué Bernabéu,Barcelona,37,31,112.4,41.0,Off T,Head,Open Play,False,0.11562012,0,7.665507158694714,0.8867131072626548,0.29829573967083933,0.11804375813688794,0.11860978682082875,0.18267561967083934,0.0024236381368879373,0.0029896668208287402
Ousmane Dembélé,Barcelona,38,28,102.5,30.1,Saved,Right Foot,Open Play,True,0.12335509,0,20.106217943710845,0.3167037499175889,0.07932223645234669,0.09613669624596069,0.09516345053717384,-0.04403285354765331,-0.02721839375403931,-0.028191639462826157
Luis Alberto Suárez Díaz,Barcelona,40,35,110.0,27.7,Wayward,Right Foot,Open Play,True,0.14326301,0,15.852129194527782,0.298505548180977,0.11438595718968668,0.14552520336524566,0.11972598036998659,-0.028877052810313317,0.0022621933652456627,-0.023537029630013404
Ousmane Dembélé,Barcelona,43,31,106.1,32.6,Off T,Right Foot,Open Play,True,0.082343094,0,15.74706321826391,0.40926342889363976,0.12312456185233887,0.15911912721953508,0.16104906211341427,0.04078146785233887,0.07677603321953508,0.07870596811341427
Jordi Alba Ramos,Barcelona,47,39,116.5,31.2,Saved,Left Foot,Open Play,False,0.21425198,0,9.470480452437458,0.3239729196511892,0.19711419500896754,0.18405292594276226,0.17939001671016513,-0.017137784991032468,-0.030199054057237745,-0.034861963289834874
Mubarak Wakaso,Deportivo Alavés,51,7,105.6,23.9,Blocked,Left Foot,Open Play,True,0.028696904,0,21.600231480241135,0.22853558658696077,0.06560099255836103,0.07253708251766175,0.05911202282016693,0.03690408855836104,0.043840178517661754,0.03041511882016693
Luis Alberto Suárez Díaz,Barcelona,53,54,110.3,25.3,Blocked,Right Foot,Open Play,False,0.043024756,0,17.611927776367924,0.23483039232103203,0.09438120048391878,0.08075601812834012,0.0695314343355829,0.05135644448391878,0.03773126212834012,0.0265066783355829
Philippe Coutinho Correia,Barcelona,54,56,94.9,26.3,Blocked,Right Foot,Open Play,False,0.021350343,0,28.595454184188082,0.22458236577151125,0.034075938634394565,0.024225701518047173,0.024692725268597074,0.012725595634394564,0.0028753585180471726,0.003342382268597073
Jordi Alba Ramos,Barcelona,55,34,106.7,26.5,Blocked,Left Foot,Open Play,True,0.055739872,0,18.95098942008042,0.27447669669863745,0.08577919635487277,0.09913099038870567,0.08306180048112966,0.03003932435487277,0.043391118388705664,0.027321928481129652
Lionel Andrés Messi Cuccittini,Barcelona,57,21,100.0,57.4,Off T,Left Foot,Open Play,False,0.024773644,0,26.50962089506374,0.20926056547935784,0.04108328233181672,0.028392775427478593,0.025518367036324967,0.016309638331816718,0.003619131427478592,0.0007447230363249666
Philippe Coutinho Correia,Barcelona,60,36,100.0,27.6,Blocked,Right Foot,Open Play,True,0.02619064,0,23.532105728132365,0.2645768429964206,0.056156698528514626,0.06438626151239196,0.06467637485617891,0.029966058528514625,0.03819562151239196,0.03848573485617891
Lionel Andrés Messi Cuccittini,Barcelona,63,12,97.8,45.4,Goal,Left Foot,Free Kick,False,0.08320293,1,22.847319317591726,0.30925805432381775,0.06150513676156051,0.10831131388372552,0.10585321003661012,-0.021697793238439483,0.02510838388372552,0.022650280036610126
Lionel Andrés Messi Cuccittini,Barcelona,65,43,106.3,47.0,Post,Left Foot,Open Play,False,0.069850795,0,15.384732691860464,0.4221144941342968,0.1279552036455675,0.11083595332224717,0.11389897327422993,0.05810440864556751,0.04098515832224718,0.04404817827422994
Ivan Rakitić,Barcelona,68,33,88.5,41.2,Wayward,Right Foot,Open Play,False,0.015054672,0,31.522848856028226,0.23101574960538696,0.025903328859473627,0.017551605027879693,0.02067896437211035,0.010848656859473628,0.002496933027879693,0.005624292372110351
Luis Alberto Suárez Díaz,Barcelona,72,27,108.4,30.2,Saved,Left Foot,Open Play,True,0.26157838,0,15.185519418182569,0.372664175044329,0.12649233621922756,0.15526311312558638,0.14191122421853028,-0.13508604378077244,-0.10631526687441362,-0.11966715578146972
Adrián Marín Gómez,Deportivo Alavés,78,17,114.5,32.8,Off T,Right Foot,Open Play,True,0.14080831,0,9.060353193998568,0.5301168397295188,0.22654495043642262,0.31026529977000794,0.2975651200241077,0.08573664043642262,0.16945698977000795,0.15675681002410768
Philippe Coutinho Correia,Barcelona,81,31,113.2,31.4,Saved,Right Foot,Open Play,False,0.33453467,0,10.963576058932595,0.43611918702157776,0.18594082891995176,0.18200797680229402,0.18401516394326267,-0.14859384108004822,-0.15252669319770595,-0.1505195060567373
Philippe Coutinho Correia,Barcelona,82,41,105.3,33.4,Goal,Right Foot,Open Play,False,0.10534308,1,16.113658802394944,0.41195941554362864,0.11948523138133084,0.10796970226698602,0.1129368662136313,0.014142151381330834,0.0026266222669860118,0.007593786213631298
Lionel Andrés Messi Cuccittini,Barcelona,89,22,106.6,46.8,Saved,Left Foot,Open Play,False,0.09483012,0,15.026643005009472,0.4326219982583158,0.13272025724540115,0.11583695671728311,0.1194941518949072,0.03789013724540115,0.02100683671728311,0.024664031894907193
Lionel Andrés Messi Cuccittini,Barcelona,91,43,111.5,36.2,Goal,Left Foot,Open Play,False,0.42062446,1,9.310746479203479,0.7038581544394724,0.2427650806541583,0.24035285908791384,0.24812636948319533,-0.17785937934584167,-0.18027160091208613,-0.17249809051680465
Ousmane Dembélé,Barcelona,4,30,119.2,27.8,Off T,Right Foot,Open Play,False,0.018746857,0,12.226201372462338,0.04300558601128834,0.13466919262595112,0.12149434893039017,0.09882937122353011,0.11592233562595111,0.10274749193039018,0.0800825142235301
Enes Ünal,Real Valladolid,6,58,105.7,21.6,Saved,Left Foot,Open Play,True,0.01126114,0,23.303433223454434,0.19511640705230004,0.05492305528234671,0.05890389616234214,0.04638344071335482,0.04366191528234671,0.047642756162342134,0.035122300713354815
Rubén Alcaraz Jiménez,Real Valladolid,13,42,88.9,46.8,Saved,Right Foot,Open Play,False,0.025371064,0,31.834729463276418,0.22382544250464345,0.02502688022377639,0.016846877746956493,0.01968125146022995,-0.0003441837762236076,-0.008524186253043506,-0.005689812539770047
Ousmane Dembélé,Barcelona,14,20,92.0,28.6,Off T,Right Foot,Open Play,False,0.024100218,0,30.231771367222265,0.2237788487905312,0.029159191933980054,0.02016427433870773,0.021885865592896625,0.005058973933980054,-0.003935943661292268,-0.0022143524071033746
Ousmane Dembélé,Barcelona,21,28,98.8,35.4,Off T,Right Foot,Open Play,False,0.04912386,0,21.693316943243147,0.32721789270780566,0.06912665009291763,0.0562192104422226,0.058731098553263694,0.02000279009291763,0.007095350442222599,0.009607238553263696
Luis Alberto Suárez Díaz,Barcelona,32,2,112.7,31.2,Saved,Right Foot,Open Play,True,0.15582989,0,11.433722053644647,0.42734899631674295,0.17821612684477484,0.23927094111698397,0.21812178395930468,0.022386236844774837,0.08344105111698397,0.06229189395930468
Philippe Coutinho Correia,Barcelona,34,8,100.6,28.5,Saved,Right Foot,Open Play,True,0.05184672,0,22.552383466055208,0.2792667787548842,0.06203098386170706,0.07229406972396056,0.07231547769134655,0.010184263861707059,0.02044734972396056,0.020468757691346554
Luis Alberto Suárez Díaz,Barcelona,36,14,107.2,48.6,Blocked,Right Foot,Open Play,True,0.069061086,0,15.420765220960988,0.3955281504793439,0.12561799069246854,0.1625894421285806,0.15859362766492063,0.056556904692468546,0.0935283561285806,0.08953254166492064
Lionel Andrés Messi Cuccittini,Barcelona,42,28,94.9,38.6,Off T,Left Foot,Free Kick,False,0.06438187,0,25.139013504909055,0.28872511596734596,0.0491102003161862,0.0841480434579239,0.08411944353826893,-0.015271669683813792,0.019766173457923905,0.019737573538268938
Enes Ünal,Real Valladolid,46,52,105.8,21.3,Off T,Right Foot,Open Play,False,0.01063624,0,23.48041737278109,0.1908756437606848,0.0538864961823396,0.04149752745014416,0.03420399864418657,0.0432502561823396,0.03086128745014416,0.023567758644186573
Ousmane Dembélé,Barcelona,48,14,109.5,23.2,Saved,Right Foot,Open Play,False,0.01864248,0,19.81136037731887,0.2000348659670562,0.07586938447418082,0.06222429931987926,0.05085191505867313,0.057226904474180815,0.043581819319879256,0.03220943505867313
Ousmane Dembélé,Barcelona,56,29,111.9,49.0,Goal,Right Foot,Open Play,True,0.09232311,1,12.108261642366335,0.4187607833175387,0.16794422336407397,0.22426265874972087,0.20544849984104416,0.07562111336407397,0.13193954874972086,0.11312538984104416
Óscar Plano Pedreño,Real Valladolid,69,24,96.1,28.3,Off T,Right Foot,Open Play,False,0.025792476,0,26.610148440021906,0.24670107297850521,0.04167450250690459,0.03075927133096592,0.031071150078629286,0.015882026506904588,0.004966795330965917,0.005278674078629284
Sergio Gontán Gallardo,Real Valladolid,76,11,112.0,41.8,Saved,Head,Open Play,False,0.19717629,0,8.2,0.8273256721654616,0.27947264993501814,0.10695699814919564,0.11051740380656871,0.08229635993501813,-0.09021929185080436,-0.08665888619343129
Francisco José Olivas Alba,Real Valladolid,80,21,109.2,36.8,Saved,Head,Open Play,False,0.046542387,0,11.264102272262978,0.6084568542498409,0.19907253778714631,0.06557262441794279,0.07251174419948342,0.15253015078714632,0.01903023741794279,0.02596935719948342
Gerard Piqué Bernabéu,Barcelona,81,13,111.5,39.1,Blocked,Head,Open Play,False,0.07352478,0,8.54751425854324,0.8063625000207133,0.26992585928425583,0.10159897504148467,0.10654613606763289,0.19640107928425582,0.028074195041484673,0.03302135606763289
Malcom Filipe Silva de Oliveira,Barcelona,88,56,108.4,27.6,Saved,Left Foot,Open Play,False,0.1406415,0,16.979988221432894,0.29956146458851385,0.10372161305220319,0.08566194891984741,0.07855522680339241,-0.03691988694779681,-0.054979551080152594,-0.06208627319660759
Rubén Alcaraz Jiménez,Real Valladolid,89,59,91.8,50.2,Off T,Right Foot,Open Play,False,0.021421283,0,29.987997599039524,0.22892963683526416,0.029941951564890736,0.020810317518413522,0.022709232213416815,0.008520668564890737,-0.0006109654815864771,0.0012879492134168155
Samuele Longo,Huesca,2,1,113.8,35.6,Blocked,Head,Open Play,False,0.1526698,0,7.602631123499287,0.7963078258422006,0.28719549916941445,0.11104742529009333,0.11224641452262218,0.13452569916941445,-0.041622374709906665,-0.04042338547737781
Juan Camilo Hernández Suárez,Huesca,2,2,115.4,36.6,Goal,Right Foot,Open Play,True,0.4612487,1,5.720139858430031,1.0497882433875427,0.3642559892276689,0.5051808518384505,0.5554465508461364,-0.09699271077233113,0.043932151838450506,0.09419785084613636
Lionel Andrés Messi Cuccittini,Barcelona,15,11,110.2,50.8,Goal,Right Foot,Open Play,False,0.13622634,1,14.58355237930731,0.3455272210323879,0.1310982038129467,0.11996202044082205,0.11616146150656217,-0.005128136187053295,-0.016264319559177953,-0.020064878493437827
Ousmane Dembélé,Barcelona,18,0,110.4,23.9,Saved,Left Foot,Open Play,False,0.035666563,0,18.744865963777922,0.20500024558224145,0.0837820821274925,0.06604163458516411,0.053466517062583804,0.0481155191274925,0.030375071585164115,0.017799954062583806
Ivan Rakitić,Barcelona,18,25,89.8,48.6,Saved,Right Foot,Open Play,False,0.023244508,0,31.400636936215168,0.22349375470118968,0.026080632581813826,0.017683591317423204,0.020211176524855174,0.002836124581813825,-0.005560916682576796,-0.0030333314751448265
Juan Camilo Hernández Suárez,Huesca,19,57,103.2,58.6,Saved,Right Foot,Open Play,False,0.011664363,0,25.063918289046505,0.19741920703389082,0.04669281853033301,0.03505451976129127,0.030102652081659728,0.035028455530333014,0.023390156761291272,0.018438289081659728
Lionel Andrés Messi Cuccittini,Barcelona,20,47,111.5,34.6,Saved,Head,Open Play,False,0.098762296,0,10.070253224224304,0.6153616947844573,0.21916616897724417,0.07484523680584088,0.08047266149030503,0.12040387297724417,-0.023917059194159124,-0.018289634509694966
Lionel Andrés Messi Cuccittini,Barcelona,22,31,95.0,35.6,Blocked,Left Foot,Open Play,False,0.03473062,0,25.38424708357528,0.2822871339374892,0.04780577470467528,0.03413555952782133,0.03554914014067918,0.013075154704675282,-0.0005950604721786656,0.0008185201406791798
Philippe Coutinho Correia,Barcelona,23,34,96.4,39.7,Blocked,Right Foot,Open Play,False,0.03933879,0,23.60190670263739,0.307670326241462,0.057315535384119,0.04499358248156997,0.04769957172880113,0.017976745384119003,0.00565479248156997,0.008360781728801128
Sergi Roberto Carnicer,Barcelona,27,52,116.9,51.9,Saved,Right Foot,Open Play,True,0.031235635,0,12.297154142320894,0.16318031317859588,0.14334512476335512,0.18573620410734012,0.1168844649227535,0.11210948976335512,0.1545005691073401,0.08564882992275351
Ousmane Dembélé,Barcelona,28,17,103.2,52.2,Post,Left Foot,Open Play,False,0.04735031,0,20.7624661348309,0.28633269319554533,0.07337336190025778,0.05672437753499984,0.05311100441238871,0.026023051900257783,0.009374067534999843,0.00576069441238871
Gonzalo Julián Melero Manzanares,Huesca,31,31,101.6,36.4,Saved,Right Foot,Open Play,False,0.066464424,0,18.748866632412753,0.37907331540657685,0.09301854520002703,0.08013740902972133,0.08482990967544478,0.026554121200027037,0.013672985029721335,0.018365485675444784
Lionel Andrés Messi Cuccittini,Barcelona,34,46,88.6,47.1,Off T,Left Foot,Free Kick,False,0.029354997,0,32.192701036104445,0.2210155283068589,0.02414114100896183,0.03731452083415338,0.041034042421458576,-0.0052138559910381715,0.007959523834153381,0.011679045421458575
Gerard Piqué Bernabéu,Barcelona,38,2,117.4,34.1,Blocked,Head,Open Play,False,0.15498605,0,6.447480127925944,0.5940977810771483,0.2830174895484016,0.10731247650164491,0.10891127569686092,0.12803143954840163,-0.047673573498355076,-0.04607477430313907
Gerard Piqué Bernabéu,Barcelona,38,6,117.3,32.5,Saved,Right Foot,Open Play,False,0.2155108,0,7.971198153351854,0.3754459551920708,0.22732882165538718,0.2293475310337941,0.23269241862291776,0.011818021655387173,0.013836731033794097,0.017181618622917755
Luis Alberto Suárez Díaz,Barcelona,38,50,114.0,35.0,Goal,Right Foot,Open Play,True,0.45260957,1,7.810249675906654,0.745163955976502,0.2762359507022309,0.38347758243035973,0.4113703026493847,-0.17637361929776912,-0.06913198756964029,-0.04123926735061534
Alejandro Gallar Falguera,Huesca,41,51,115.8,42.5,Goal,Left Foot,Open Play,True,0.5413826,1,4.887739763939978,1.2418500832485226,0.41377998394149373,0.5536078809306839,0.6035768691052705,-0.1276026160585063,0.012225280930683868,0.06219426910527048
Philippe Coutinho Correia,Barcelona,43,44,112.8,27.9,Saved,Right Foot,Open Play,False,0.10987921,0,14.080127840328725,0.27774170118883146,0.1316134456303229,0.1200045269460901,0.11002181977878243,0.021734235630322896,0.01012531694609009,0.0001426097787824293
Philippe Coutinho Correia,Barcelona,44,22,93.3,42.5,Off T,Right Foot,Open Play,False,0.032995112,0,26.81678578800972,0.2701625292749573,0.041485693857460225,0.03064496235382261,0.03312006479115871,0.008490581857460225,-0.0023501496461773887,0.00012495279115871255
Lionel Andrés Messi Cuccittini,Barcelona,46,11,117.6,49.4,Saved to Post,Left Foot,Open Play,False,0.06906999,0,9.701546268507922,0.2142879912108358,0.18248475590024002,0.16687195854972936,0.15782404600639102,0.11341476590024002,0.09780196854972936,0.08875405600639102
Luis Carlos Correia Pinto,Huesca,47,11,90.9,30.6,Off T,Left Foot,Open Play,False,0.023184594,0,30.580549373744084,0.2271025058374948,0.028267259687738956,0.01828971879318899,0.020013682976082935,0.005082665687738956,-0.004894875206811009,-0.0031709110239170647
Ousmane Dembélé,Barcelona,47,42,108.9,29.3,Goal,Left Foot,Open Play,True,0.1321927,1,15.417522498767429,0.3475370643019315,0.12220772760045928,0.1491112156625875,0.13101750334934134,-0.009984972399540715,0.016918515662587508,-0.0011751966506586553
Luis Alberto Suárez Díaz,Barcelona,50,15,112.3,28.0,Saved,Right Foot,Open Play,False,0.2068451,0,14.257980221616245,0.2885346099517267,0.13044141661439662,0.11882389911795672,0.10976719831016062,-0.07640368338560338,-0.08802120088204328,-0.09707790168983939
Ivan Rakitić,Barcelona,51,11,108.3,55.4,Goal,Right Foot,Open Play,True,0.04555216,1,19.340372281835737,0.23314982648838203,0.08078089233453072,0.09763296279647804,0.07606068455310339,0.035228732334530714,0.05208080279647804,0.030508524553103385
Sergi Roberto Carnicer,Barcelona,53,34,110.7,44.9,Off T,Left Foot,Open Play,True,0.19316751,0,10.511898020814316,0.6114369459380751,0.21141606833845553,0.27714911546572696,0.2969190955942949,0.01824855833845554,0.08398160546572697,0.10375158559429493
Philippe Coutinho Correia,Barcelona,56,27,106.9,35.2,Saved,Right Foot,Open Play,False,0.42463356,0,13.951702405083036,0.4866138618085036,0.1498132066278114,0.14164465327053247,0.15190641394506746,-0.27482035337218863,-0.2829889067294675,-0.27272714605493253
Philippe Coutinho Correia,Barcelona,59,2,96.6,33.2,Blocked,Right Foot,Open Play,False,0.037576083,0,24.368011818775866,0.28697223882096984,0.05270359070492872,0.04069197006084458,0.042203878924058066,0.015127507704928718,0.003115887060844577,0.004627795924058063
Gerard Piqué Bernabéu,Barcelona,59,42,113.9,37.5,Off T,Head,Open Play,False,0.2401919,0,6.592419889539799,0.9782122527839378,0.3340873966954882,0.1404736088634298,0.131632625528709,0.09389549669548819,-0.09971829113657021,-0.10855927447129102
Lionel Andrés Messi Cuccittini,Barcelona,60,40,103.4,35.2,Goal,Left Foot,Open Play,False,0.2742397,1,17.28004629623427,0.40276164519486113,0.10738760374308517,0.08987908449264992,0.09359990661532788,-0.1668520962569148,-0.18436061550735006,-0.1806397933846721
Ivan Rakitić,Barcelona,63,46,91.4,41.6,Off T,Right Foot,Open Play,False,0.03064228,0,28.64472028140613,0.25378731395835846,0.03455587838543336,0.024678473955890866,0.02739327884361247,0.003913598385433356,-0.005963806044109135,-0.0032490011563875293
Luis Ezequiel Ávila,Huesca,72,26,92.5,58.3,Off T,Right Foot,Open Play,False,0.008128383,0,33.032408328791284,0.18465132684080127,0.021758725963393368,0.014252507169503695,0.01543583959318895,0.013630342963393369,0.006124124169503696,0.00730745659318895
Lionel Andrés Messi Cuccittini,Barcelona,77,23,96.5,49.4,Off T,Left Foot,Free Kick,False,0.062529676,0,25.31027459353217,0.26767837363553065,0.04769618016206562,0.08131725029282653,0.07792545426125055,-0.014833495837934384,0.018787574292826528,0.015395778261250548
Jordi Alba Ramos,Barcelona,80,50,111.8,31.3,Goal,Left Foot,Open Play,True,0.34831178,1,11.9553335377981,0.43392708038945244,0.17146906883112545,0.21871471516619134,0.20055356566580612,-0.17684271116887457,-0.12959706483380867,-0.1477582143341939
Arturo Erasmo Vidal Pardo,Barcelona,86,12,101.0,47.2,Off T,Right Foot,Open Play,False,0.046713583,0,20.318464508914055,0.3350557542249995,0.07869164819004774,0.06556321027272528,0.06720014189126451,0.03197806519004774,0.01884962727272528,0.02048655889126451
Arturo Erasmo Vidal Pardo,Barcelona,89,2,109.4,28.0,Wayward,Right Foot,Open Play,True,0.03485745,0,16.011246047700343,0.30911813653437553,0.11351998271688028,0.14438014749863712,0.12178296160538109,0.07866253271688028,0.10952269749863712,0.08692551160538109
Luis Alberto Suárez Díaz,Barcelona,89,3,112.2,48.5,Off T,Head,Open Play,False,0.14165547,0,11.536463929644992,0.4450909463921748,0.17845973340503918,0.055958195881121525,0.057845035818334396,0.03680426340503917,-0.08569727411887848,-0.08381043418166562
Luis Alberto Suárez Díaz,Barcelona,92,5,108.1,40.1,Goal,Right Foot,Penalty,False,0.7835,1,11.900420160649796,0.5967253993229291,0.18812789972984928,0.7873425652490889,0.7915535452523359,-0.5953721002701506,0.0038425652490888806,0.008053545252335925
Aritz Elustondo Irribaria,Real Sociedad,11,54,107.5,29.7,Goal,Left Foot,Open Play,True,0.05368826,1,16.196913286178944,0.352224939103616,0.11456141002884736,0.13863213906072872,0.12591527688769893,0.060873150028847356,0.08494387906072871,0.07222701688769893
Juan Miguel Jiménez López,Real Sociedad,16,26,99.4,50.9,Wayward,Right Foot,Open Play,True,0.048043124,0,23.306007809146546,0.2773009572907068,0.05779929340693705,0.06662394119889681,0.06878503983614621,0.009756169406937049,0.018580817198896808,0.020741915836146214
Gerard Piqué Bernabéu,Barcelona,35,5,112.8,46.7,Off T,Head,Open Play,False,0.05900116,0,9.835141076771603,0.5639314789500711,0.21729539118570648,0.0737124585324597,0.07792849697447499,0.15829423118570649,0.014711298532459699,0.01892733697447499
Gerard Piqué Bernabéu,Barcelona,40,51,113.1,35.4,Saved,Right Foot,Open Play,False,0.14770305,0,8.29276793356718,0.7394700600885245,0.266146152333832,0.2805000708434592,0.2859600300657228,0.11844310233383198,0.13279702084345918,0.1382569800657228
Ivan Rakitić,Barcelona,41,57,112.4,38.0,Off T,Head,Open Play,False,0.100465104,0,7.8587530817553946,0.8551679219374911,0.29003282586892115,0.11307071661375069,0.1149412362291354,0.18956772186892115,0.012605612613750691,0.014476132229135394
Mikel Oyarzabal Ugarte,Real Sociedad,53,2,105.4,34.7,Saved,Left Foot,Open Play,True,0.059299536,0,15.532224567009061,0.43857131375690145,0.1275570439434906,0.15736293194387033,0.1640535081421381,0.0682575079434906,0.09806339594387033,0.1047539721421381
Ousmane Dembélé,Barcelona,57,0,111.0,31.5,Wayward,Head,Open Play,False,0.045366954,0,12.379418403139947,0.4402298353031908,0.16622156278950664,0.05088390623444034,0.05279900342143961,0.12085460878950664,0.005516952234440341,0.0074320494214396085
Mikel Oyarzabal Ugarte,Real Sociedad,58,32,109.0,53.1,Off T,Right Foot,Open Play,False,0.12567112,0,17.1058469536004,0.2807629485147398,0.10144185265923548,0.08821853735099872,0.08047481096858745,-0.024229267340764513,-0.03745258264900128,-0.04519630903141254
Lionel Andrés Messi Cuccittini,Barcelona,59,29,97.8,43.6,Saved,Left Foot,Open Play,False,0.029981874,0,22.48999777678958,0.31876687801508063,0.06393309729630169,0.048281384361866284,0.04985403819290468,0.03395122329630169,0.018299510361866285,0.019872164192904683
Theo Bernard François Hernández,Real Sociedad,59,52,112.1,25.9,Saved,Left Foot,Open Play,False,0.066337906,0,16.16230181626368,0.22924076033903257,0.10689071217274881,0.08837694302077187,0.07480075247497685,0.04055280617274881,0.022039037020771868,0.008462846474976846
Juan Miguel Jiménez López,Real Sociedad,61,4,107.6,34.0,Saved,Right Foot,Open Play,False,0.39678013,0,13.775340286178055,0.47530804400520893,0.15106680548031826,0.14294139643803083,0.1516144854658251,-0.24571332451968175,-0.2538387335619692,-0.24516564453417491
Gerard Piqué Bernabéu,Barcelona,62,11,115.9,45.7,Saved,Head,Open Play,False,0.09323727,0,7.021395872616782,0.6962431190166603,0.2853152522824275,0.10929192324790724,0.10989919090913743,0.1920779822824275,0.01605465324790724,0.01666192090913743
Luis Alberto Suárez Díaz,Barcelona,62,13,115.8,41.8,Goal,Right Foot,Open Play,True,0.57561266,1,4.569463863518346,1.331998770963254,0.43596403975596804,0.5962891762580262,0.6492805724213591,-0.13964862024403196,0.020676516258026245,0.07366791242135906
Philippe Coutinho Correia,Barcelona,64,38,98.1,28.9,Saved,Right Foot,Open Play,False,0.04333229,0,24.552392958732156,0.265550615539561,0.05111723375813924,0.03919199193854208,0.03894313402379727,0.0077849437581392344,-0.004140298061457923,-0.0043891559762027355
Ousmane Dembélé,Barcelona,65,8,104.8,39.4,Goal,Left Foot,Open Play,True,0.07921858,1,15.211837495845138,0.4719131339524109,0.1336242296692122,0.16613447070083817,0.18104847242241373,0.0544056496692122,0.08691589070083817,0.10182989242241373
Luis Alberto Suárez Díaz,Barcelona,70,18,112.4,49.3,Off T,Left Foot,Open Play,True,0.08263005,0,12.010412149464308,0.4019928496690034,0.16773501483980016,0.2130937836810926,0.18740463661553652,0.08510496483980017,0.1304637336810926,0.10477458661553653
Lionel Andrés Messi Cuccittini,Barcelona,78,37,97.6,47.7,Off T,Left Foot,Open Play,False,0.038261805,0,23.68649404196409,0.2909067017789221,0.056277642517198335,0.04143061429691309,0.041771207864426695,0.018015837517198333,0.003168809296913086,0.0035094028644266917
Juan Miguel Jiménez López,Real Sociedad,85,42,109.6,39.7,Off T,Head,Open Play,False,0.1446939,0,10.404326023342412,0.6763105674291481,0.2204628491252124,0.07576352984376748,0.08355559676734318,0.07576894912521243,-0.0689303701562325,-0.0611383032326568
Luis Alberto Suárez Díaz,Barcelona,91,44,106.6,41.4,Blocked,Right Foot,Open Play,False,0.10335443,0,13.472935834479438,0.5281429367947678,0.15953598238238606,0.1529054243202389,0.16688922024283145,0.05618155238238606,0.049550994320238906,0.06353479024283146
Mikel Merino Zazón,Real Sociedad,92,24,87.5,44.7,Blocked,Left Foot,Open Play,False,0.019898059,0,32.838087642248595,0.21978334562392415,0.02267699173379719,0.014104052570326753,0.01679944929212302,0.002778932733797191,-0.005794006429673246,-0.003098609707876978
Bernardo José Espinosa Zúñiga,Girona,4,45,110.7,33.4,Saved,Head,Open Play,False,0.04248853,0,11.403946685248926,0.5282509580615691,0.18864451792592965,0.06063427874583957,0.065018333095212,0.14615598792592965,0.018145748745839574,0.022529803095212006
Sergio Busquets i Burgos,Barcelona,8,28,110.6,31.8,Off T,Right Foot,Open Play,True,0.0820779,0,12.473972903610145,0.4506580175346815,0.1658931815594798,0.22167956954786605,0.21413916906461433,0.0838152815594798,0.13960166954786607,0.13206126906461435
Lionel Andrés Messi Cuccittini,Barcelona,11,14,105.2,32.2,Saved,Left Foot,Open Play,False,0.20269015,0,16.729614460590533,0.386129733847038,0.11157429996402675,0.09395855437632279,0.09504308546223855,-0.09111585003597326,-0.10873159562367722,-0.10764706453776146
Lionel Andrés Messi Cuccittini,Barcelona,18,20,105.4,41.7,Goal,Left Foot,Open Play,True,0.2065906,1,14.698639392814556,0.48529595576064977,0.1406209791070934,0.17604808285935605,0.19174515665101055,-0.06596962089290662,-0.03054251714064396,-0.014845443348989462
Luis Alberto Suárez Díaz,Barcelona,20,42,106.1,25.6,Saved,Right Foot,Open Play,False,0.069064945,0,20.014244927051337,0.25698551004155323,0.07712503256381628,0.06368778027957547,0.0571809062446519,0.008060087563816279,-0.005377164720424529,-0.011884038755348103
Marc Muniesa Martínez,Girona,26,2,100.9,21.7,Off T,Left Foot,Open Play,False,0.010763071,0,26.45184303597766,0.20096720723999179,0.041090319800831256,0.028382111351671402,0.02493188753933727,0.030327248800831257,0.017619040351671403,0.014168816539337268
Ousmane Dembélé,Barcelona,27,52,97.6,29.9,Saved,Right Foot,Open Play,False,0.036971256,0,24.571731725704648,0.27090771200792507,0.05119718077254389,0.039278866411526246,0.0395277951930689,0.014225924772543891,0.0023076104115262452,0.0025565391930688977
Cristian Portugués Manzanera,Girona,28,13,114.0,51.8,Blocked,Right Foot,Open Play,False,0.11886153,0,13.237824594698328,0.26498994787845176,0.14031817950559888,0.12933119889571285,0.11843904781063608,0.021456649505598877,0.010469668895712839,-0.0004224821893639291
Francesc Aday Benítez Caraballo,Girona,36,18,87.4,45.2,Saved,Right Foot,Free Kick,False,0.028683474,0,33.012118986820575,0.2181651733082285,0.022278727670576207,0.036126000351945485,0.04169550102036592,-0.006404746329423793,0.0074425263519454846,0.01301202702036592
Lionel Andrés Messi Cuccittini,Barcelona,39,34,92.6,27.1,Saved,Left Foot,Free Kick,False,0.031941224,0,30.284814676665935,0.21838344267714607,0.02891205271674546,0.045889091316950355,0.04593911514579451,-0.0030291712832545385,0.013947867316950358,0.013997891145794514
Luis Alberto Suárez Díaz,Barcelona,41,23,100.5,30.8,Blocked,Right Foot,Open Play,False,0.04499091,0,21.561307938063496,0.3062067627085348,0.06906516826485762,0.056080272058811706,0.056199432683998816,0.024074258264857616,0.011089362058811704,0.011208522683998814
Cristhian Ricardo Stuani Curbelo,Girona,44,29,113.3,46.6,Goal,Right Foot,Open Play,False,0.3684687,1,9.404786015641188,0.5787939266561011,0.22627015856329735,0.23068429944169463,0.23809508309165112,-0.14219854143670263,-0.13778440055830535,-0.13037361690834887
Arthur Henrique Ramos de Oliveira Melo,Barcelona,47,8,107.7,36.5,Saved,Head,Open Play,False,0.062174533,0,12.788275880665068,0.5401714668127042,0.16985844874210082,0.05272582379016613,0.058523881047128565,0.10768391574210082,-0.009448709209833865,-0.0036506519528714323
Luis Alberto Suárez Díaz,Barcelona,48,44,104.7,36.8,Blocked,Left Foot,Open Play,False,0.07070966,0,15.631058825300348,0.4515505761272451,0.12743425122384539,0.11050707696480176,0.11726213469916824,0.05672459122384539,0.03979741696480177,0.04655247469916825
Cristian Portugués Manzanera,Girona,50,16,110.9,30.1,Saved,Right Foot,Open Play,False,0.41140586,0,13.44693273575799,0.37866291305555333,0.14704371775949332,0.13764517242911223,0.1361995270603247,-0.2643621422405067,-0.2737606875708878,-0.27520633293967534
Cristhian Ricardo Stuani Curbelo,Girona,50,17,102.9,31.2,Goal,Right Foot,Open Play,True,0.08853115,1,19.23148460207895,0.3377065365395213,0.08690888018519247,0.10685708490037794,0.1072412712167048,-0.0016222698148075365,0.01832593490037794,0.018710121216704803
Luis Alberto Suárez Díaz,Barcelona,57,22,93.2,33.2,Blocked,Right Foot,Open Play,False,0.03641452,0,27.64923145405673,0.2554827158253654,0.038003718404409303,0.02760796022922896,0.029603981744041004,0.0015891984044093047,-0.00880655977077104,-0.006810538255958995
Lionel Andrés Messi Cuccittini,Barcelona,59,35,91.9,40.3,Post,Left Foot,Free Kick,False,0.046135064,0,28.10160137785745,0.25901122692747264,0.03649761984054385,0.06003895142324603,0.06187127809980368,-0.009637444159456152,0.013903887423246025,0.015736214099803678
Lionel Andrés Messi Cuccittini,Barcelona,61,42,97.6,57.2,Saved Off Target,Left Foot,Free Kick,False,0.030201381,0,28.241812972966173,0.20611888501879586,0.0348226486480334,0.056709170312228295,0.0508833524736834,0.004621267648033403,0.026507789312228296,0.0206819714736834
Luis Alberto Suárez Díaz,Barcelona,62,8,117.5,46.6,Saved,Right Foot,Open Play,True,0.18830797,0,7.057619995437556,0.46568428394192474,0.25459538226811823,0.348797605895126,0.3068886130198076,0.06628741226811824,0.160489635895126,0.11858064301980759
Gerard Piqué Bernabéu,Barcelona,62,10,113.8,39.5,Goal,Head,Open Play,False,0.1163927,1,6.220128616033597,1.0623339013747206,0.354882707303936,0.15473554303435108,0.13887062873607917,0.238490007303936,0.03834284303435108,0.022477928736079164
Philippe Coutinho Correia,Barcelona,66,6,99.8,27.1,Blocked,Right Foot,Open Play,False,0.028768575,0,23.967686580060246,0.25768724433975854,0.053704455132583935,0.041522304400367485,0.03993019772160383,0.024935880132583934,0.012753729400367484,0.011161622721603832
Lionel Andrés Messi Cuccittini,Barcelona,68,54,93.8,38.8,Saved,Left Foot,Free Kick,False,0.061037187,0,26.227466518899615,0.2770301489517895,0.044034918891328934,0.07436412011212866,0.074963973630227,-0.017002268108671066,0.01332693311212866,0.013926786630226999
Philippe Coutinho Correia,Barcelona,72,57,103.1,22.4,Blocked,Right Foot,Open Play,False,0.023078715,0,24.40020491717232,0.20944858936857658,0.0500519772417129,0.038081946346060436,0.03319561984931117,0.026973262241712898,0.015003231346060436,0.010116904849311173
Luis Alberto Suárez Díaz,Barcelona,79,10,97.2,28.5,Blocked,Right Foot,Open Play,False,0.031279072,0,25.536052944807267,0.25559290984240196,0.046346633113835085,0.03488824214418177,0.034840835705168834,0.015067561113835087,0.0036091701441817725,0.0035617637051688356
Samuel Yves Umtiti,Barcelona,79,44,109.7,37.1,Blocked,Left Foot,Open Play,False,0.066234566,0,10.700467279516346,0.6407589896844137,0.211567517067245,0.2037986616157947,0.21566225771063222,0.145332951067245,0.13756409561579472,0.14942769171063222
Philippe Coutinho Correia,Barcelona,82,50,95.7,24.7,Saved,Right Foot,Open Play,False,0.02217046,0,28.715501040378868,0.21586283450870883,0.03350360279328472,0.023732699891947918,0.023696242306551166,0.011333142793284724,0.0015622398919479183,0.0015257823065511662
Philippe Coutinho Correia,Barcelona,87,26,95.3,33.0,Off T,Right Foot,Open Play,False,0.045253836,0,25.672748197261626,0.27302244390500535,0.046263975880416155,0.03485687257607697,0.03646263095997458,0.0010101398804161568,-0.01039696342392303,-0.008791205040025417
Ousmane Dembélé,Barcelona,6,1,100.0,19.0,Off T,Right Foot,Open Play,False,0.011040762,0,29.0,0.17508484056724102,0.031772346027318044,0.022231666533158445,0.019904850554550966,0.02073158402731804,0.011190904533158444,0.008864088554550965
Youssef En-Nesyri,Leganés,7,0,107.1,38.1,Wayward,Head,Open Play,False,0.064639665,0,13.039171752837683,0.5425451415234775,0.16663717309032486,0.051409597162926424,0.05749862215874961,0.10199750809032486,-0.013230067837073575,-0.007141042841250389
Philippe Coutinho Correia,Barcelona,11,8,98.1,38.5,Goal,Right Foot,Open Play,False,0.061166596,1,21.951309755912067,0.3297082266519729,0.06762100093872314,0.05478390895568021,0.05788841525142491,0.006454404938723145,-0.006382687044319789,-0.0032781807485750894
Lionel Andrés Messi Cuccittini,Barcelona,16,10,95.8,42.0,Post,Left Foot,Open Play,False,0.05264626,0,24.282503989498284,0.2982421433753196,0.053499654047662874,0.03904003852786421,0.040708054268434296,0.000853394047662874,-0.01360622147213579,-0.011938205731565704
Lionel Andrés Messi Cuccittini,Barcelona,17,34,100.4,41.6,Saved,Left Foot,Open Play,True,0.08441909,0,19.665197685250963,0.36690707511236165,0.08508557941096548,0.09879925504425531,0.10684378403819893,0.0006664894109654762,0.014380165044255308,0.022424694038198925
Sergio Busquets i Burgos,Barcelona,22,36,89.6,29.2,Off T,Right Foot,Open Play,False,0.02089551,0,32.261432082286746,0.21329771863639638,0.023863792215083245,0.015918456723177002,0.018330700788192912,0.0029682822150832455,-0.004977053276822997,-0.002564809211807087
Juan Francisco Moreno Fuertes,Leganés,24,41,97.0,59.1,Saved,Left Foot,Open Play,False,0.008897018,0,29.896655331324272,0.1889470190427717,0.029438213661029534,0.019134100663193546,0.01808992097610148,0.020541195661029535,0.010237082663193547,0.00919290297610148
Juan Francisco Moreno Fuertes,Leganés,32,10,101.1,58.1,Blocked,Right Foot,Open Play,False,0.017028803,0,26.16906570743404,0.20320747391495228,0.04225619390532956,0.03117184610266189,0.02783118552595169,0.02522739090532956,0.01414304310266189,0.010802382525951691
Youssef En-Nesyri,Leganés,37,46,108.0,32.9,Saved,Head,Open Play,False,0.113833904,0,13.943098651304165,0.45179048530733446,0.14700961987397826,0.04331726863254751,0.04618971109986376,0.03317571587397826,-0.07051663536745248,-0.06764419290013624
Óscar Rodríguez Arnaiz,Leganés,44,20,100.8,20.8,Saved,Right Foot,Open Play,False,0.010002077,0,27.152900397563428,0.19176673861110755,0.03824248884961928,0.027689187979452693,0.02461653705423151,0.028240411849619285,0.01768711097945269,0.01461446005423151
Nabil El Zhar,Leganés,51,45,113.7,45.2,Goal,Head,Open Play,False,0.19231838,1,8.168843247363728,0.7129423086642362,0.2650935847512484,0.09840817138032856,0.10178405352773047,0.07277520475124838,-0.09391020861967145,-0.09053432647226954
Óscar Rodríguez Arnaiz,Leganés,52,54,104.6,37.0,Goal,Right Foot,Open Play,True,0.48887327,1,15.689486925964156,0.4510096064752598,0.1267592789961195,0.16478626305963545,0.17933879119302334,-0.36211399100388053,-0.3240870069403646,-0.3095344788069767
Ivan Rakitić,Barcelona,62,44,91.8,26.1,Saved,Right Foot,Open Play,False,0.016303219,0,31.43962467969362,0.20862472456849307,0.025736075534215495,0.0173909493765078,0.01897035123505441,0.009432856534215495,0.0010877303765077992,0.002667132235054409
Youssef En-Nesyri,Leganés,65,28,105.5,39.9,Blocked,Right Foot,Open Play,True,0.097248055,0,14.500344823486095,0.49447713011382455,0.14373149511140124,0.18992032213874993,0.2108204738469489,0.046483440111401236,0.09267226713874993,0.11357241884694891
Philippe Coutinho Correia,Barcelona,79,26,104.9,32.0,Saved,Right Foot,Open Play,False,0.06250472,0,17.08830009099793,0.37767589207343927,0.10759908991441669,0.0951848364377722,0.09745413508885177,0.04509436991441669,0.0326801164377722,0.03494941508885177
Ivan Rakitić,Barcelona,79,28,112.1,48.1,Saved,Right Foot,Open Play,True,0.1937795,0,11.314592347937248,0.46724105702478796,0.18385766122963956,0.24797322490022264,0.236620406070177,-0.00992183877036043,0.054193724900222645,0.042840906070177015
Sergi Roberto Carnicer,Barcelona,85,56,106.1,54.1,Off T,Right Foot,Open Play,True,0.04932158,0,19.799494943053478,0.2625284016049922,0.07890241861287223,0.09521913481310607,0.08111263451266561,0.02958083861287223,0.04589755481310607,0.03179105451266561
Youssef En-Nesyri,Leganés,91,13,102.1,27.1,Saved,Left Foot,Open Play,False,0.07807029,0,22.063997824510412,0.2700077411718275,0.06450451393617504,0.04863129437289832,0.04523236005043312,-0.01356577606382496,-0.02943899562710168,-0.03283792994956688
Nélson Cabral Semedo,Barcelona,2,54,90.8,50.2,Off T,Right Foot,Open Play,False,0.01869472,0,30.93024409861649,0.22283254206914616,0.0272659542600839,0.018631710807700205,0.020792656901076685,0.0085712342600839,-6.30091922997969e-05,0.0020979369010766837
Luis Alberto Suárez Díaz,Barcelona,6,37,88.7,28.5,Off T,Right Foot,Free Kick,False,0.02037974,0,33.34576434871451,0.2056157402491365,0.021402987109626074,0.03446799683027023,0.03876316066207351,0.0010232471096260735,0.014088256830270228,0.01838342066207351
Iñaki Williams Arthuer,Athletic Club,11,48,96.4,36.5,Off T,Right Foot,Open Play,True,0.086565,0,23.858122306669475,0.30134337906642084,0.0557531374675263,0.06400957370214089,0.07327100623193361,-0.030811862532473706,-0.022555426297859116,-0.013293993768066392
Raúl García Escudero,Athletic Club,12,49,90.5,32.5,Saved,Left Foot,Open Play,False,0.024788521,0,30.438462510448847,0.23222345044060452,0.028746676123551907,0.0186623985841209,0.020620106468487116,0.003958155123551906,-0.0061261224158791,-0.0041684145315128845
Yuri Berchiche Izeta,Athletic Club,14,52,99.7,41.2,Off T,Right Foot,Open Play,True,0.07149287,0,20.335437049643165,0.35558021318907934,0.07955932652737574,0.0967089960783842,0.10676177251843173,0.00806645652737574,0.025216126078384193,0.03526890251843173
Luis Alberto Suárez Díaz,Barcelona,24,58,110.1,41.7,Saved,Left Foot,Open Play,True,0.4847557,0,10.044899203078154,0.6916797971541374,0.22836211747276874,0.3020269858315313,0.3410187038482329,-0.25639358252723127,-0.1827287141684687,-0.1437369961517671
Mikel Balenziaga Oruesagasti,Athletic Club,27,58,92.7,34.9,Blocked,Left Foot,Open Play,True,0.017790353,0,27.772288346479478,0.2578017866388771,0.03762073315528236,0.038090369012468886,0.04705296274082992,0.01983038015528236,0.020300016012468888,0.029262609740829924
Ivan Rakitić,Barcelona,33,27,96.7,29.7,Off T,Right Foot,Open Play,False,0.04027288,0,25.47508586835381,0.26216879763771694,0.04680505235873293,0.03531185997813208,0.03575998209017467,0.006532172358732935,-0.004961020021867914,-0.004512897909825328
Luis Alberto Suárez Díaz,Barcelona,37,28,114.4,52.8,Saved,Right Foot,Open Play,False,0.06298852,0,13.97139935725838,0.22176469139132163,0.1286300628968235,0.11638325598260658,0.10211856157715621,0.06564154289682349,0.05339473598260658,0.0391300415771562
Philippe Coutinho Correia,Barcelona,38,0,103.0,26.7,Off T,Left Foot,Open Play,False,0.04859573,0,21.584485168750263,0.26837451144457874,0.06733120028037734,0.05116311868718192,0.047031282728422365,0.018735470280377343,0.0025673886871819263,-0.001564447271577632
Óscar de Marcos Arana,Athletic Club,40,7,115.0,48.2,Goal,Right Foot,Open Play,True,0.13088901,1,9.604165762834379,0.43460418058598554,0.20679113405674918,0.28059590889788627,0.24877036769995084,0.07590212405674918,0.14970689889788627,0.11788135769995084
Philippe Coutinho Correia,Barcelona,42,56,111.0,42.1,Saved,Head,Open Play,False,0.1898322,0,9.241753080449618,0.7409412594815418,0.24856192732221627,0.08996663566555342,0.09651872052457731,0.05872972732221626,-0.09986556433444659,-0.09331347947542269
Philippe Coutinho Correia,Barcelona,45,58,103.8,35.7,Saved,Right Foot,Open Play,True,0.053701807,0,16.760966559241147,0.4172245192157864,0.11331966215507493,0.14505248237717513,0.15537578847850853,0.05961785515507493,0.09135067537717514,0.10167398147850853
Ousmane Dembélé,Barcelona,53,42,98.2,58.3,Saved,Left Foot,Open Play,False,0.010899423,0,28.462782717085126,0.19767205789460462,0.0339185726997849,0.022626086708493875,0.0208865599231399,0.0230191496997849,0.011726663708493875,0.0099871369231399
Philippe Coutinho Correia,Barcelona,61,47,111.4,30.2,Post,Right Foot,Open Play,True,0.12731715,0,13.038404810405295,0.38221300503807304,0.15243967116578755,0.2013175358224674,0.17907486586659685,0.02512252116578756,0.0740003858224674,0.05175771586659686
Luis Alberto Suárez Díaz,Barcelona,61,49,115.6,40.8,Wayward,Left Foot,Open Play,True,0.81748074,0,4.472135954999585,1.3685452894991401,0.44426912794424656,0.5913416613418864,0.641148781703953,-0.3732116120557535,-0.22613907865811367,-0.1763319582960471
Raúl García Escudero,Athletic Club,63,22,86.5,64.9,Off T,Right Foot,Open Play,False,0.008151521,0,41.74038811510981,0.14089890723162277,0.009120231196823573,0.005125553247520092,0.007859566690889818,0.0009687101968235724,-0.0030259677524799083,-0.0002919543091101824
Ivan Rakitić,Barcelona,68,12,96.2,30.6,Blocked,Right Foot,Open Play,False,0.030324083,0,25.589060162499127,0.2652178584000785,0.046398347531582784,0.03495746499778027,0.03578806783314173,0.016074264531582783,0.004633381997780267,0.005463984833141727
Lionel Andrés Messi Cuccittini,Barcelona,71,22,94.6,47.4,Blocked,Left Foot,Free Kick,False,0.061186552,0,26.456001209555467,0.2644806585406572,0.04276068897730843,0.07187773629977622,0.07083012108283221,-0.01842586302269157,0.010691184299776217,0.009643569082832211
Ousmane Dembélé,Barcelona,72,11,107.5,49.2,Blocked,Left Foot,Open Play,True,0.086023055,0,15.520631430454111,0.3824081190445264,0.12360404117786207,0.15135854219227018,0.1423963229748439,0.03758098617786207,0.06533548719227018,0.05637326797484389
Lionel Andrés Messi Cuccittini,Barcelona,72,13,105.9,51.8,Blocked,Left Foot,Open Play,False,0.040588498,0,18.38613608129777,0.3078090646839118,0.09204673575105651,0.07436334163619154,0.06968855688657809,0.05145823775105651,0.03377484363619154,0.029100058886578087
Yuri Berchiche Izeta,Athletic Club,72,44,101.4,23.6,Blocked,Left Foot,Open Play,False,0.027267875,0,24.79758052714014,0.2225941996086119,0.04863299631557549,0.0346916078977814,0.03087918329378065,0.021365121315575487,0.007423732897781397,0.0036113082937806497
Iñaki Williams Arthuer,Athletic Club,73,32,102.8,40.7,Blocked,Right Foot,Open Play,False,0.118283,0,17.21423829276219,0.41868281750208897,0.10902584473828125,0.09693583605729407,0.10435648184634848,-0.009257155261718747,-0.02134716394270593,-0.013926518153651521
Lionel Andrés Messi Cuccittini,Barcelona,76,32,107.9,32.3,Post,Left Foot,Open Play,False,0.08154796,0,14.342245291445824,0.43161922637845723,0.14055274151250233,0.12399850197059592,0.1265378976844887,0.059004781512502325,0.04245054197059592,0.044989937684488696
Lionel Andrés Messi Cuccittini,Barcelona,77,0,100.0,34.3,Off T,Left Foot,Open Play,False,0.029911907,0,20.79639391817726,0.33607303485675694,0.0754090193413237,0.05879438148269054,0.060012166513702975,0.0454971123413237,0.02888247448269054,0.030100259513702973
Lionel Andrés Messi Cuccittini,Barcelona,83,24,107.9,60.7,Saved,Left Foot,Open Play,False,0.007767651,0,23.977072381756702,0.1564514146709602,0.050358362991829206,0.035987572718837575,0.027169843631401003,0.042590711991829205,0.028219921718837575,0.019402192631401003
Munir El Haddadi Mohamed,Barcelona,83,27,115.3,44.0,Goal,Left Foot,Open Play,True,0.4455736,1,6.171709649683792,0.9482388569880893,0.3388678141715692,0.4553982754264882,0.49382380217229355,-0.10670578582843082,0.009824675426488183,0.04825020217229353
Ivan Rakitić,Barcelona,90,13,108.8,33.7,Off T,Right Foot,Open Play,False,0.09540218,0,12.850291825480074,0.49537521553692804,0.16488382235563498,0.15862988956859955,0.16775762491997548,0.06948164235563498,0.06322770956859955,0.07235544491997548
Ezequiel Marcelo Garay,Valencia,1,17,118.8,42.7,Goal,Right Foot,Open Play,True,0.93489856,1,2.954657340538835,1.0825422862385636,0.43431933885975615,0.5900884736927008,0.5784714756019803,-0.5005792211402439,-0.34481008630729926,-0.35642708439801973
Michy Batshuayi Tunga,Valencia,5,13,106.5,27.4,Saved,Left Foot,Open Play,False,0.027658284,0,18.46645607581487,0.29295620386820603,0.09057868774543791,0.07288376018764808,0.06695105694849561,0.0629204037454379,0.04522547618764808,0.039292772948495605
Geoffrey Kondogbia,Valencia,6,2,97.2,45.3,Off T,Left Foot,Open Play,False,0.04364742,0,23.407904647789383,0.3026360143868371,0.058168872151321625,0.04311947220986855,0.04421676559293614,0.014521452151321626,-0.0005279477901314472,0.0005693455929361435
Michy Batshuayi Tunga,Valencia,11,47,98.9,39.7,Saved,Right Foot,Open Play,True,0.08765943,0,21.10213259365033,0.34343544241562546,0.07367782813448656,0.08849256527797908,0.0984355038820153,-0.013981601865513435,0.0008331352779790829,0.010776073882015305
Luis Alberto Suárez Díaz,Barcelona,17,59,77.1,78.0,Off T,Right Foot,Open Play,False,0.0032122005,0,57.309772290596314,0.09570992440970252,0.0019385847409395223,0.0008364256608760782,0.004585520749091627,-0.0012736157590604775,-0.0023757748391239216,0.0013733202490916275
Lionel Andrés Messi Cuccittini,Barcelona,20,29,95.8,47.7,Saved,Left Foot,Open Play,False,0.034218077,0,25.395472037353436,0.27347023876892956,0.047491296862605614,0.03384946494900666,0.034529970911775336,0.013273219862605615,-0.0003686120509933388,0.0003118939117753364
Lionel Andrés Messi Cuccittini,Barcelona,22,44,96.8,40.4,Goal,Left Foot,Open Play,True,0.058597814,1,23.203448019637083,0.31284887019626567,0.0596541116985111,0.06534477247486113,0.07346909530385241,0.0010562976985111008,0.006746958474861134,0.014871281303852416
Denis Cheryshev,Valencia,38,18,109.6,39.3,Blocked,Right Foot,Open Play,True,0.097958855,0,10.423531071570714,0.6742573257937052,0.2199065516117396,0.3029731240303888,0.34617795791845296,0.12194769661173961,0.20501426903038877,0.24821910291845295
José Luis Gayà Peña,Valencia,38,21,109.0,24.1,Off T,Left Foot,Open Play,True,0.043873113,0,19.33416664870767,0.21980006451338058,0.08017267121805428,0.09139013207555347,0.06758141271934097,0.036299558218054286,0.04751701907555347,0.02370829971934097
Jordi Alba Ramos,Barcelona,44,30,102.8,28.6,Blocked,Right Foot,Open Play,False,0.04075383,0,20.63492185592182,0.296305264489878,0.07468219594650018,0.06147118708453735,0.059430042311091544,0.03392836594650018,0.020717357084537355,0.018676212311091546
Denis Cheryshev,Valencia,47,0,98.6,36.6,Off T,Left Foot,Open Play,False,0.057791147,0,21.668410186259635,0.3308122131713651,0.069437304135907,0.05329263544195524,0.055073562502704766,0.011646157135906998,-0.00449851155804476,-0.002717584497295235
Philippe Coutinho Correia,Barcelona,49,40,101.2,24.1,Saved,Right Foot,Open Play,False,0.037053972,0,24.622144504490258,0.22808515986005834,0.04960560535626096,0.037729819903138034,0.03447898006875421,0.012551633356260965,0.0006758479031380368,-0.0025749919312457875
Lionel Andrés Messi Cuccittini,Barcelona,54,11,114.5,26.9,Saved,Left Foot,Open Play,False,0.0645367,0,14.207744367069674,0.21045795053325547,0.1252347572054426,0.1065857129071427,0.09072087044255399,0.06069805720544261,0.04204901290714269,0.026184170442553986
Daniel Parejo Muñoz,Valencia,56,0,96.1,22.5,Off T,Right Foot,Open Play,False,0.009358378,0,29.621951319924896,0.19977040717389488,0.03042768363900514,0.02116484739537109,0.020834284817867834,0.02106930563900514,0.01180646939537109,0.011475906817867833
Michy Batshuayi Tunga,Valencia,56,47,97.8,38.8,Blocked,Left Foot,Open Play,True,0.04758354,0,22.232408776378687,0.32587947232293424,0.0657489418394729,0.07319873390040496,0.0810617317591236,0.0181654018394729,0.02561519390040496,0.033478191759123595
Kevin Gameiro,Valencia,60,31,108.9,55.9,Off T,Right Foot,Open Play,False,0.02589074,0,19.39123513343077,0.22042579837254522,0.07979155778508659,0.06613862353990466,0.05580048173504178,0.0539008177850866,0.04024788353990466,0.029909741735041784
Lionel Andrés Messi Cuccittini,Barcelona,71,42,89.8,50.0,Off T,Left Foot,Free Kick,False,0.02908752,0,31.81257612957492,0.21785103945861378,0.024983499196639784,0.038806987533472115,0.041477099506084115,-0.004104020803360215,0.009719467533472116,0.012389579506084117
Luis Alberto Suárez Díaz,Barcelona,72,47,101.5,22.1,Blocked,Right Foot,Open Play,False,0.015836753,0,25.74218327958994,0.20562651637734403,0.044049455705718776,0.03274364870339688,0.02910882384673149,0.028212702705718778,0.016906895703396884,0.013272070846731491
Lionel Andrés Messi Cuccittini,Barcelona,79,45,111.0,29.4,Off T,Right Foot,Open Play,False,0.072049536,0,13.905394636614957,0.3509208549123064,0.1392834622525831,0.1288962621924744,0.12517100029290187,0.06723392625258309,0.05684672619247441,0.05312146429290188
Lionel Andrés Messi Cuccittini,Barcelona,85,54,98.5,32.0,Saved,Right Foot,Open Play,False,0.04160071,0,22.940139493908923,0.29774822871745876,0.060547772651777396,0.04797364608021944,0.0489077654258654,0.018947062651777397,0.006372936080219438,0.007307055425865398
Philippe Coutinho Correia,Barcelona,2,0,105.0,35.0,Goal,Right Foot,Open Play,True,0.15896364,1,15.811388300841896,0.4344892487439107,0.12424920804791888,0.16098877646530887,0.17101337129392108,-0.03471443195208111,0.0020251364653088855,0.01204973129392109
Franco Damián Vázquez,Sevilla,3,11,92.2,28.6,Blocked,Left Foot,Open Play,False,0.024006272,0,30.046630426721723,0.22492867225663615,0.02969916411241058,0.01938311832603732,0.02058411125815828,0.005692892112410582,-0.004623153673962679,-0.003422160741841717
Guilherme Antonio Arana Lopes,Sevilla,5,44,99.4,26.3,Post,Left Foot,Open Play,False,0.035078652,0,24.739644298170493,0.24675189257851346,0.04964463778546,0.0356064729737909,0.03347369909347527,0.01456598578546,0.0005278209737909004,-0.00160495290652473
Lionel Andrés Messi Cuccittini,Barcelona,8,54,114.0,29.0,Blocked,Left Foot,Open Play,True,0.07489057,0,12.529964086141668,0.29680613661659344,0.1515831483739407,0.18932760845483157,0.14412541934903364,0.07669257837394071,0.11443703845483157,0.06923484934903364
Simon Thorup Kjær,Sevilla,10,57,105.1,45.1,Off T,Head,Open Play,False,0.04349201,0,15.748650735856712,0.4351443137629006,0.12496715020248228,0.035051228127516446,0.03801496842791525,0.08147514020248228,-0.008440781872483552,-0.0054770415720847496
Lionel Andrés Messi Cuccittini,Barcelona,12,1,101.0,47.7,Goal,Left Foot,Open Play,False,0.10855549,1,20.500975586542218,0.3293587911690138,0.07713599759691445,0.0603687101702382,0.06051691634125352,-0.03141949240308556,-0.04818677982976181,-0.04803857365874648
Wissam Ben Yedder,Sevilla,14,36,111.0,53.7,Off T,Head,Open Play,False,0.030793918,0,16.39176622576103,0.25254536705663,0.10621681852762092,0.028123394402243904,0.02497733213304566,0.07542290052762092,-0.0026705235977560957,-0.005816585866954341
Ivan Rakitić,Barcelona,23,27,85.0,51.0,Off T,Right Foot,Open Play,False,0.0061415313,0,36.68787265568828,0.18993757639093453,0.015360143913753475,0.009473725696183273,0.012787416414783176,0.009218612613753476,0.003332194396183273,0.006645885114783176
Franco Damián Vázquez,Sevilla,28,32,108.1,35.6,Saved,Head,Open Play,False,0.049984284,0,12.687395319765209,0.5332306441724662,0.17060670304266096,0.053010156713224385,0.05845223713890079,0.12062241904266097,0.003025872713224388,0.008467953138900794
Philippe Coutinho Correia,Barcelona,35,55,94.0,32.0,Off T,Right Foot,Open Play,True,0.03006524,0,27.202941017470888,0.2561756566544305,0.03965293892079341,0.042990262277694584,0.05172999677613597,0.009587698920793412,0.012925022277694584,0.02166475677613597
Ousmane Dembélé,Barcelona,37,35,111.0,26.0,Off T,Left Foot,Open Play,False,0.07603447,0,16.64331697709324,0.2449033260022998,0.10342945300496012,0.08506937149068412,0.07309793669901557,0.027394983004960113,0.009034901490684116,-0.002936533300984437
Nélson Cabral Semedo,Barcelona,41,6,111.3,53.5,Off T,Right Foot,Open Play,False,0.08582311,0,16.06051057718901,0.2547604565454908,0.10948120337025587,0.09638548314476156,0.08541642278711224,0.023658093370255873,0.010562373144761564,-0.0004066872128877519
Daniel Filipe Martins Carriço,Sevilla,42,35,114.1,33.1,Off T,Head,Open Play,False,0.092245996,0,9.078546139112806,0.559096623588919,0.22960470662244076,0.07953858454377014,0.08309772379246674,0.13735871062244076,-0.012707411456229861,-0.009148272207533253
Luis Alberto Suárez Díaz,Barcelona,44,38,101.0,42.2,Saved,Right Foot,Open Play,True,0.07317054,0,19.126944345608372,0.37585590891787846,0.0897652903250915,0.1111388787218611,0.12146005641090708,0.0165947503250915,0.03796833872186109,0.04828951641090708
Pablo Sarabia García,Sevilla,45,14,113.6,47.9,Off T,Left Foot,Open Play,True,0.12450019,0,10.167103815738287,0.4800555389954747,0.2027016406968741,0.2630912740110458,0.2436657577362615,0.0782014506968741,0.1385910840110458,0.11916556773626151
Ivan Rakitić,Barcelona,47,5,109.0,51.0,Saved,Right Foot,Open Play,True,0.21846116,0,15.556349186104045,0.338654906087137,0.12013349223974944,0.15413826115086826,0.13596774547902585,-0.09832766776025055,-0.06432289884913173,-0.08249341452097414
Philippe Coutinho Correia,Barcelona,51,19,100.1,18.1,Saved,Right Foot,Open Play,False,0.009153174,0,29.590876972472447,0.16736404662336055,0.029890009719544152,0.020678215980539833,0.01843757925974362,0.020736835719544152,0.011525041980539833,0.009284405259743621
Luis Alberto Suárez Díaz,Barcelona,53,38,90.1,38.1,Post,Right Foot,Open Play,False,0.026463712,0,29.960307074527798,0.24264827697174596,0.030286158297031827,0.021112494600909783,0.023993262545416935,0.0038224462970318264,-0.005351217399090218,-0.002470449454583065
Pablo Sarabia García,Sevilla,55,58,115.7,50.2,Off T,Right Foot,Open Play,True,0.15434349,0,11.06932698947863,0.28079477774170375,0.16942957709215306,0.2246897385374528,0.16866456582209166,0.015086087092153061,0.0703462485374528,0.014321075822091661
Luis Alberto Suárez Díaz,Barcelona,57,16,105.1,51.1,Blocked,Right Foot,Open Play,False,0.04664208,0,18.58009687811127,0.31756748449340827,0.09100270082865485,0.0777708307986138,0.0753130454847525,0.04436062082865484,0.031128750798613797,0.028670965484752495
Luis Alberto Suárez Díaz,Barcelona,57,19,111.2,49.3,Off T,Right Foot,Open Play,False,0.22255927,0,12.803515142334932,0.4043374910667054,0.1573680224675962,0.1493345344470634,0.1497968526679927,-0.0651912475324038,-0.0732247355529366,-0.0727624173320073
André Miguel Valente Silva,Sevilla,60,20,109.3,39.2,Saved,Head,Open Play,False,0.15973142,0,10.729864864013901,0.6561078236140152,0.21278243453312923,0.07205289305605264,0.07981178917716585,0.053051014533129215,-0.08767852694394737,-0.07991963082283417
Franco Damián Vázquez,Sevilla,60,23,115.0,33.0,Saved,Left Foot,Open Play,True,0.15026446,0,8.602325267042627,0.543294339136932,0.23607471423647228,0.31048169186407193,0.2936578140134177,0.08581025423647229,0.16021723186407194,0.14339335401341768
Luis Alberto Suárez Díaz,Barcelona,60,41,109.5,55.1,Off T,Right Foot,Open Play,False,0.045906506,0,18.391846019364127,0.232319180196442,0.08791417982010745,0.0742370589393058,0.06366346389971873,0.04200767382010745,0.028330552939305795,0.017756957899718734
Luis Alberto Suárez Díaz,Barcelona,62,21,108.1,40.1,Goal,Right Foot,Penalty,False,0.7835,1,11.900420160649796,0.5967253993229291,0.18812789972984928,0.7873425652490889,0.7915535452523359,-0.5953721002701506,0.0038425652490888806,0.008053545252335925
Wissam Ben Yedder,Sevilla,65,17,108.0,46.0,Wayward,Right Foot,Open Play,True,0.10386241,0,13.416407864998739,0.48519901791668085,0.15649512107199495,0.20841802504859927,0.21818601744499752,0.05263271107199495,0.10455561504859927,0.11432360744499752
Wissam Ben Yedder,Sevilla,66,36,108.2,53.2,Off T,Right Foot,Open Play,False,0.08907784,0,17.705366418123067,0.28026293276462255,0.09618144093457902,0.08282941070392172,0.07567863019060543,0.007103600934579013,-0.006248429296078287,-0.013399209809394574
Ivan Rakitić,Barcelona,68,5,100.1,33.1,Off T,Left Foot,Open Play,False,0.061968166,0,21.062288574606516,0.3264705677565783,0.07318027801537857,0.056701053597076126,0.05727693644861512,0.011212112015378577,-0.005267112402923872,-0.00469122955138488
Philippe Coutinho Correia,Barcelona,71,27,110.1,25.1,Blocked,Left Foot,Open Play,False,0.020365832,0,17.889102828258327,0.2320826547113553,0.09193300775971244,0.07388160652983645,0.06225365205416126,0.07156717575971244,0.053515774529836455,0.04188782005416126
Clément Lenglet,Barcelona,71,54,112.9,38.0,Off T,Head,Open Play,False,0.09892875,0,7.376313442364005,0.9026980872587138,0.30650408128779144,0.12297320268553766,0.12162751369106141,0.20757533128779143,0.024044452685537662,0.022698763691061413
Luis Alberto Suárez Díaz,Barcelona,72,39,101.8,38.6,Saved,Right Foot,Open Play,True,0.0658176,0,18.25376673456742,0.39471695965345815,0.09810527676650467,0.12308981215363377,0.13466999286451675,0.03228767676650467,0.05727221215363376,0.06885239286451675
Ousmane Dembélé,Barcelona,73,46,108.1,51.1,Blocked,Left Foot,Open Play,False,0.057091378,0,16.273291000900837,0.3335159031076915,0.11256258215224822,0.094625153896722,0.08983781866012161,0.055471204152248224,0.03753377589672201,0.03274644066012161
Pablo Sarabia García,Sevilla,78,29,97.0,55.1,Blocked,Left Foot,Open Play,False,0.022372017,0,27.5138147118861,0.222653873615091,0.037696494353239775,0.02567374537318685,0.024633077883381538,0.015324477353239774,0.0033017283731868498,0.002261060883381537
Philippe Coutinho Correia,Barcelona,82,44,86.5,44.2,Saved,Right Foot,Free Kick,False,0.027035242,0,33.76225703355746,0.2143403175435041,0.02068106605630175,0.033153627618978686,0.03927962327832877,-0.006354175943698252,0.006118385618978685,0.012244381278328768
Luis Fernando Muriel Fruto,Sevilla,84,50,100.1,29.8,Off T,Right Foot,Open Play,False,0.05449894,0,22.3617977810372,0.29083773727680257,0.06358069978304602,0.050802150548317174,0.05036293099673458,0.009081759783046019,-0.003696789451682829,-0.004136009003265426
Pablo Sarabia García,Sevilla,85,17,103.2,39.0,Saved,Left Foot,Open Play,False,0.14464886,0,16.82973558912914,0.42760818911466536,0.11333236175924122,0.09597943502048104,0.10190395790036223,-0.03131649824075877,-0.048669424979518955,-0.04274490209963776
Wissam Ben Yedder,Sevilla,85,19,114.1,49.1,Saved,Right Foot,Open Play,True,0.20911258,0,10.845275469069474,0.3928369861552731,0.18337744686768043,0.24628527859310323,0.21273558311060703,-0.025735133132319565,0.03717269859310324,0.003623003110607037
Éver Maximiliano David Banega,Sevilla,85,27,104.0,52.0,Blocked,Right Foot,Open Play,False,0.04430283,0,20.0,0.2941567426761247,0.07899428845373589,0.06568122932932774,0.06262720265179916,0.03469145845373589,0.021378399329327738,0.018324372651799162
Roque Mesa Quevedo,Sevilla,85,41,104.0,45.0,Blocked,Right Foot,Open Play,True,0.068732515,0,16.76305461424021,0.41254553884149114,0.11298865012060422,0.1445346875601178,0.15342645397272164,0.04425613512060422,0.07580217256011781,0.08469393897272165
Ivan Rakitić,Barcelona,87,43,104.1,58.1,Goal,Right Foot,Open Play,True,0.020436963,1,24.091907354960508,0.2024490656921934,0.05128262624300851,0.05772403759719956,0.04894182504372272,0.030845663243008508,0.03728707459719956,0.028504862043722722
Luis Fernando Muriel Fruto,Sevilla,90,7,103.3,28.7,Goal,Right Foot,Open Play,True,0.08792441,1,20.163829001457042,0.3014334418837869,0.07818007269556053,0.09445971248460933,0.09015240795288847,-0.009744337304439465,0.006535302484609332,0.002227997952888472
Munir El Haddadi Mohamed,Barcelona,91,27,105.1,33.1,Blocked,Left Foot,Open Play,True,0.079445854,0,16.42010962204577,0.4024411773868188,0.11571578351170449,0.1406520462307796,0.14215780139214282,0.03626992951170449,0.061206192230779596,0.06271194739214282
Lionel Andrés Messi Cuccittini,Barcelona,0,43,112.9,33.4,Wayward,Left Foot,Open Play,True,0.07439837,0,9.693812459502192,0.572865499631624,0.22067463571660617,0.2895294392529324,0.2901154305600955,0.14627626571660618,0.2151310692529324,0.21571706056009549
Sergio Busquets i Burgos,Barcelona,1,51,100.1,37.9,Off T,Left Foot,Open Play,True,0.06981701,0,20.01049724519609,0.35997943255036907,0.08214187555689685,0.09483897107508603,0.1025562950796478,0.012324865556896852,0.02502196107508603,0.032739285079647795
Luis Alberto Suárez Díaz,Barcelona,2,21,104.3,32.2,Blocked,Left Foot,Open Play,True,0.04403641,0,17.530829986055995,0.37271092214491414,0.10320069772255348,0.12326612769550266,0.1226861646541821,0.059164287722553485,0.07922971769550266,0.0786497546541821
Lorenzo Jesús Morón García,Real Betis,4,24,117.9,30.7,Off T,Right Foot,Open Play,True,0.035707735,0,9.534149149242422,0.19579613307632235,0.18310890480474767,0.24328564938967706,0.16555758240025803,0.14740116980474768,0.20757791438967707,0.12984984740025804
Malcom Filipe Silva de Oliveira,Barcelona,5,5,106.4,21.8,Off T,Left Foot,Open Play,False,0.01157194,0,22.720035211240315,0.19546548488884397,0.05798010947700904,0.04263885432103719,0.03454050200984223,0.04640816947700904,0.031066914321037187,0.022968562009842233
Joaquín Sánchez Rodríguez,Real Betis,5,50,109.5,39.8,Off T,Right Foot,Open Play,True,0.24137515,0,10.501904589168577,0.6706021221462378,0.21817916983306596,0.30043744549781853,0.343425779104565,-0.023195980166934055,0.05906229549781852,0.102050629104565
Lionel Andrés Messi Cuccittini,Barcelona,11,45,106.9,26.5,Blocked,Left Foot,Open Play,False,0.02935495,0,18.811166896287954,0.2745386401888696,0.08686319168782555,0.06925933024229927,0.06214185485450997,0.05750824168782555,0.03990438024229927,0.03278690485450997
Héctor Junior Firpo Adames,Real Betis,19,15,108.5,29.1,Goal,Right Foot,Open Play,False,0.12209966,1,15.844872987815332,0.34040882557328794,0.1172965807252825,0.10515347194629192,0.10193725804367153,-0.0048030792747175005,-0.01694618805370808,-0.02016240195632847
Lorenzo Jesús Morón García,Real Betis,22,14,101.3,30.4,Saved,Right Foot,Open Play,False,0.048963465,0,21.02022835270826,0.3092341153826852,0.07268836002468128,0.05958720878719306,0.059342761299816305,0.02372489502468128,0.010623743787193066,0.010379296299816307
Clément Lenglet,Barcelona,24,47,113.3,42.5,Saved,Left Foot,Open Play,True,0.2608973,0,7.151223671512452,0.9148670096601309,0.3129405085591203,0.4209361712484424,0.472965212633846,0.05204320855912031,0.1600388712484424,0.212067912633846
Lionel Andrés Messi Cuccittini,Barcelona,26,56,88.2,41.0,Blocked,Left Foot,Free Kick,False,0.025032723,0,31.81571938523471,0.22895876143797436,0.02515548536875865,0.03914414093491972,0.043374214671393366,0.00012276236875865057,0.014111417934919719,0.018341491671393366
Cristian Tello Herrera,Real Betis,29,56,107.9,49.3,Saved,Left Foot,Open Play,False,0.10254536,0,15.261061562027715,0.38352770841131434,0.12646801792394194,0.10903697795992241,0.10793355142043287,0.023922657923941937,0.0064916179599224105,0.00538819142043287
Joaquín Sánchez Rodríguez,Real Betis,33,27,110.2,40.5,Goal,Right Foot,Open Play,True,0.32346222,1,9.812746812182608,0.7133612816134529,0.23496338308034187,0.3250994484640551,0.3727859218405614,-0.08849883691965815,0.0016372284640550627,0.049323701840561396
Lorenzo Jesús Morón García,Real Betis,39,4,99.0,49.6,Off T,Right Foot,Open Play,False,0.077726476,0,23.09025768587263,0.28755259709868153,0.05933887043674859,0.04681138436157441,0.046923432468102745,-0.018387605563251412,-0.030915091638425596,-0.030803043531897258
Luis Alberto Suárez Díaz,Barcelona,41,46,104.0,47.4,Off T,Right Foot,Open Play,True,0.058183625,0,17.628386199536248,0.37520226000851103,0.10247058550862033,0.12915233311629806,0.1317908437349145,0.04428696050862033,0.07096870811629806,0.0736072187349145
Lorenzo Jesús Morón García,Real Betis,46,21,112.7,49.8,Off T,Head,Open Play,False,0.036446683,0,12.220065466273079,0.3745451791887193,0.16240220669326627,0.04911971273394413,0.049000190404841305,0.12595552369326626,0.01267302973394413,0.012553507404841305
Arturo Erasmo Vidal Pardo,Barcelona,45,14,100.8,26.6,Saved,Left Foot,Open Play,False,0.043933608,0,23.413671220037237,0.2569844293822509,0.056506840315824605,0.04153354317214164,0.0386909979311882,0.012573232315824606,-0.0024000648278583586,-0.005242610068811798
Lionel Andrés Messi Cuccittini,Barcelona,47,33,100.3,40.3,Off T,Left Foot,Open Play,False,0.0454285,0,19.702284131541706,0.3673043490422401,0.08482345235829807,0.06775007107467675,0.0708877848356465,0.03939495235829807,0.02232157107467675,0.02545928483564651
Lionel Andrés Messi Cuccittini,Barcelona,50,9,107.7,30.3,Blocked,Left Foot,Open Play,False,0.039049815,0,15.664609794054876,0.3702165449632042,0.1212221936751563,0.10359106403486308,0.10165054339763763,0.0821723786751563,0.06454124903486308,0.06260072839763763
Sergio Busquets i Burgos,Barcelona,50,30,116.0,31.9,Off T,Head,Open Play,False,0.11498714,0,9.033825324855469,0.4054521561838065,0.21286232809454483,0.07089655317529629,0.07246495174030934,0.09787518809454483,-0.04409058682470371,-0.04252218825969066
Giovani Lo Celso,Real Betis,54,48,94.6,39.4,Saved,Left Foot,Open Play,False,0.03870948,0,25.4070856258643,0.2860646314427474,0.047817590441308934,0.0341544755207421,0.03591792937541484,0.009108110441308936,-0.004555004479257899,-0.002791550624585158
Sergi Roberto Carnicer,Barcelona,56,36,104.1,52.9,Off T,Right Foot,Open Play,True,0.039548367,0,20.474862636901868,0.2792975936979616,0.07498963292788326,0.0899248193753054,0.08206383924861106,0.035441265927883256,0.0503764523753054,0.04251547224861106
Luis Alberto Suárez Díaz,Barcelona,57,17,104.7,50.0,Off T,Right Foot,Open Play,True,0.106359765,0,18.278129007094787,0.33598839325118185,0.09451792926933644,0.11755766585881627,0.1129999551550835,-0.011841835730663552,0.011197900858816279,0.006640190155083506
Giovani Lo Celso,Real Betis,59,37,103.4,33.0,Off T,Left Foot,Open Play,True,0.10680815,0,18.01554883982167,0.37229640906885186,0.09886182334256993,0.11736791805393637,0.11911637257962629,-0.007946326657430072,0.010559768053936366,0.012308222579626285
Cristian Tello Herrera,Real Betis,63,36,113.3,51.9,Blocked,Right Foot,Open Play,False,0.040446807,0,13.656500283747663,0.2760850051480371,0.13630253472051337,0.12505838529393093,0.11492705457442227,0.09585572772051337,0.08461157829393093,0.07448024757442227
Lionel Andrés Messi Cuccittini,Barcelona,67,17,108.1,40.1,Goal,Left Foot,Penalty,False,0.7835,1,11.900420160649796,0.5967253993229291,0.18812789972984928,0.7767019767636231,0.7779819921732969,-0.5953721002701506,-0.006798023236376904,-0.005518007826703086
Carles Aleña Castillo,Barcelona,69,23,93.3,40.1,Blocked,Left Foot,Open Play,False,0.03745603,0,26.700187265260894,0.27245551285889796,0.04200345100898785,0.02927417443156431,0.03114917327798653,0.004547421008987848,-0.008181855568435693,-0.006306856722013473
Giovani Lo Celso,Real Betis,70,42,107.7,51.0,Goal,Right Foot,Open Play,False,0.11627891,1,16.501212076693033,0.33468781755625737,0.11042658338087487,0.09787599001625244,0.09475568882465273,-0.005852326619125131,-0.01840291998374756,-0.021523221175347274
Sergio Canales Madrazo,Real Betis,73,40,92.8,37.0,Blocked,Left Foot,Free Kick,False,0.06214063,0,27.364941074301626,0.264388482004606,0.039257049967280765,0.06524487874941595,0.06633646992899726,-0.022883580032719238,0.00310424874941595,0.004195839928997261
Arturo Erasmo Vidal Pardo,Barcelona,78,54,111.3,45.1,Goal,Right Foot,Open Play,True,0.8558316,1,10.08464178838297,0.6248044663389558,0.21999450878697152,0.3023505818767146,0.3259457792903005,-0.6358370912130284,-0.5534810181232854,-0.5298858207096995
Héctor Junior Firpo Adames,Real Betis,82,9,112.1,29.8,Saved,Left Foot,Open Play,False,0.32012635,0,12.901550294441366,0.36124634477996026,0.15238133795301437,0.13589915492340235,0.1307721462625274,-0.16774501204698564,-0.18422719507659766,-0.1893542037374726
Sergio Canales Madrazo,Real Betis,82,23,112.6,37.4,Goal,Right Foot,Open Play,True,0.3487468,1,7.843468620451037,0.8444111759622082,0.2888780185524593,0.40252045338038855,0.4559928947199085,-0.05986878144754071,0.05377365338038853,0.10724609471990848
Gerard Piqué Bernabéu,Barcelona,88,6,117.2,37.4,Off T,Head,Open Play,False,0.5591529,0,3.820994634908559,1.5121011384981708,0.48372733502946824,0.26023037283331035,0.1596492514444493,-0.07542556497053171,-0.2989225271666896,-0.39950364855555065
Gerard Piqué Bernabéu,Barcelona,90,50,110.9,47.2,Off T,Head,Open Play,False,0.048950486,0,11.60387866189577,0.5023497059549727,0.18308819347992186,0.05813921199449162,0.06180265556292704,0.13413770747992187,0.009188725994491616,0.012852169562927042
Lionel Andrés Messi Cuccittini,Barcelona,91,43,117.4,37.2,Goal,Left Foot,Open Play,True,0.92521083,1,3.8209946349085544,1.507597709265959,0.48298369851713835,0.6367065196963838,0.6744254861404646,-0.4422271314828617,-0.28850431030361623,-0.25078534385953544
Thomas Lemar,Atlético Madrid,16,20,100.8,27.3,Blocked,Left Foot,Open Play,False,0.03211134,0,23.02020851339101,0.2656590789848038,0.05891542499820977,0.043664932045648315,0.0410613918399214,0.02680408499820977,0.011553592045648313,0.008950051839921397
Arturo Erasmo Vidal Pardo,Barcelona,37,28,102.6,49.9,Blocked,Left Foot,Open Play,True,0.043900043,0,20.01924074484345,0.31766338369498404,0.07999368430345626,0.09173842356152731,0.0892111205768917,0.036093641303456256,0.04783838056152731,0.045311077576891706
Lionel Andrés Messi Cuccittini,Barcelona,39,59,97.2,59.9,Off T,Left Foot,Free Kick,False,0.011695605,0,30.263013729633734,0.1828695545948434,0.028318711896149484,0.04470269733192545,0.040144887258190654,0.016623106896149487,0.033007092331925454,0.028449282258190656
Arthur Henrique Ramos de Oliveira Melo,Barcelona,47,24,100.5,36.1,Blocked,Right Foot,Open Play,True,0.051842175,0,19.88617610301186,0.3575444084134005,0.08294262559734601,0.10143807519803391,0.11006699219904192,0.031100450597346015,0.049595900198033914,0.05822481719904193
Lionel Andrés Messi Cuccittini,Barcelona,55,32,91.5,50.4,Blocked,Left Foot,Open Play,False,0.020745734,0,30.3382596732245,0.2260753911572445,0.02890779511228632,0.018777556901802637,0.020264010765183256,0.00816206111228632,-0.0019681770981973615,-0.0004817232348167423
Diego da Silva Costa,Atlético Madrid,76,54,118.5,32.2,Goal,Head,Open Play,False,0.054045312,1,7.942921376924233,0.21745669505602858,0.20996215193575452,0.06870422556782829,0.07056127652604506,0.1559168399357545,0.014658913567828294,0.016515964526045063
Lionel Andrés Messi Cuccittini,Barcelona,81,12,94.0,52.5,Saved,Left Foot,Free Kick,False,0.0501836,0,28.848743473503312,0.22836773893591455,0.03334885345962966,0.054062166483152686,0.05268327536729727,-0.016834746540370343,0.0038785664831526845,0.002499675367297269
Antoine Griezmann,Atlético Madrid,82,39,97.6,53.5,Off T,Left Foot,Free Kick,False,0.055813253,0,26.153584840323518,0.2397994417969926,0.04330916096195804,0.07280095096144151,0.06694247282243578,-0.01250409203804196,0.016987697961441513,0.011129219822435775
Lionel Andrés Messi Cuccittini,Barcelona,86,45,91.9,41.2,Blocked,Left Foot,Free Kick,False,0.046191525,0,28.125611104472018,0.2585813790647386,0.03640499081561814,0.05986391902328681,0.06167685087433354,-0.009786534184381857,0.013672394023286814,0.015485325874333544
Ousmane Dembélé,Barcelona,89,16,111.9,52.9,Goal,Left Foot,Open Play,False,0.07191951,1,15.232202729743321,0.2648344882232425,0.1183434431622515,0.09998956570071177,0.08840123803952346,0.04642393316225149,0.028070055700711763,0.016481728039523455
Lionel Andrés Messi Cuccittini,Barcelona,7,59,97.3,44.2,Saved,Left Foot,Open Play,False,0.048432235,0,23.08527669316528,0.3095510204040024,0.0601836375372776,0.04491576647752026,0.04629493793662696,0.011751402537277605,-0.003516468522479735,-0.0021372970633730393
Lionel Andrés Messi Cuccittini,Barcelona,11,37,93.3,35.6,Blocked,Left Foot,Free Kick,False,0.062270783,0,27.060118255469618,0.26546568105249235,0.040427043543342284,0.06745869964700484,0.06802739494461858,-0.02184373945665772,0.005187916647004832,0.0057566119446185796
Ousmane Dembélé,Barcelona,12,2,96.0,42.9,Off T,Right Foot,Open Play,False,0.03565045,0,24.174573419193976,0.29847215303769326,0.05404559544505409,0.04195139783772561,0.04436957945236011,0.018395145445054092,0.006300947837725612,0.008719129452360107
Gerard Moreno Balaguero,Villarreal,12,46,114.0,45.8,Post,Left Foot,Open Play,False,0.3396959,0,8.345058418010023,0.6629717844864339,0.25540827197369625,0.25448112439222664,0.2562887655605277,-0.08428762802630374,-0.08521477560777335,-0.08340713443947229
Samuel Chimerenka Chukwueze,Villarreal,12,51,111.5,55.1,Blocked,Left Foot,Open Play,False,0.030954149,0,17.328012003689288,0.2135885445228849,0.09556555759292504,0.07727159297522856,0.0636718941589042,0.06461140859292504,0.046317443975228564,0.0327177451589042
Mario Gaspar Pérez Martínez,Villarreal,12,53,103.4,51.2,Saved,Right Foot,Open Play,True,0.049811993,0,20.024984394500784,0.30379099108618945,0.0792800984595121,0.0959978278432686,0.09164085196532717,0.029468105459512103,0.0461858348432686,0.041828858965327176
Samuel Chimerenka Chukwueze,Villarreal,13,47,100.7,49.3,Saved,Left Foot,Open Play,False,0.072328605,0,21.423818520515894,0.3070317458297853,0.06997206155160055,0.053693088329765944,0.052819688733725355,-0.002356543448399459,-0.01863551667023406,-0.01950891626627465
Ivan Rakitić,Barcelona,16,26,94.9,46.7,Off T,Right Foot,Open Play,True,0.034600973,0,25.978837541352764,0.27091987333580725,0.044898555995064544,0.04971101603234974,0.05838396920136439,0.010297582995064544,0.015110043032349738,0.02378299620136439
Ousmane Dembélé,Barcelona,22,39,99.8,55.1,Saved,Left Foot,Open Play,False,0.02872319,0,25.220031720836516,0.23315483759350875,0.047065008164810726,0.033396963115698196,0.030787275540654767,0.018341818164810727,0.004673773115698197,0.0020640855406547677
Lionel Andrés Messi Cuccittini,Barcelona,26,57,93.1,34.6,Saved,Left Foot,Free Kick,False,0.056344714,0,27.43665431498528,0.26027594631007955,0.03889105563905428,0.06453734604317943,0.0650948120957045,-0.017453658360945715,0.00819263204317943,0.008750098095704505
Ousmane Dembélé,Barcelona,30,24,108.1,48.1,Blocked,Right Foot,Open Play,False,0.07213044,0,14.395138068111752,0.4223690813272901,0.1391932256698794,0.1293739079811168,0.1331916911467589,0.0670627856698794,0.057243467981116805,0.06106125114675891
Gerard Piqué Bernabéu,Barcelona,34,59,112.1,35.7,Goal,Head,Open Play,False,0.07357924,1,8.994442728707547,0.708345124682513,0.2490635418584757,0.09003141382818312,0.09545368264329411,0.1754843018584757,0.01645217382818312,0.021874442643294106
Lionel Andrés Messi Cuccittini,Barcelona,38,1,112.5,30.9,Saved,Left Foot,Open Play,True,0.14805076,0,11.792370414806348,0.411888171770141,0.17166779895339823,0.2187231428972156,0.19399149029283994,0.02361703895339823,0.07067238289721559,0.04594073029283993
Gerard Moreno Balaguero,Villarreal,41,6,105.8,53.5,Blocked,Left Foot,Open Play,False,0.070222855,0,19.593111034238543,0.2735231391236075,0.08092408116025547,0.06366552654003461,0.05744471386837032,0.01070122616025547,-0.006557328459965386,-0.01277814113162968
Mario Gaspar Pérez Martínez,Villarreal,41,8,107.5,45.3,Blocked,Right Foot,Open Play,True,0.08442668,0,13.577186748365802,0.49145749229226476,0.15496750433879866,0.2062653959591342,0.21925787546717285,0.07054082433879866,0.1218387159591342,0.13483119546717284
Lionel Andrés Messi Cuccittini,Barcelona,47,1,92.2,44.0,Blocked,Left Foot,Open Play,False,0.027284013,0,28.086295590554474,0.25663816797825045,0.03649518938307953,0.024769640989992864,0.02663321809427015,0.009211176383079531,-0.002514372010007135,-0.0006507949057298484
Santiago Cáseres,Villarreal,53,34,93.7,39.9,Blocked,Right Foot,Open Play,False,0.0425918,0,26.300190113381305,0.27654697919771953,0.04372250312365281,0.03261726985350343,0.0351655483016159,0.001130703123652814,-0.009974530146496567,-0.007426251698384102
Santiago Cazorla González,Villarreal,61,46,99.7,28.8,Off T,Right Foot,Open Play,False,0.050688513,0,23.18469322635087,0.2762581769973,0.05841225346397126,0.045913503544481954,0.045070362565950504,0.007723740463971264,-0.004775009455518044,-0.005618150434049493
Álvaro González Soberón,Villarreal,65,19,105.5,44.9,Blocked,Head,Open Play,False,0.027637811,0,15.305554547287725,0.44798017623456843,0.13075527115094146,0.037190004581345956,0.040504168247497536,0.10311746015094146,0.009552193581345955,0.012866357247497535
Santiago Cazorla González,Villarreal,68,18,94.8,50.0,Off T,Left Foot,Free Kick,False,0.0543663,0,27.111621124528874,0.2502574745296088,0.03984517595931631,0.06629172977863954,0.06443665676329514,-0.014521124040683689,0.011925429778639536,0.010070356763295145
Carlos Arturo Bacca Ahumada,Villarreal,75,42,118.9,54.4,Off T,Right Foot,Open Play,False,0.017961357,0,14.441952776546527,0.0412320287266788,0.1111924713805558,0.09682265333140566,0.07161970681496563,0.0932311143805558,0.07886129633140566,0.05365834981496563
Philippe Coutinho Correia,Barcelona,76,59,96.0,32.8,Off T,Right Foot,Open Play,False,0.03445838,0,25.05673562138532,0.27848691434260153,0.04917065112410494,0.03746977470395222,0.038930670698545916,0.01471227112410494,0.0030113947039522235,0.004472290698545919
Sergio Busquets i Burgos,Barcelona,81,46,112.2,48.9,Blocked,Head,Open Play,False,0.03401676,0,11.834272263219226,0.42352029688622705,0.17217818346171576,0.05326332886138403,0.05455734370975664,0.13816142346171575,0.019246568861384032,0.020540583709756637
Malcom Filipe Silva de Oliveira,Barcelona,81,47,110.2,32.4,Off T,Head,Open Play,False,0.06534076,0,12.401612798341995,0.4723486948904287,0.1688803930361316,0.052081728374645274,0.055089773028532296,0.10353963303613159,-0.013259031625354724,-0.010250986971467702
Mario Gaspar Pérez Martínez,Villarreal,84,13,103.3,44.9,Blocked,Right Foot,Open Play,False,0.056840394,0,17.40402252354323,0.39954131754170996,0.10602646990407706,0.09367547675481103,0.09898396600179932,0.04918607590407706,0.036835082754811024,0.042143572001799315
Carles Aleña Castillo,Barcelona,86,3,102.8,47.4,Goal,Left Foot,Open Play,False,0.3248338,1,18.72431574183687,0.3573460516011544,0.09201435767100313,0.07457711831693176,0.07529366003699162,-0.23281944232899687,-0.25025668168306825,-0.2495401399630084
Lionel Andrés Messi Cuccittini,Barcelona,91,21,97.1,40.8,Saved,Left Foot,Open Play,False,0.038131237,0,22.913969538253305,0.3165993927864822,0.06140836900173022,0.046023093868776246,0.047885415126503066,0.02327713200173022,0.007891856868776248,0.009754178126503067
Borja Iglesias Quintas,Espanyol,8,22,101.9,49.9,Wayward,Right Foot,Open Play,False,0.1073635,0,20.63055985667863,0.31097915178540964,0.0753852820616752,0.06221754680203105,0.06166276835226975,-0.031978217938324796,-0.04514595319796895,-0.04570073164773025
Lionel Andrés Messi Cuccittini,Barcelona,16,41,92.9,42.9,Goal,Left Foot,Free Kick,False,0.06519264,1,27.254724361108472,0.26553487157072675,0.03969536939523283,0.06607678373620667,0.06711093929195489,-0.02549727060476717,0.000884143736206669,0.0019182992919548891
Luis Alberto Suárez Díaz,Barcelona,20,34,109.1,31.1,Saved,Left Foot,Open Play,True,0.16804774,0,14.07195793057953,0.40792285000554773,0.1418649273629315,0.1769794444461932,0.16597987988233015,-0.02618281263706851,0.008931704446193206,-0.002067860117669851
Víctor Sánchez Mata,Espanyol,21,43,114.2,33.4,Off T,Head,Open Play,False,0.112297356,0,8.786353054595518,0.5871311667801451,0.23805536127359295,0.08381394839885334,0.08746980490017822,0.12575800527359293,-0.028483407601146662,-0.02482755109982178
Ousmane Dembélé,Barcelona,25,25,110.1,26.1,Goal,Right Foot,Open Play,False,0.056286942,1,17.065169205138286,0.25515566444230436,0.1002678865908824,0.0868661358177616,0.07680194959455518,0.0439809445908824,0.030579193817761606,0.020515007594555178
Sergi Darder Moll,Espanyol,27,36,94.0,53.0,Off T,Right Foot,Open Play,False,0.02279801,0,29.068883707497267,0.22498427161421014,0.032589700297017674,0.02298688581477156,0.0238807043931098,0.009791690297017673,0.0001888758147715608,0.0010826943931098003
Hernán Arsenio Pérez González,Espanyol,30,33,116.8,29.7,Blocked,Head,Open Play,False,0.039735094,0,10.785638599545232,0.2237520373305523,0.16803873048222273,0.050869060572328935,0.04793096303148183,0.12830363648222273,0.011133966572328936,0.008195869031481832
Óscar Esau Duarte Gaitán,Espanyol,31,16,115.9,49.5,Saved,Head,Open Play,False,0.08245883,0,10.346980235798267,0.3100843977180829,0.1824979776548307,0.05713988937006588,0.056176498393327216,0.1000391476548307,-0.025318940629934117,-0.02628233160667278
David López Silva,Espanyol,33,25,114.6,35.8,Off T,Head,Open Play,False,0.114816986,0,6.841052550594834,0.8691643722274213,0.31297876539084146,0.12656620711326538,0.1228444112648014,0.19816177939084145,0.011749221113265387,0.008027425264801408
Luis Alberto Suárez Díaz,Barcelona,35,2,112.1,37.1,Post,Right Foot,Open Play,True,0.29755476,0,8.415461959987704,0.7889000284363408,0.2702008361827214,0.3758704283181166,0.42465488864790757,-0.02735392381727858,0.07831566831811665,0.1271001286479076
Arturo Erasmo Vidal Pardo,Barcelona,35,4,115.1,46.1,Blocked,Left Foot,Open Play,True,0.18966863,0,7.824321056807426,0.6434970940941325,0.2627323247565343,0.34875253115138577,0.34775738990595717,0.07306369475653429,0.15908390115138576,0.15808875990595717
Jordi Alba Ramos,Barcelona,35,47,103.6,29.1,Blocked,Left Foot,Open Play,True,0.056373082,0,19.691876497683,0.31030419969493916,0.08201975823894901,0.0943718884706886,0.08883591091509252,0.025646676238949014,0.0379988064706886,0.03246282891509252
Ivan Rakitić,Barcelona,36,39,112.0,38.9,Saved,Head,Open Play,False,0.24706541,0,8.075270893288968,0.8464378631084893,0.28450635611396147,0.1098915250154847,0.11285546331840124,0.037440946113961454,-0.13717388498451533,-0.13420994668159877
Lionel Andrés Messi Cuccittini,Barcelona,36,41,113.1,47.1,Post,Head,Open Play,False,0.25297776,0,9.900505037623086,0.5380994674016651,0.2133272717159387,0.07174086543250056,0.07545923680120936,-0.039650488284061286,-0.18123689456749942,-0.17751852319879063
Hernán Arsenio Pérez González,Espanyol,40,53,113.0,43.0,Off T,Head,Open Play,False,0.12246964,0,7.615773105863909,0.8545209127072082,0.29487174757275897,0.11582933025463515,0.11648910220259218,0.17240210757275898,-0.00664030974536485,-0.005980537797407828
Luis Alberto Suárez Díaz,Barcelona,44,31,119.0,30.9,Goal,Left Foot,Open Play,False,0.014568271,1,9.154780172128659,0.10358393951349802,0.17957655311423518,0.1626321305812567,0.15286547713413307,0.16500828211423518,0.1480638595812567,0.13829720613413307
Sergi Darder Moll,Espanyol,52,20,99.1,50.1,Wayward,Right Foot,Open Play,True,0.033509202,0,23.212496634356253,0.28333663145935956,0.05851990942640646,0.0676114266742531,0.07074906164705111,0.02501070742640646,0.0341022246742531,0.03723985964705111
Luis Alberto Suárez Díaz,Barcelona,55,13,88.2,32.7,Blocked,Right Foot,Free Kick,False,0.030921033,0,32.62713594540593,0.2179350174374569,0.023112131034933932,0.03768242996653246,0.04261991818738739,-0.007808901965066069,0.006761396966532461,0.01169888518738739
Ousmane Dembélé,Barcelona,57,2,107.3,29.8,Blocked,Right Foot,Open Play,False,0.09770712,0,16.28895331198417,0.35350076924160845,0.11373459419784884,0.10147493242872443,0.10008614686081589,0.01602747419784885,0.0037678124287244402,0.002379026860815897
Lionel Andrés Messi Cuccittini,Barcelona,57,7,114.7,49.0,Saved,Right Foot,Open Play,False,0.23628311,0,10.444615837837214,0.38516623864736776,0.1885536080830774,0.18445673577753183,0.18351754988065058,-0.0477295019169226,-0.05182637422246816,-0.05276556011934941
Hernán Arsenio Pérez González,Espanyol,57,38,101.1,50.9,Saved,Left Foot,Open Play,False,0.083256885,0,21.817882573705457,0.2905853507341425,0.06681886637926641,0.050778421783413276,0.04887065430663352,-0.016438018620733588,-0.03247846321658673,-0.034386230693366486
Lionel Andrés Messi Cuccittini,Barcelona,64,27,92.8,28.1,Goal,Left Foot,Free Kick,False,0.04339203,1,29.689223634174066,0.22546816591968918,0.030735986501481172,0.04924140197718761,0.04914811213631662,-0.012656043498518826,0.005849371977187615,0.00575608213631662
Marc Roca Junqué,Espanyol,66,23,86.1,51.0,Saved,Left Foot,Open Play,False,0.006765969,0,35.640005611671846,0.19493477813185894,0.01704847130773579,0.010068768082307087,0.012785693297098562,0.01028250230773579,0.003302799082307087,0.006019724297098562
Borja Iglesias Quintas,Espanyol,67,18,115.1,35.1,Off T,Right Foot,Open Play,False,0.24073598,0,6.929646455628169,0.8030379516618462,0.3018217309713719,0.32461274737431434,0.3178638412811859,0.061085750971371894,0.08387676737431435,0.0771278612811859
Philippe Coutinho Correia,Barcelona,68,57,110.4,27.2,Saved,Right Foot,Open Play,False,0.050434124,0,15.999999999999998,0.28194076307748556,0.11183347742904996,0.09901403155689688,0.09035936336481915,0.061399353429049966,0.04857990755689688,0.03992523936481915
Lionel Andrés Messi Cuccittini,Barcelona,68,59,112.7,41.3,Saved,Head,Open Play,False,0.38777235,0,7.414849964766647,0.9094842511888007,0.3066551273237571,0.12311511773105689,0.12188850191954573,-0.08111722267624288,-0.2646572322689431,-0.2658838480804543
Ivan Rakitić,Barcelona,79,0,116.8,28.9,Blocked,Right Foot,Open Play,False,0.022416975,0,11.552056094046637,0.19269073835247036,0.1550875618492388,0.14489901837032973,0.13132230584027804,0.1326705868492388,0.12248204337032972,0.10890533084027804
Víctor Sánchez Mata,Espanyol,80,52,110.1,39.9,Off T,Head,Open Play,False,0.07251559,0,9.900505037623088,0.7081683187829204,0.23280701115166685,0.08189047091673689,0.08947156874237112,0.16029142115166684,0.009374880916736883,0.01695597874237112
Leonardo Carrilho Baptistão,Espanyol,84,34,99.1,50.1,Blocked,Right Foot,Open Play,True,0.031098267,0,23.212496634356253,0.28333663145935956,0.05851990942640646,0.0676114266742531,0.07074906164705111,0.027421642426406462,0.0365131596742531,0.03965079464705111
Borja Iglesias Quintas,Espanyol,90,16,106.5,36.9,Blocked,Right Foot,Open Play,True,0.08047921,0,13.851353724455961,0.5056977394295235,0.15269565939842988,0.20311894055488616,0.22292950982366688,0.07221644939842989,0.12263973055488617,0.1424502998236669
Dídac Vilá Rosselló,Espanyol,90,23,102.1,32.1,Wayward,Right Foot,Open Play,True,0.07438837,0,19.565786465153916,0.3408393168608848,0.08450399378453169,0.10351043360165983,0.10622167570263748,0.010115623784531694,0.029122063601659837,0.03183330570263748
Munir El Haddadi Mohamed,Barcelona,94,38,111.1,51.8,Blocked,Right Foot,Open Play,False,0.09655675,0,14.780054127099808,0.30762501772860734,0.1261315958684956,0.1143372619231878,0.10715466071995554,0.029574845868495597,0.017780511923187803,0.010597910719955542
Emmanuel Okyere Boateng,Levante UD,4,18,109.2,55.2,Saved,Right Foot,Open Play,False,0.053994793,0,18.646179233290663,0.23222657822733087,0.08593109982521678,0.07225905918330938,0.061973209096298686,0.03193630682521678,0.018264266183309383,0.007978416096298686
Thomas Vermaelen,Barcelona,9,18,109.6,35.5,Off T,Head,Open Play,False,0.036841307,0,11.331813623599716,0.5846951500017541,0.1955332253755641,0.06389199842860764,0.07008852669667374,0.15869191837556412,0.027050691428607644,0.03324721969667375
Lionel Andrés Messi Cuccittini,Barcelona,9,58,95.6,40.7,Off T,Left Foot,Open Play,False,0.03404741,0,24.410038918445014,0.29754391424943877,0.05284713954094255,0.038475198801546595,0.040217652756377106,0.01879972954094255,0.004427788801546595,0.006170242756377106
Rubén Rochina Naixes,Levante UD,12,49,91.1,56.1,Blocked,Left Foot,Open Play,False,0.007976203,0,33.082019285406396,0.19324999555402864,0.021776264684602635,0.013422338201621064,0.014755744599355133,0.013800061684602636,0.005446135201621065,0.006779541599355133
Lionel Andrés Messi Cuccittini,Barcelona,25,29,94.7,50.2,Saved,Left Foot,Free Kick,False,0.04648035,0,27.278746305503116,0.24821197490581975,0.039172313551048575,0.06501456458602213,0.06321949006453674,-0.007308036448951422,0.018534214586022134,0.016739140064536744
Rubén Rochina Naixes,Levante UD,27,21,93.6,56.4,Blocked,Left Foot,Free Kick,False,0.015493549,0,31.079253530289307,0.20016309914828925,0.026491941944059325,0.04145987256863473,0.04054396773546213,0.010998392944059325,0.02596632356863473,0.025050418735462127
Emmanuel Okyere Boateng,Levante UD,32,26,112.1,33.1,Post,Left Foot,Open Play,False,0.26520702,0,10.489041900955495,0.5393028493486381,0.20393675989363436,0.1940263414102212,0.198917037302969,-0.06127026010636566,-0.0711806785897788,-0.06628998269703101
José Ángel Gómez Campaña,Levante UD,32,31,107.3,26.5,Blocked,Left Foot,Open Play,False,0.05623473,0,18.534832073693035,0.27447867886398264,0.08903225332345002,0.07131935236065036,0.06385544912081229,0.032797523323450026,0.015084622360650363,0.007620719120812289
Lionel Andrés Messi Cuccittini,Barcelona,32,54,100.0,33.8,Blocked,Left Foot,Open Play,False,0.061956845,0,20.93895890439637,0.3317082058476054,0.07424199874813538,0.05769904296927045,0.058650060254025846,0.012285153748135373,-0.004257802030729556,-0.0033067847459741576
Luis Alberto Suárez Díaz,Barcelona,34,25,109.7,40.9,Goal,Right Foot,Open Play,True,0.24644971,1,10.339245620450264,0.6785926679286397,0.22182132712815852,0.3057858664008318,0.3493379138415272,-0.024628382871841464,0.059336156400831785,0.10288820384152719
José Luis Morales Nogales,Levante UD,37,14,114.2,25.6,Blocked,Right Foot,Open Play,False,0.01724618,0,15.52417469626002,0.18441476794611938,0.11007227142241503,0.09656032314296654,0.07985563610788876,0.09282609142241503,0.07931414314296654,0.06260945610788876
Erick Cathriel Cabaco Almada,Levante UD,37,51,112.5,37.6,Saved,Head,Open Play,False,0.08464433,0,7.874642849044012,0.8460456840221982,0.2884725856184223,0.11212120380950967,0.11412827386620189,0.20382825561842233,0.027476873809509667,0.029483943866201887
Ivan Rakitić,Barcelona,41,23,90.9,57.6,Off T,Right Foot,Open Play,False,0.0066075632,0,34.00838131990407,0.1842210938629212,0.0198077352440573,0.012763096339700365,0.0144841393411755,0.013200172044057299,0.0061555331397003645,0.007876576141175498
Lionel Andrés Messi Cuccittini,Barcelona,42,8,111.4,49.0,Goal,Right Foot,Open Play,False,0.20736858,1,12.448293055676345,0.41842775216141564,0.1633087483785469,0.1561225844740727,0.15757172990928583,-0.044059831621453105,-0.05124599552592729,-0.04979685009071416
Lionel Andrés Messi Cuccittini,Barcelona,46,54,103.6,38.4,Goal,Left Foot,Open Play,True,0.135215,1,16.47786393923679,0.43532186846423465,0.11737156178212024,0.143222873258039,0.15463433233045082,-0.01784343821787976,0.008007873258039006,0.019419332330450817
Antonio García Aranda,Levante UD,48,38,104.3,24.2,Saved,Left Foot,Open Play,False,0.039964445,0,22.273975846265078,0.23371816229728484,0.06186634308324194,0.04616762145921189,0.04015556705726756,0.021901898083241937,0.0062031764592118885,0.00019112205726756065
Enis Bardhi,Levante UD,49,8,91.4,49.3,Off T,Left Foot,Open Play,True,0.02158059,0,30.07407521437691,0.23076326707989822,0.029732850792767215,0.028895052787021133,0.03763269767880378,0.008152260792767214,0.007314462787021133,0.016052107678803777
José Ángel Gómez Campaña,Levante UD,54,17,104.7,36.0,Blocked,Left Foot,Open Play,True,0.13749294,0,15.814234094637651,0.4419517827796358,0.12475667938157675,0.15350678693318903,0.16295041108687455,-0.012736260618423256,0.016013846933189024,0.025457471086874545
Luis Alberto Suárez Díaz,Barcelona,54,40,112.0,50.1,Saved,Right Foot,Open Play,False,0.35086522,0,12.88448679614365,0.36638675998454645,0.15303751601465596,0.14417188421384336,0.14138486947853707,-0.19782770398534402,-0.20669333578615662,-0.2094803505214629
Enis Bardhi,Levante UD,56,58,89.5,34.7,Saved,Right Foot,Free Kick,False,0.032169916,0,30.957067044537663,0.23201313627138034,0.027357387905127494,0.04576230443130676,0.0500121132228832,-0.004812528094872506,0.013592388431306758,0.017842197222883202
Lionel Andrés Messi Cuccittini,Barcelona,59,28,115.3,37.7,Goal,Left Foot,Open Play,True,0.5726979,1,5.232590180780453,1.1847196953565666,0.3965323670511362,0.5318841954562338,0.5848929726506359,-0.17616553294886378,-0.040813704543766205,0.012195072650635908
Erick Cathriel Cabaco Almada,Levante UD,65,46,115.8,31.3,Blocked,Right Foot,Open Play,True,0.058392283,0,9.660745312862772,0.3671738338182194,0.19868873519208416,0.26799949139191803,0.22154968235839448,0.14029645219208414,0.20960720839191804,0.16315739935839446
Arthur Henrique Ramos de Oliveira Melo,Barcelona,68,8,94.0,36.8,Saved,Right Foot,Open Play,False,0.040755115,0,26.196182928052707,0.27565775064608933,0.0441258707613919,0.03297046110909771,0.03533694656814313,0.003370755761391897,-0.007784653890902292,-0.005418168431856871
Enis Bardhi,Levante UD,73,6,91.7,45.5,Off T,Right Foot,Open Play,False,0.029190991,0,28.8294987816299,0.24810665237857837,0.033833784250349976,0.02406266040008382,0.026479078168448,0.004642793250349976,-0.00512833059991618,-0.0027119128315519977
Sanjin Prcić,Levante UD,74,52,90.4,45.9,Wayward,Right Foot,Open Play,True,0.014851812,0,30.182279569310193,0.23686572144452578,0.029543916245107268,0.030485198855654896,0.0416984794960525,0.014692104245107267,0.015633386855654893,0.026846667496052502
José Ángel Gómez Campaña,Levante UD,75,2,91.3,28.3,Off T,Right Foot,Open Play,False,0.020605031,0,30.99322506613341,0.218265047669851,0.027023198383226577,0.018430815173328924,0.02032829510920497,0.006418167383226578,-0.0021742158266710755,-0.0002767358907950282
Lionel Andrés Messi Cuccittini,Barcelona,77,56,95.3,48.2,Off T,Left Foot,Free Kick,False,0.061749477,0,26.025564355072113,0.2658748739491517,0.04456034187325991,0.07531060136857844,0.07343777281004242,-0.017189135126740085,0.01356112436857844,0.011688295810042423
Sanjin Prcić,Levante UD,78,38,94.9,40.7,Off T,Right Foot,Open Play,False,0.04919532,0,25.109759058979435,0.2893751699318231,0.04926439043103226,0.03758234037609898,0.04012019923640783,6.907043103225596e-05,-0.011612979623901024,-0.009075120763592168
Luis Alberto Suárez Díaz,Barcelona,79,55,103.3,43.8,Off T,Right Foot,Open Play,True,0.38925165,0,17.12687945890903,0.4117287110789737,0.10941143088056003,0.1393873495292763,0.15009674339444512,-0.27984021911943996,-0.2498643004707237,-0.23915490660555488
Borja Mayoral Moya,Levante UD,81,4,105.9,50.2,Saved,Right Foot,Open Play,False,0.12583812,0,17.40258601472781,0.3425196087266542,0.10251828040123495,0.08968813047618993,0.0884287410524397,-0.023319839598765046,-0.03614998952381007,-0.0374093789475603
David Remeseiro Salgueiro,Levante UD,81,25,100.3,46.3,Off T,Right Foot,Open Play,True,0.039237957,0,20.682843131445928,0.33488815970373964,0.07613347848972037,0.0918316520514203,0.09781555131950857,0.03689552148972037,0.0525936950514203,0.058577594319508576
Philippe Coutinho Correia,Barcelona,84,32,101.2,36.0,Off T,Right Foot,Open Play,False,0.10116166,0,19.220822042774337,0.36882637444132554,0.08864015853989887,0.07564493131238405,0.07974343148101039,-0.012521501460101128,-0.025516728687615953,-0.021418228518989613
Denis Suárez Fernández,Barcelona,85,15,109.5,48.5,Saved,Right Foot,Open Play,False,0.383022,0,13.509256086106296,0.4265998694131903,0.1502823153279585,0.14164267965317315,0.14483415417434367,-0.23273968467204148,-0.24137932034682683,-0.2381878458256563
Sanjin Prcić,Levante UD,85,58,100.0,42.7,Blocked,Left Foot,Open Play,False,0.04762016,0,20.18142710513803,0.35585085603906613,0.08068494744270252,0.0637939158446174,0.06631157608998288,0.03306478744270252,0.016173755844617395,0.018691416089982878
Gerard Piqué Bernabéu,Barcelona,87,15,109.4,37.4,Goal,Left Foot,Open Play,False,0.30244762,1,10.914210919713797,0.6331225368054972,0.20726348007819645,0.19883704643122047,0.211107631021055,-0.09518413992180352,-0.10361057356877951,-0.09133998897894496
Sanjin Prcić,Levante UD,90,25,95.0,39.7,Saved,Right Foot,Open Play,False,0.048020724,0,25.001799935204666,0.290694231963885,0.049803585213595736,0.03807178255561502,0.04062269347795019,0.001782861213595735,-0.009948941444384983,-0.007398030522049813
Sofiane Boufal,Celta Vigo,1,49,94.8,29.1,Blocked,Right Foot,Open Play,False,0.023134686,0,27.456328960733263,0.2441527995394303,0.0384232013714385,0.02794538111555047,0.02885933537884833,0.0152885153714385,0.004810695115550469,0.0057246493788483295
Néstor Alejandro Araújo Razo,Celta Vigo,2,23,115.3,37.2,Off T,Head,Open Play,False,0.42998374,0,5.470831746635973,1.1227926541707993,0.3812532451598459,0.17345111031359456,0.14558951871226625,-0.048730494840154126,-0.25653262968640544,-0.28439422128773373
Lionel Andrés Messi Cuccittini,Barcelona,9,34,102.3,37.0,Saved,Left Foot,Open Play,True,0.09813295,0,17.952437160452618,0.39715553719252894,0.1008956444374681,0.12031669894937136,0.12855490277154158,0.0027626944374680995,0.022183748949371362,0.030421952771541583
Ousmane Dembélé,Barcelona,9,36,112.3,31.8,Goal,Left Foot,Open Play,True,0.16101693,1,11.248555462813883,0.4622097018650732,0.18433005254825338,0.23711236526403062,0.22121703258008038,0.02331312254825338,0.07609543526403062,0.06020010258008038
Jordi Alba Ramos,Barcelona,20,39,95.7,50.3,Blocked,Right Foot,Open Play,True,0.06863178,0,26.392802049043596,0.25470812580563085,0.042749714256936425,0.04690886226030171,0.053413130529475196,-0.02588206574306358,-0.02172291773969829,-0.015218649470524807
Maximiliano Gómez González,Celta Vigo,23,54,100.8,41.4,Saved,Right Foot,Open Play,False,0.055137943,0,19.250974001333027,0.3748517794283261,0.08872333521671621,0.07575913764491779,0.08062776223298823,0.03358539221671621,0.020621194644917788,0.02548981923298823
Luis Alberto Suárez Díaz,Barcelona,30,9,101.1,46.2,Off T,Right Foot,Open Play,False,0.07410925,0,19.890952717253146,0.34726001013386104,0.08239142746375665,0.06928052949283414,0.0717403655352825,0.008282177463756646,-0.0048287205071658595,-0.0023688844647175022
Hugo Mallo Novegil,Celta Vigo,39,30,109.3,55.3,Off T,Right Foot,Open Play,True,0.04535478,0,18.670297265978387,0.2295553267661648,0.0856072531719003,0.10430624461582141,0.07907516698195785,0.040252473171900297,0.05895146461582142,0.03372038698195785
Lionel Andrés Messi Cuccittini,Barcelona,44,33,101.9,37.7,Goal,Left Foot,Open Play,False,0.25337613,1,18.245547402037566,0.3930969195384024,0.09808177005254627,0.08064747085423715,0.08467323680073266,-0.15529435994745372,-0.17272865914576283,-0.16870289319926732
Sofiane Boufal,Celta Vigo,49,26,110.1,45.2,Blocked,Left Foot,Open Play,False,0.06126856,0,11.182575731914367,0.5756989738641751,0.19690179262711757,0.1865424725175364,0.19564683524633375,0.13563323262711757,0.1252739125175364,0.13437827524633375
Brais Méndez Portela,Celta Vigo,55,11,99.0,45.8,Off T,Left Foot,Open Play,False,0.09965798,0,21.78623418583395,0.3216956584167742,0.06831020332036704,0.05223579066551091,0.05324137883810931,-0.031347776679632955,-0.047422189334489086,-0.04641660116189068
Luis Alberto Suárez Díaz,Barcelona,59,25,105.9,32.4,Off T,Left Foot,Open Play,False,0.34127867,0,16.017802595861887,0.40139294318870844,0.119738744326911,0.10229029588222413,0.10402908777383818,-0.221539925673089,-0.23898837411777588,-0.23724958222616183
Nélson Cabral Semedo,Barcelona,66,28,107.9,56.5,Saved,Right Foot,Open Play,False,0.049686275,0,20.4611827615121,0.21517027602569974,0.07219050456019442,0.05873082920084376,0.04933202758616521,0.02250422956019442,0.009044554200843755,-0.0003542474138347948
Róbert Mazáň,Celta Vigo,76,26,94.6,27.3,Blocked,Left Foot,Open Play,False,0.024734685,0,28.398063314247334,0.2302863729703584,0.03484507976099675,0.023410391945820726,0.023658761740444238,0.010110394760996753,-0.0013242930541792729,-0.0010759232595557618
Maximiliano Gómez González,Celta Vigo,76,51,114.7,31.4,Wayward,Head,Open Play,False,0.05972825,0,10.101980003939822,0.4125022736127045,0.19658440383432207,0.06361885415719705,0.06477752069487354,0.1368561538343221,0.003890604157197053,0.005049270694873542
Francisco José Beltrán Peinado,Celta Vigo,78,41,107.5,25.8,Blocked,Left Foot,Open Play,False,0.040355004,0,18.917980864775185,0.2596124791489056,0.08526351288450024,0.06767867289840766,0.059445072365845654,0.04490850888450024,0.027323668898407663,0.019090068365845654
Francisco José Beltrán Peinado,Celta Vigo,80,46,102.3,45.9,Saved,Left Foot,Open Play,True,0.051744636,0,18.65743819499344,0.36933627279679565,0.09323152874425665,0.10973639227587832,0.11381404008951027,0.041486892744256654,0.057991756275878326,0.06206940408951027
Brais Méndez Portela,Celta Vigo,82,27,100.7,61.4,Saved,Left Foot,Open Play,False,0.008507477,0,28.817529387509953,0.17121601224090416,0.03224717903826581,0.021277535710188495,0.018400653417821013,0.02373970203826581,0.012770058710188496,0.009893176417821014
Philippe Coutinho Correia,Barcelona,89,25,91.8,28.0,Blocked,Right Foot,Open Play,False,0.021965293,0,30.647022693893124,0.21936956170033628,0.02794960387717461,0.019177797253068,0.020903291968701828,0.00598431087717461,-0.002787495746932,-0.0010620010312981723
Lionel Andrés Messi Cuccittini,Barcelona,91,35,99.1,28.4,Off T,Left Foot,Free Kick,False,0.066200085,0,23.903347045968275,0.26760800264021267,0.054362055252639575,0.09415928387564233,0.08694354449859895,-0.01183802974736043,0.027959198875642327,0.020743459498598946
Ángel Luis Rodríguez Díaz,Getafe,5,9,103.7,48.2,Off T,Right Foot,Open Play,True,0.12042114,0,18.246369501903658,0.35737228824421063,0.0960048347788074,0.11982216899075734,0.12068868135946242,-0.02441630522119259,-0.000598971009242652,0.0002675413594624282
Vitorino Gabriel Pacheco Antunes,Getafe,15,39,91.0,33.7,Wayward,Left Foot,Open Play,True,0.01602747,0,29.67642161716941,0.24004196295763205,0.031062120018438274,0.03042757009999868,0.039989539325761464,0.015034650018438275,0.014400100099998682,0.023962069325761465
Lionel Andrés Messi Cuccittini,Barcelona,19,48,108.5,34.0,Saved,Left Foot,Open Play,True,0.15501873,0,12.971121771072847,0.4979220313271678,0.1634898676154958,0.20828145583877725,0.21529129439565758,0.00847113761549581,0.05326272583877725,0.06027256439565759
Lionel Andrés Messi Cuccittini,Barcelona,19,50,117.0,31.0,Goal,Left Foot,Open Play,True,0.3412828,1,9.486832980505138,0.2791808089883522,0.19221984123113864,0.2457319743330447,0.18086971778978025,-0.14906295876886136,-0.0955508256669553,-0.16041308221021974
Luis Alberto Suárez Díaz,Barcelona,22,12,117.0,52.0,Saved,Right Foot,Open Play,True,0.020744916,0,12.36931687685298,0.1560231465191872,0.14190160762906193,0.1835866287617559,0.11413615445733054,0.12115669162906192,0.1628417127617559,0.09339123845733054
Gerard Piqué Bernabéu,Barcelona,25,30,114.4,35.3,Saved,Left Foot,Open Play,True,0.37003344,0,7.310950690573693,0.7969663289871463,0.29317312684886915,0.39256630641025764,0.4204788748132784,-0.07686031315113084,0.022532866410257646,0.0504454348132784
Luis Alberto Suárez Díaz,Barcelona,28,15,103.6,31.7,Blocked,Right Foot,Open Play,False,0.106208645,0,18.380696395947577,0.35437957211974946,0.09469856894152844,0.08171870182880075,0.08300890614801595,-0.011510076058471569,-0.02448994317119925,-0.02319973885198405
Luis Alberto Suárez Díaz,Barcelona,38,35,100.5,46.9,Goal,Right Foot,Open Play,True,0.046158135,1,20.68477701112584,0.3316739502687228,0.07597081513941886,0.09158762105133805,0.09675378030759366,0.02981268013941886,0.04542948605133805,0.050595645307593654
Mauro Wilney Arambarri Rosa,Getafe,40,28,106.8,35.1,Wayward,Right Foot,Open Play,True,0.13634709,0,14.080127840328725,0.4816448284794108,0.14780281125664632,0.19571022641495459,0.20924124901796418,0.011455721256646317,0.05936313641495458,0.07289415901796417
Ángel Luis Rodríguez Díaz,Getafe,41,7,102.6,43.9,Off T,Right Foot,Open Play,True,0.07770694,0,17.831713322056302,0.39608290490042103,0.1019090977818336,0.12851957604142686,0.13830667614654407,0.0242021577818336,0.050812636041426856,0.06059973614654407
Jaime Mata Arnaiz,Getafe,42,27,118.7,39.4,Goal,Right Foot,Open Play,True,0.9267157,1,1.4317821063276335,0.6979201811098059,0.408703491928175,0.553352877090997,0.4981809784455612,-0.518012208071825,-0.373362822909003,-0.42853472155443884
Mauro Wilney Arambarri Rosa,Getafe,43,46,90.9,45.2,Off T,Right Foot,Open Play,True,0.019396717,0,29.56095397648729,0.2426785873105437,0.031457602176784845,0.03281009742069689,0.0439406232425205,0.012060885176784844,0.01341338042069689,0.0245439062425205
Ángel Luis Rodríguez Díaz,Getafe,48,1,112.8,51.6,Off T,Right Foot,Open Play,False,0.128915,0,13.652838532700812,0.2957079006612312,0.13787993141226462,0.1269253556378972,0.11836148934498325,0.00896493141226462,-0.001989644362102805,-0.010553510655016751
Lionel Andrés Messi Cuccittini,Barcelona,53,12,106.1,31.1,Saved,Right Foot,Open Play,True,0.105519824,0,16.505150711217397,0.3742948673882916,0.11298694756702621,0.14419331884134953,0.140523920835098,0.00746712356702621,0.038673494841349534,0.03500409683509799
Leandro Daniel Cabrera Sasía,Getafe,58,51,111.7,35.9,Saved,Head,Open Play,False,0.09559769,0,9.257429448826493,0.6988244435961443,0.24311394850468881,0.0869604842410732,0.09286530184994356,0.1475162585046888,-0.008637205758926805,-0.0027323881500564418
Vitorino Gabriel Pacheco Antunes,Getafe,59,55,90.0,29.1,Blocked,Left Foot,Open Play,False,0.016284587,0,31.918803235710453,0.21504026708523039,0.024686360789296317,0.015580360061518458,0.017442379197949383,0.008401773789296317,-0.0007042269384815412,0.0011577921979493838
Lionel Andrés Messi Cuccittini,Barcelona,62,15,95.8,30.9,Off T,Left Foot,Free Kick,False,0.06380812,0,25.854400012377006,0.2641092147859207,0.04522956770286184,0.07657871862127748,0.07396926852631336,-0.018578552297138153,0.012770598621277482,0.010161148526313363
Lionel Andrés Messi Cuccittini,Barcelona,74,53,101.3,42.5,Saved,Left Foot,Open Play,True,0.27254462,0,18.866372200293306,0.3801697028906317,0.09211212672111364,0.10830414591497688,0.11628716137757351,-0.18043249327888639,-0.16424047408502312,-0.15625745862242651
Jorge Molina Vidal,Getafe,81,4,107.4,29.0,Blocked,Left Foot,Open Play,False,0.053423654,0,16.726027621644054,0.33334131535239875,0.10819478646469151,0.09027301131377719,0.08598903622651496,0.05477113246469151,0.036849357313777184,0.03256538222651496
Lionel Andrés Messi Cuccittini,Barcelona,82,17,92.9,40.1,Saved,Left Foot,Open Play,False,0.021718958,0,27.100184501216955,0.26848262750221785,0.040352171534889236,0.027911907259585964,0.02983329140919261,0.018633213534889236,0.0061929492595859635,0.008114333409192612
Clément Lenglet,Barcelona,83,48,114.1,38.7,Off T,Head,Open Play,False,0.20262733,0,6.041522986797291,1.079563563332424,0.3615258528015831,0.15935917902811247,0.14073216015295398,0.15889852280158312,-0.04326815097188752,-0.06189516984704602
Lionel Andrés Messi Cuccittini,Barcelona,85,15,88.3,51.0,Off T,Left Foot,Free Kick,False,0.021257285,0,33.55428437621641,0.20563171293880245,0.020979334333766392,0.03171019900883646,0.035438382324707196,-0.000277950666233609,0.01045291400883646,0.014181097324707195
Luis Alberto Suárez Díaz,Barcelona,92,40,115.2,53.4,Blocked,Right Foot,Open Play,False,0.020926522,0,14.233762678926466,0.18361231235722655,0.1230275944812166,0.11014456854008199,0.09317389461061826,0.1021010724812166,0.08921804654008199,0.07224737261061825
Sergio Enrich Ametller,Eibar,4,59,112.3,48.1,Wayward,Right Foot,Open Play,True,0.04933747,0,11.17586685675881,0.46802739177167296,0.1859852455536911,0.2510656876679206,0.23889300631780405,0.1366477755536911,0.2017282176679206,0.18955553631780406
José Ángel Valdés Díaz,Eibar,10,15,97.9,25.5,Blocked,Right Foot,Open Play,False,0.02350293,0,26.432177360179764,0.23182797759379786,0.041979385497300487,0.030992752337791148,0.029971043638200485,0.018476455497300488,0.007489822337791149,0.0064681136382004865
Anaitz Arbilla Zabala,Eibar,15,25,108.2,41.9,Wayward,Head,Open Play,False,0.03793256,0,11.951987282456416,0.5883932541463208,0.186519805805658,0.059957666580129326,0.0669409512424073,0.148587245805658,0.02202510658012933,0.029008391242407304
Luis Alberto Suárez Díaz,Barcelona,18,22,107.2,29.2,Goal,Right Foot,Open Play,False,0.29937577,1,16.747537132366656,0.3373966461376249,0.10825013573012297,0.09561590309434752,0.09304702548648214,-0.191125634269877,-0.20375986690565245,-0.20632874451351785
Gonzalo Escalante,Eibar,23,15,99.3,42.3,Blocked,Left Foot,Open Play,False,0.044801816,0,20.82738581771606,0.3459464061821997,0.07565280291589148,0.05905939137171793,0.061355921488791036,0.030850986915891478,0.014257575371717929,0.016554105488791035
Sergio Enrich Ametller,Eibar,27,44,107.9,43.0,Off T,Head,Open Play,False,0.061336692,0,12.466354719804817,0.557651865660777,0.17602383823504417,0.05535891316371883,0.06161067704564757,0.11468714623504417,-0.005977778836281165,0.0002739850456475734
Sergi Roberto Carnicer,Barcelona,28,42,112.5,48.2,Off T,Head,Open Play,False,0.057245135,0,11.112605455067683,0.46257740953210624,0.18637861551459545,0.05939035183993435,0.061695391788951545,0.12913348051459544,0.0021452168399343496,0.004450256788951543
Fabián Ariel Orellana Valenzuela,Eibar,37,12,95.4,47.8,Off T,Left Foot,Open Play,True,0.020841708,0,25.806975801127873,0.269229006761227,0.04557774324720497,0.047663267633731625,0.05418407286415158,0.02473603524720497,0.026821559633731624,0.03334236486415158
Lionel Andrés Messi Cuccittini,Barcelona,52,23,110.5,30.6,Goal,Left Foot,Open Play,False,0.16109194,1,13.364505228402582,0.39839926528376834,0.14971353848030225,0.13338344927393928,0.13163298802146034,-0.01137840151969774,-0.027708490726060714,-0.02945895197853965
Joan Jordán Moreno,Eibar,53,45,98.7,27.7,Blocked,Right Foot,Open Play,False,0.0331208,0,24.596341191323557,0.2576966033050433,0.05065837772964351,0.038756004555174015,0.037873956441076516,0.01753757772964351,0.005635204555174016,0.004753156441076517
Pedro Bigas Rigo,Eibar,54,30,107.1,31.8,Off T,Left Foot,Open Play,True,0.07896166,0,15.285614151874963,0.40501934339907586,0.12777790561239444,0.15735040047158835,0.15299754757712822,0.048816245612394435,0.07838874047158835,0.07403588757712821
Luis Alberto Suárez Díaz,Barcelona,55,17,111.9,40.9,Saved,Head,Open Play,False,0.22199245,0,8.14984662432367,0.841143418726473,0.28231104322692846,0.10862798549759,0.11195236971869774,0.06031859322692845,-0.11336446450241001,-0.11004008028130227
Philippe Coutinho Correia,Barcelona,56,12,117.0,28.1,Saved,Left Foot,Open Play,True,0.026613489,0,12.2723265927859,0.15869573742940135,0.1432797899265331,0.17634193364457468,0.107999201083535,0.11666630092653309,0.1497284446445747,0.081385712083535
Lionel Andrés Messi Cuccittini,Barcelona,57,38,101.1,37.7,Saved,Left Foot,Open Play,True,0.31420144,0,19.039432764659775,0.3773075242015306,0.09054754322389016,0.10617998104947038,0.11419137662136575,-0.22365389677610983,-0.20802145895052962,-0.20001006337863425
Luis Alberto Suárez Díaz,Barcelona,58,24,115.0,52.2,Goal,Right Foot,Open Play,False,0.087233506,1,13.18483977907961,0.224278696047432,0.13771768368370238,0.12618298631846653,0.1124019166700282,0.05048417768370238,0.038949480318466526,0.025168410670028202
Sergio Enrich Ametller,Eibar,65,0,112.9,37.5,Off T,Head,Open Play,False,0.11836415,0,7.52728370662352,0.8765760812777419,0.29973018235294824,0.11880085800773327,0.11872500241875066,0.18136603235294824,0.00043670800773326635,0.000360852418750654
Gonzalo Escalante,Eibar,70,31,116.7,46.2,Off T,Right Foot,Open Play,True,0.14671001,0,7.023531875061152,0.5918407759844085,0.27140790992448255,0.37422774833167066,0.35738111520865157,0.12469789992448255,0.22751773833167066,0.21067110520865157
Pablo Ezequiel De Blasis,Eibar,73,19,111.0,32.5,Saved,Head,Open Play,False,0.061207097,0,11.715374513859981,0.4888523543277479,0.18013763046381687,0.05683270748426658,0.06011284578635276,0.11893053346381686,-0.004374389515733421,-0.0010942512136472432
Enrique García Martínez,Eibar,78,31,115.9,24.0,Saved,Left Foot,Open Play,False,0.011852009,0,16.516960979550685,0.11517929119978769,0.09681876709863195,0.0779694911463433,0.057489711601669526,0.08496675809863195,0.0661174821463433,0.04563770260166952
Fabián Ariel Orellana Valenzuela,Eibar,78,54,114.9,47.7,Wayward,Right Foot,Open Play,True,0.118807636,0,9.235799911215054,0.47888098842861826,0.21772083183627608,0.2969000663284572,0.27297769539973793,0.09891319583627609,0.17809243032845723,0.15417005939973794
Enrique García Martínez,Eibar,87,44,115.0,48.5,Off T,Right Foot,Open Play,True,0.075088724,0,9.86154146165801,0.41154629162859546,0.2002314848405099,0.27084331783423726,0.23536978529720734,0.1251427608405099,0.19575459383423727,0.16028106129720734
Papa Kouly Diop,Eibar,90,38,94.3,35.9,Blocked,Left Foot,Open Play,False,0.029433312,0,26.024987992312315,0.2761217728531306,0.04485212524291884,0.03164264790871339,0.03317507181328994,0.015418813242918838,0.0022093359087133925,0.003741759813289943
Anaitz Arbilla Zabala,Eibar,91,4,110.5,44.1,Off T,Head,Open Play,False,0.05404861,0,10.34698023579827,0.6386437686210849,0.2171661476945582,0.07401845792661756,0.08064255390873648,0.1631175376945582,0.01996984792661756,0.026593943908736484
Philippe Coutinho Correia,Barcelona,8,49,105.7,32.5,Blocked,Right Foot,Open Play,False,0.07967057,0,16.147445618425223,0.40034452929003317,0.11833365974841085,0.10666219519858966,0.11031016802970153,0.03866308974841086,0.026991625198589664,0.030639598029701537
Luis Alberto Suárez Díaz,Barcelona,23,18,107.1,28.2,Off T,Left Foot,Open Play,True,0.06228635,0,17.48284873812046,0.31251432478866986,0.0999969505176607,0.11845921336555433,0.10328921874177383,0.037710600517660696,0.05617286336555433,0.04100286874177383
Luis Alberto Suárez Díaz,Barcelona,26,14,87.6,35.4,Saved,Right Foot,Free Kick,False,0.026422815,0,32.72491405641886,0.2206168108742506,0.022936464981065028,0.037360553188549736,0.042846804055075335,-0.003486350018934971,0.010937738188549737,0.016423989055075337
Óscar Rodríguez Arnaiz,Leganés,29,11,94.2,27.5,Blocked,Right Foot,Open Play,False,0.02123061,0,28.668623964187745,0.2294750909058483,0.03394663190071074,0.02412572521169127,0.025005840427550424,0.01271602190071074,0.002895115211691269,0.003775230427550423
Luis Alberto Suárez Díaz,Barcelona,30,26,113.0,49.6,Off T,Right Foot,Open Play,True,0.06192511,0,11.881077392223318,0.38141181081763087,0.1676047322768365,0.22330485103481962,0.19357713498151038,0.1056796222768365,0.1613797410348196,0.13165202498151038
Ousmane Dembélé,Barcelona,31,34,106.3,34.2,Goal,Right Foot,Open Play,True,0.24087648,1,14.877163708180401,0.44937683506492104,0.13570985854294704,0.17776087043858826,0.18646801954894685,-0.10516662145705297,-0.06311560956141174,-0.05440846045105316
Philippe Coutinho Correia,Barcelona,44,9,102.2,42.5,Off T,Right Foot,Open Play,True,0.10780322,0,17.97470444819608,0.3982436348997682,0.10076302180715953,0.12690223021870986,0.13809707814704697,-0.007040198192840477,0.019099010218709855,0.030293858147046965
Philippe Coutinho Correia,Barcelona,47,42,104.0,49.3,Off T,Right Foot,Open Play,True,0.11700418,0,18.50648534973618,0.34190857646100503,0.09294936946414063,0.11538590502863932,0.11344328454135279,-0.024054810535859367,-0.0016182749713606753,-0.003560895458647212
Luis Alberto Suárez Díaz,Barcelona,55,31,98.1,35.7,Off T,Right Foot,Open Play,False,0.044688422,0,22.318154045529845,0.3194089145009713,0.06497421054952038,0.052222086542830205,0.05465312768963267,0.02028578854952038,0.007533664542830207,0.009964705689632675
Martin Braithwaite Christensen,Leganés,56,28,114.9,41.5,Goal,Right Foot,Open Play,True,0.57371664,1,5.3160135440008,1.1918704368206603,0.39570768155789077,0.5465237381131233,0.6067299654532718,-0.17800895844210923,-0.02719290188687673,0.03301332545327185
Ousmane Dembélé,Barcelona,58,12,107.5,56.7,Off T,Right Foot,Open Play,False,0.047249768,0,20.860009587725507,0.21364503508926877,0.06955057822542704,0.05619336125601663,0.047190019868415034,0.022300810225427042,0.008943593256016631,-5.9748131584963504e-05
Óscar Rodríguez Arnaiz,Leganés,60,47,91.5,35.0,Saved,Right Foot,Free Kick,False,0.0428834,0,28.935272592460574,0.24801104138427502,0.03349450351645834,0.057706610262294164,0.060628857560610025,-0.009388896483541659,0.014823210262294162,0.017745457560610023
Youssef En-Nesyri,Leganés,61,45,104.1,61.6,Blocked,Left Foot,Open Play,False,0.0059025567,0,26.82107380400718,0.16339178855479813,0.03875173623412911,0.026414839561503357,0.021223093088554745,0.03284917953412911,0.020512282861503358,0.015320536388554747
Martin Braithwaite Christensen,Leganés,67,6,86.8,45.5,Off T,Right Foot,Open Play,False,0.025865955,0,33.6524887638344,0.21384105249057664,0.02089332113805506,0.013617016348468007,0.0168763387562477,-0.00497263386194494,-0.012248938651531992,-0.008989616243752298
Lionel Andrés Messi Cuccittini,Barcelona,70,21,96.2,46.6,Saved,Left Foot,Open Play,False,0.0402071,0,24.698178070456937,0.28411288860218165,0.05101965575991932,0.03687143493831788,0.03772599193941156,0.010812555759919316,-0.0033356650616821193,-0.0024811080605884397
Luis Alberto Suárez Díaz,Barcelona,70,23,117.0,36.0,Goal,Left Foot,Open Play,True,0.47276723,1,5.0,1.084661496010567,0.38620274493640727,0.5174851114318938,0.550695138872748,-0.08656448506359271,0.04471788143189381,0.07792790887274803
Luis Alberto Suárez Díaz,Barcelona,78,21,107.3,38.3,Saved,Right Foot,Open Play,True,0.17502779,0,12.813274366843164,0.5524896257465768,0.170663031122718,0.2299022118512913,0.25711222333702555,-0.004364758877281993,0.05487442185129132,0.08208443333702556
Lionel Andrés Messi Cuccittini,Barcelona,91,34,107.5,33.7,Goal,Right Foot,Open Play,False,0.14919198,1,13.997856978837866,0.4646454430448968,0.14740300350194424,0.13877721252987865,0.14664710297127817,-0.001788976498055761,-0.01041476747012135,-0.0025448770287218314
Ivan Rakitić,Barcelona,94,48,98.3,32.1,Off T,Left Foot,Open Play,True,0.03263492,0,23.09328906847182,0.29651822871656713,0.05965398047154854,0.06527309759262848,0.06946751867231947,0.02701906047154854,0.03263817759262848,0.03683259867231947
Luis Alberto Suárez Díaz,Barcelona,96,23,107.2,34.4,Saved,Right Foot,Open Play,True,0.087803885,0,13.971399357258383,0.4758655475878025,0.14866573239334346,0.19690201432560153,0.20777109560225832,0.060861847393343466,0.10909812932560153,0.11996721060225832
Aleix García Serrano,Girona,0,24,93.4,41.5,Blocked,Right Foot,Open Play,False,0.019790472,0,26.6422596639249,0.2726304646832927,0.042237171109509225,0.0313059624942061,0.03383325740537782,0.022446699109509225,0.0115154904942061,0.01404278540537782
Nélson Cabral Semedo,Barcelona,8,54,106.4,47.2,Goal,Left Foot,Open Play,True,0.18961194,1,15.388307249337071,0.4192000655511072,0.1277012937562951,0.157378980625511,0.1575702508358031,-0.0619106462437049,-0.032232959374489,-0.03204168916419692
Pedro Alcalá Guirado,Girona,13,36,113.3,45.7,Off T,Head,Open Play,False,0.116277054,0,8.796590248499703,0.6539773280693653,0.24597926953479352,0.08814813436772265,0.09251952035056463,0.1297022155347935,-0.028128919632277358,-0.023757533649435378
Philippe Coutinho Correia,Barcelona,15,3,105.3,32.9,Saved,Right Foot,Open Play,False,0.41482452,0,16.324827717314513,0.4019865303603747,0.11664376539396609,0.10487602048260838,0.108958284727191,-0.2981807546060339,-0.30994849951739156,-0.305866235272809
Lionel Andrés Messi Cuccittini,Barcelona,22,30,97.6,45.8,Off T,Left Foot,Open Play,False,0.04622492,0,23.138712150852307,0.30435304563981663,0.05969488727157653,0.044468063991033466,0.045415768800318466,0.013469967271576525,-0.001756856008966537,-0.0008091511996815362
Lionel Andrés Messi Cuccittini,Barcelona,30,4,98.2,34.3,Blocked,Left Foot,Free Kick,False,0.08718545,0,22.532864886649453,0.3122496850207806,0.06342565996828865,0.11208142443801729,0.10928911848850448,-0.023759790031711345,0.02489597443801729,0.02210366848850448
Cristian Portugués Manzanera,Girona,31,42,101.7,39.9,Off T,Head,Open Play,False,0.04816221,0,18.300273222004087,0.3947800768891707,0.09770641103387975,0.0255596807403536,0.02788616933447159,0.049544201033879756,-0.022602529259646398,-0.020276040665528405
Bernardo José Espinosa Zúñiga,Girona,35,4,114.3,39.0,Saved,Head,Open Play,False,0.15537506,0,5.787054518492117,1.1219744077415048,0.3738431192471639,0.16823517729470472,0.14419503754570365,0.2184680592471639,0.01286011729470471,-0.011180022454296362
Juan Pedro Ramírez López,Girona,35,20,102.6,42.5,Blocked,Left Foot,Open Play,False,0.06128772,0,17.578680269007688,0.40682243197838686,0.10486599270069616,0.08739904113747905,0.0920351667968932,0.04357827270069616,0.026111321137479056,0.03074744679689321
Cristhian Ricardo Stuani Curbelo,Girona,41,21,108.3,52.4,Saved,Right Foot,Open Play,True,0.09752535,0,17.0484603410396,0.29960218141970174,0.10310191806344479,0.1294404113724146,0.11015894308630134,0.005576568063444795,0.03191506137241461,0.01263359308630134
Pere Pons Riera,Girona,41,22,112.3,43.7,Blocked,Right Foot,Open Play,True,0.2613187,0,8.542833253669421,0.7576308782007504,0.26371208890754455,0.36632429481787376,0.40853144900630084,0.002393388907544536,0.10500559481787375,0.14721274900630082
Alejandro Granell Nogué,Girona,44,59,90.1,41.5,Off T,Left Foot,Open Play,False,0.026189543,0,29.937601774357283,0.24300753016018525,0.030358571358327095,0.01991656487911184,0.022246412675214988,0.004169028358327095,-0.006272978120888159,-0.003943130324785011
Lionel Andrés Messi Cuccittini,Barcelona,46,3,91.5,53.4,Off T,Left Foot,Free Kick,False,0.028214965,0,31.49301509858972,0.2100766103072958,0.025629165204712152,0.03994025157568199,0.04103030526864562,-0.002585799795287849,0.01172528657568199,0.012815340268645621
Cristhian Ricardo Stuani Curbelo,Girona,49,36,112.6,51.4,Saved,Right Foot,Open Play,False,0.16313429,0,13.591173606425608,0.30622678767505057,0.1394323936290302,0.1286989766504928,0.12099166711771821,-0.023701896370969783,-0.034435313349507196,-0.04214262288228178
Cristhian Ricardo Stuani Curbelo,Girona,54,25,104.0,33.2,Saved,Right Foot,Open Play,False,0.11613615,0,17.385051049680584,0.38521970479941997,0.10530724886908885,0.09283825822216714,0.0963899944078304,-0.010828901130911145,-0.023297891777832855,-0.019746155592169592
Lionel Andrés Messi Cuccittini,Barcelona,54,37,99.9,30.1,Blocked,Left Foot,Open Play,False,0.034527913,0,22.405802819805402,0.2924791604977702,0.06338882018561963,0.04770879375061223,0.04669080590073116,0.02886090718561963,0.013180880750612231,0.012162892900731158
Lionel Andrés Messi Cuccittini,Barcelona,59,42,105.1,28.2,Blocked,Left Foot,Open Play,False,0.034187198,0,19.00657780874822,0.30383659286295384,0.08688077976108638,0.06941162378866723,0.0651520665338223,0.05269358176108638,0.03522442578866723,0.0309648685338223
Luis Alberto Suárez Díaz,Barcelona,60,17,117.1,48.9,Wayward,Right Foot,Open Play,True,0.072577834,0,9.36055553906925,0.2785615682176872,0.19408471997506124,0.26015418445577027,0.19504428595767537,0.12150688597506125,0.18757635045577026,0.12246645195767537
Cristhian Ricardo Stuani Curbelo,Girona,65,17,109.4,37.5,Wayward,Head,Open Play,False,0.05862669,0,10.89082182390291,0.6354307074667794,0.20789158182181436,0.06969454285052644,0.07704006650934096,0.14926489182181435,0.011067852850526437,0.01841337650934096
Lionel Andrés Messi Cuccittini,Barcelona,67,59,104.2,41.8,Goal,Left Foot,Open Play,False,0.27387187,1,15.902201105507372,0.4499046815417479,0.12438998979103222,0.10736516692889905,0.11439367827218044,-0.1494818802089678,-0.16650670307110096,-0.15947819172781957
Philippe Coutinho Correia,Barcelona,71,57,97.2,26.3,Blocked,Right Foot,Open Play,False,0.027691992,0,26.5994360842481,0.23595869408436598,0.041433412089077006,0.03052673506955617,0.029986690076629748,0.013741420089077007,0.0028347430695561705,0.002294698076629749
Luis Alberto Suárez Díaz,Barcelona,74,27,100.5,35.0,Off T,Right Foot,Open Play,False,0.07803554,0,20.130822139197395,0.3493287171330161,0.0807329399713422,0.06764374901312901,0.07065545574878129,0.002697399971342204,-0.010391790986870986,-0.007380084251218708
Lionel Andrés Messi Cuccittini,Barcelona,76,23,110.1,41.8,Saved,Left Foot,Open Play,True,0.2880414,0,10.06230589874906,0.6897195790079134,0.22783353716066143,0.301260015397602,0.3398651820988206,-0.06020786283933857,0.013218615397601996,0.0518237820988206
Ivan Rakitić,Barcelona,77,39,90.5,40.8,Saved,Right Foot,Open Play,False,0.023992337,0,29.510845463998486,0.2466971862859963,0.031689007987875356,0.022274623370294837,0.025123090129098406,0.007696670987875357,-0.0017177136297051622,0.0011307531290984073
Pere Pons Riera,Girona,85,59,93.8,40.1,Off T,Left Foot,Open Play,False,0.050517816,0,26.20019083899963,0.277588994475873,0.044163181110820696,0.031072128108960408,0.03289743595754462,-0.0063546348891793045,-0.019445687891039592,-0.017620380042455377
Seung-Ho Paik,Girona,88,59,103.3,27.0,Blocked,Left Foot,Open Play,True,0.038298387,0,21.16341182323871,0.2742579868751432,0.07022300948515738,0.07871683149939523,0.07167304505755596,0.03192462248515737,0.04041844449939523,0.03337465805755596
Philippe Coutinho Correia,Barcelona,90,59,115.5,53.1,Blocked,Right Foot,Open Play,False,0.02281321,0,13.851353724455961,0.18252043823866704,0.12704852780126125,0.1144076918670966,0.0974657935823088,0.10423531780126125,0.0915944818670966,0.07465258358230879
Luis Alberto Suárez Díaz,Barcelona,92,26,107.8,32.8,Saved,Right Foot,Open Play,True,0.28493738,0,14.16615685357183,0.44494552428965445,0.14373147433557484,0.18937426257678605,0.19193500717004547,-0.14120590566442517,-0.09556311742321397,-0.09300237282995455
Daniel Parejo Muñoz,Valencia,1,26,97.2,52.3,Saved,Right Foot,Open Play,True,0.032738972,0,25.906176869619337,0.24849908668243753,0.04456932648666726,0.049213071765343445,0.05330193283958245,0.011830354486667263,0.016474099765343447,0.02056296083958245
Daniel Parejo Muñoz,Valencia,2,5,105.5,39.4,Saved,Right Foot,Open Play,True,0.13783462,0,14.512408483776909,0.49373548808515744,0.14352575366862874,0.1896122792858433,0.2103481444862923,0.005691133668628751,0.0517776592858433,0.07251352448629231
Denis Cheryshev,Valencia,2,7,115.3,29.9,Post,Left Foot,Open Play,True,0.118024215,0,11.1400179533069,0.3013112500028279,0.17036578213944953,0.2155545955236503,0.1633402839082867,0.05234156713944953,0.0975303805236503,0.0453160689082867
Lionel Andrés Messi Cuccittini,Barcelona,7,6,94.8,43.6,Saved,Left Foot,Free Kick,False,0.07695142,0,25.455844122715714,0.28288047763110774,0.04750512542388842,0.08103210023901757,0.08074463418081147,-0.029446294576111587,0.004080680239017559,0.003793214180811466
Daniel Parejo Muñoz,Valencia,8,25,101.8,48.0,Off T,Right Foot,Open Play,True,0.054653157,0,19.88064385275286,0.3356909999610902,0.08189084540735965,0.09982857700269819,0.10260473660784365,0.02723768840735965,0.04517542000269819,0.04795157960784365
Nélson Cabral Semedo,Barcelona,9,23,108.8,53.3,Blocked,Right Foot,Open Play,False,0.049037833,0,17.387639287723907,0.2764790417719755,0.09869980429512482,0.08538029568363517,0.07753679100050162,0.04966197129512481,0.03634246268363517,0.028498958000501617
Lionel Andrés Messi Cuccittini,Barcelona,11,31,95.6,55.4,Off T,Left Foot,Open Play,False,0.021679128,0,28.85342267392207,0.21468714990333795,0.03304380740417106,0.021965653731844604,0.021585038007267056,0.01136467940417106,0.00028652573184460503,-9.408999273294305e-05
Philippe Coutinho Correia,Barcelona,14,26,95.1,26.0,Saved,Right Foot,Open Play,False,0.026478512,0,28.565888748645655,0.22330556207219504,0.03414358681964547,0.02428018758275493,0.024631406376656662,0.007665074819645474,-0.00219832441724507,-0.001847105623343337
Kevin Gameiro,Valencia,23,18,109.1,45.3,Goal,Right Foot,Open Play,True,0.3392258,1,12.120231020900555,0.5386847746028189,0.17914630028092063,0.24208097310993798,0.2585697358405034,-0.1600794997190794,-0.09714482689006204,-0.08065606415949661
Daniel Parejo Muñoz,Valencia,31,51,108.1,40.1,Goal,Right Foot,Penalty,False,0.7835,1,11.900420160649796,0.5967253993229291,0.18812789972984928,0.7873425652490889,0.7915535452523359,-0.5953721002701506,0.0038425652490888806,0.008053545252335925
Lionel Andrés Messi Cuccittini,Barcelona,38,43,108.0,40.0,Goal,Left Foot,Penalty,False,0.7835,1,12.0,0.5920752289498059,0.18617549927232185,0.7740376243424335,0.7753932326038918,-0.5973245007276782,-0.009462375657566469,-0.008106767396108161
Sergi Roberto Carnicer,Barcelona,42,51,104.7,23.7,Post,Right Foot,Open Play,False,0.025317023,0,22.355759884199863,0.22631751348770154,0.0611213515353963,0.04827512549688882,0.04216328454564277,0.0358043285353963,0.022958102496888816,0.01684626154564277
Lionel Andrés Messi Cuccittini,Barcelona,42,54,113.5,22.0,Saved,Left Foot,Open Play,True,0.008904223,0,19.13765920900464,0.13403468555134124,0.07745378535828822,0.08733656209930338,0.051584887111805845,0.06854956235828821,0.07843233909930337,0.04268066411180585
Lionel Andrés Messi Cuccittini,Barcelona,44,28,110.5,45.1,Off T,Left Foot,Open Play,True,0.16006258,0,10.782393055347223,0.5944607962744368,0.20519338745067398,0.26818281433398083,0.28558933131386854,0.045130807450673965,0.10812023433398082,0.12552675131386853
Ivan Rakitić,Barcelona,47,24,92.2,37.2,Off T,Right Foot,Open Play,True,0.018864078,0,27.940651388255066,0.2592474253398239,0.03706196512994679,0.03975137420530357,0.05074967592371081,0.018197887129946792,0.020887296205303572,0.03188559792371081
Lionel Andrés Messi Cuccittini,Barcelona,45,57,100.6,37.9,Saved,Left Foot,Open Play,False,0.07713294,0,19.51332877804298,0.36885668971577745,0.08635306700705844,0.06921080751661253,0.07226379818765953,0.009220127007058446,-0.007922132483387467,-0.004869141812340466
Thomas Vermaelen,Barcelona,46,18,105.7,42.3,Off T,Left Foot,Open Play,True,0.052304056,0,14.483784035948613,0.4897101264207441,0.14354340803734458,0.180186538168969,0.19578749097628734,0.09123935203734458,0.12788248216896902,0.14348343497628735
Luis Alberto Suárez Díaz,Barcelona,48,28,113.6,49.6,Blocked,Right Foot,Open Play,True,0.08063847,0,11.53776408148477,0.37298280886792623,0.17155789726054987,0.2289263575278654,0.1950471892826197,0.09091942726054987,0.14828788752786537,0.11440871928261968
Jordi Alba Ramos,Barcelona,49,19,110.5,26.2,Wayward,Right Foot,Open Play,True,0.053698886,0,16.753805537847217,0.2545203354875436,0.10301574214442479,0.1289543021773791,0.09892519552207435,0.049316856144424784,0.0752554161773791,0.04522630952207435
Carles Aleña Castillo,Barcelona,51,59,92.4,40.8,Saved,Left Foot,Open Play,False,0.029424638,0,27.611591768675698,0.26346395039487447,0.038332885836326595,0.02626096825909227,0.028240624091426563,0.008908247836326596,-0.0031636697409077284,-0.0011840139085734364
Ivan Rakitić,Barcelona,54,53,89.0,38.1,Saved,Right Foot,Open Play,False,0.021561328,0,31.058171227552982,0.23418126493088978,0.027132776304266536,0.018539517528895752,0.021580908449557165,0.005571448304266535,-0.003021810471104249,1.958044955716401e-05
Rodrigo Moreno Machado,Valencia,59,23,112.2,49.0,Saved,Left Foot,Open Play,False,0.29411972,0,11.909659944767522,0.41828674002665706,0.1706373386606329,0.1559906302985005,0.1546962521810071,-0.12348238133936706,-0.13812908970149948,-0.13942346781899287
Daniel Wass,Valencia,59,27,100.0,52.0,Blocked,Right Foot,Open Play,True,0.03919278,0,23.323807579381203,0.2692136799093691,0.0574142773061029,0.06607576685097824,0.06662322391517417,0.018221497306102896,0.026882986850978237,0.027430443915174164
Gabriel Armando de Abreu,Valencia,60,16,112.1,39.8,Off T,Head,Open Play,False,0.18447669,0,7.902531240052145,0.8673010138814939,0.29080198111197003,0.11359547572846458,0.11560937545621726,0.10632529111197003,-0.07088121427153542,-0.06886731454378274
Lionel Andrés Messi Cuccittini,Barcelona,62,2,112.3,31.8,Off T,Head,Open Play,False,0.09043971,0,11.248555462813883,0.4622097018650732,0.18433005254825338,0.05851137981247606,0.060834867815156075,0.09389034254825337,-0.031928330187523946,-0.02960484218484393
Rodrigo Moreno Machado,Valencia,62,46,114.5,44.8,Off T,Right Foot,Open Play,True,0.30879748,0,7.299999999999998,0.7899593286566796,0.2924359402792912,0.40642610333828705,0.4372408817187241,-0.016361539720708806,0.09762862333828703,0.1284434017187241
Lionel Andrés Messi Cuccittini,Barcelona,63,24,97.3,34.1,Goal,Left Foot,Open Play,False,0.0348344,1,23.454210709380096,0.3002412388343395,0.05783439639159447,0.042818892043135465,0.04374623543333693,0.022999996391594467,0.007984492043135463,0.008911835433336929
Philippe Coutinho Correia,Barcelona,72,0,90.2,26.0,Off T,Right Foot,Free Kick,False,0.014499954,0,32.924762717444146,0.20099172323240272,0.02221793982817369,0.03596997972776202,0.038991872386456995,0.007717985828173688,0.02147002572776202,0.024491918386456993
Philippe Coutinho Correia,Barcelona,75,29,103.0,23.6,Blocked,Right Foot,Open Play,False,0.031171482,0,23.621176939348302,0.22465556209388882,0.05432362733213164,0.04199283032103074,0.03730820402770216,0.02315214533213164,0.010821348321030738,0.006136722027702157
Rodrigo Moreno Machado,Valencia,77,31,97.8,55.8,Saved,Left Foot,Open Play,False,0.033358097,0,27.248486196484386,0.21930308944727736,0.038568963522459254,0.026370560094873447,0.024862973945132493,0.005210866522459251,-0.006987536905126556,-0.00849512305486751
Santiago Mina Lorenzo,Valencia,79,9,104.9,51.0,Saved,Right Foot,Open Play,False,0.060287498,0,18.681809334215995,0.3181542846061071,0.09021330466797656,0.07697644653336665,0.07470594648466555,0.029925806667976555,0.016688948533366645,0.014418448484665551
Daniel Parejo Muñoz,Valencia,81,15,97.1,53.2,Blocked,Right Foot,Free Kick,False,0.05566331,0,26.431988196123278,0.23991023067136819,0.04219559426311733,0.0749014544730754,0.07063899812613762,-0.013467715736882671,0.019238144473075404,0.014975688126137622
Luis Alberto Suárez Díaz,Barcelona,84,41,109.7,25.8,Blocked,Left Foot,Open Play,True,0.03388285,0,17.54223474931287,0.2507656229982727,0.09587613380403931,0.11245322724989745,0.08555401463308877,0.06199328380403931,0.07857037724989746,0.051671164633088774
Iñaki Williams Arthuer,Athletic Club,5,59,106.1,29.0,Off T,Right Foot,Open Play,True,0.10442406,0,17.725969649077033,0.3261616379334051,0.09867258950817422,0.12336411552068292,0.1136541523123757,-0.005751470491825783,0.018940055520682925,0.009230092312375704
Yuri Berchiche Izeta,Athletic Club,10,49,99.6,20.0,Off T,Left Foot,Open Play,False,0.012637128,0,28.568514137070558,0.1839151423088787,0.03328669445468169,0.022108418201235654,0.01968532093085441,0.02064956645468169,0.009471290201235655,0.007048192930854411
Markel Susaeta Laskurain,Athletic Club,16,12,100.8,52.4,Saved,Left Foot,Open Play,False,0.046867948,0,22.856071403458646,0.26940297827465315,0.0599530425854412,0.04458908211042001,0.04210093499660661,0.013085094585441201,-0.002278865889579991,-0.00476701300339339
Luis Alberto Suárez Díaz,Barcelona,21,32,112.9,38.6,Off T,Head,Open Play,False,0.16729754,0,7.2367119605522445,0.9273518662944684,0.3129141065670103,0.12698946402587077,0.1242912531608215,0.1456165665670103,-0.04030807597412922,-0.043006286839178495
Iñaki Williams Arthuer,Athletic Club,23,45,112.7,47.4,Blocked,Right Foot,Open Play,True,0.051134743,0,10.394710193170367,0.5139362209604761,0.20271726703511925,0.27588052228753146,0.2701816280963716,0.15158252403511924,0.22474577928753145,0.21904688509637157
Raúl García Escudero,Athletic Club,23,47,107.0,34.4,Saved,Right Foot,Open Play,False,0.03248612,0,14.154857823376398,0.47080093000197387,0.14598645090739854,0.13726001765151566,0.14608715599866975,0.11350033090739853,0.10477389765151565,0.11360103599866975
Yuri Berchiche Izeta,Athletic Club,26,3,99.5,37.2,Blocked,Left Foot,Open Play,True,0.0704414,0,20.69033590834136,0.34719839906301,0.07665601164418974,0.08751299369950774,0.09477147672327062,0.006214611644189738,0.01707159369950774,0.024330076723270616
Yeray Álvarez López,Athletic Club,27,41,114.8,39.9,Blocked,Head,Open Play,False,0.26476115,0,5.20096144957834,1.2263724458414276,0.4038876267041591,0.1910441843984465,0.15120492469602329,0.13912647670415912,-0.0737169656015535,-0.11355622530397672
Lionel Andrés Messi Cuccittini,Barcelona,36,14,98.4,58.9,Saved,Left Foot,Open Play,False,0.008874286,0,28.701393694383547,0.192689068400875,0.03305510736764865,0.021940624863007897,0.02012212759643246,0.024180821367648646,0.013066338863007896,0.011247841596432459
Raúl García Escudero,Athletic Club,40,5,111.0,32.2,Blocked,Right Foot,Open Play,False,0.14266856,0,11.909659944767522,0.4739196160379325,0.17590664650031007,0.17092941305634737,0.1765676072924541,0.03323808650031007,0.028260853056347374,0.033899047292454104
Lionel Andrés Messi Cuccittini,Barcelona,41,16,96.9,41.4,Blocked,Left Foot,Open Play,False,0.046035517,0,23.14238535674315,0.3131668348646274,0.06000255577071318,0.0447667745030845,0.046560822826778654,0.013967038770713182,-0.0012687424969154981,0.0005253058267786562
Lionel Andrés Messi Cuccittini,Barcelona,45,4,98.8,29.3,Blocked,Left Foot,Open Play,False,0.025812896,0,23.74721036248258,0.2747501028734857,0.055400701579805964,0.04062201891812262,0.039623776036821885,0.029587805579805965,0.014809122918122624,0.013810880036821887
Philippe Coutinho Correia,Barcelona,48,44,99.4,32.4,Blocked,Right Foot,Open Play,True,0.029457364,0,21.957231155134288,0.3112507698050951,0.06681936124668778,0.07892719503605383,0.08401522479507802,0.037361997246687775,0.04946983103605383,0.05455786079507802
Lionel Andrés Messi Cuccittini,Barcelona,52,50,90.6,32.3,Off T,Left Foot,Free Kick,False,0.03933233,0,30.391610684529383,0.23216310215923516,0.02887403700774465,0.04586321056632965,0.048083114206745645,-0.010458292992255348,0.006530880566329653,0.008750784206745646
Arturo Erasmo Vidal Pardo,Barcelona,53,53,97.6,55.0,Off T,Right Foot,Open Play,False,0.025428154,0,26.95848660440716,0.22592750763985261,0.039803878730695366,0.02909587958997269,0.02815773901557071,0.014375724730695365,0.003667725589972689,0.0027295850155707076
Mikel San José Domínguez,Athletic Club,64,14,98.7,35.1,Off T,Left Foot,Open Play,True,0.06488058,0,21.856349191939625,0.3239739075757724,0.06796953374813118,0.07605502778567781,0.08212559173101949,0.0030889537481311874,0.011174447785677818,0.0172450117310195
Carles Aleña Castillo,Barcelona,69,24,96.7,44.3,Blocked,Left Foot,Open Play,False,0.032423254,0,23.693459012984995,0.3017387782204862,0.056622789433165566,0.04176279059502074,0.04310097076556219,0.024199535433165567,0.009339536595020743,0.010677716765562194
Iñaki Williams Arthuer,Athletic Club,70,30,113.4,47.4,Blocked,Right Foot,Open Play,True,0.046458803,0,9.915644204992427,0.5172246187367177,0.21077307062430248,0.2875166769001115,0.2787096738185557,0.16431426762430248,0.24105787390011152,0.23225087081855572
Luis Alberto Suárez Díaz,Barcelona,72,59,98.4,43.0,Off T,Right Foot,Open Play,False,0.08930384,0,21.807338214463492,0.3296304631755265,0.06851277379221757,0.05563862312785042,0.05855708472053226,-0.020791066207782427,-0.03366521687214957,-0.030746755279467734
Iñaki Williams Arthuer,Athletic Club,81,2,111.6,45.3,Saved,Right Foot,Open Play,False,0.41884318,0,9.93227063666713,0.6248324053180199,0.22257089761251417,0.22689468423386258,0.238112831246999,-0.1962722823874858,-0.1919484957661374,-0.18073034875300098
Yuri Berchiche Izeta,Athletic Club,81,5,106.9,26.6,Off T,Left Foot,Open Play,True,0.04272289,0,18.739530410338457,0.27661560147949493,0.08753130814360315,0.1014740601716587,0.08487188526353895,0.044808418143603146,0.058751170171658706,0.04214899526353895
Raúl García Escudero,Athletic Club,82,15,107.7,47.3,Saved,Head,Open Play,False,0.030264368,0,14.303146506975306,0.4401288999225533,0.14169923338031817,0.0412535512325586,0.04381306778954977,0.11143486538031817,0.010989183232558597,0.01354869978954977
Iñaki Williams Arthuer,Athletic Club,85,40,106.2,57.0,Saved,Right Foot,Open Play,False,0.02937455,0,21.8961183774659,0.21345003340788185,0.06325207478717362,0.050226499466502955,0.04254162866163314,0.033877524787173624,0.020851949466502956,0.013167078661633143
Ousmane Dembélé,Barcelona,93,4,104.2,56.6,Saved,Left Foot,Open Play,False,0.030740153,0,22.91724241700995,0.2222441276479801,0.05789168046789547,0.04264015421607035,0.036593249039081045,0.027151527467895474,0.01190000121607035,0.005853096039081046
Sergio Guardiola Navarro,Real Valladolid,0,52,91.7,38.7,Blocked,Left Foot,Open Play,False,0.028790765,0,28.32984292226132,0.256702515810326,0.0356665680249839,0.024107479256729666,0.026179586325013975,0.0068758030249839,-0.004683285743270333,-0.002611178674986024
Kevin-Prince Boateng,Barcelona,8,56,108.0,55.8,Saved,Right Foot,Open Play,True,0.04703509,0,19.840362899906843,0.22702678525358455,0.0769282039537186,0.09228081359830302,0.07182585360740117,0.029893113953718603,0.04524572359830302,0.024790763607401164
Ousmane Dembélé,Barcelona,17,50,110.7,30.3,Blocked,Right Foot,Open Play,False,0.10606938,0,13.438005804433928,0.3866901896389514,0.14782087438850325,0.1385718072569129,0.13786136557465348,0.041751494388503244,0.032502427256912894,0.03179198557465347
Sergio Guardiola Navarro,Real Valladolid,26,12,105.2,57.6,Off T,Left Foot,Open Play,False,0.025712747,0,22.995651762887697,0.20718001372595637,0.056936765013012744,0.04176489279384803,0.034779407425602614,0.031224018013012743,0.016052145793848026,0.009066660425602613
Lionel Andrés Messi Cuccittini,Barcelona,36,8,98.1,24.6,Blocked,Left Foot,Open Play,False,0.024798097,0,26.772560579817544,0.22408511272808376,0.0404588507317369,0.027912537297242794,0.026265897379137024,0.015660753731736896,0.0031144402972427924,0.0014678003791370221
Lionel Andrés Messi Cuccittini,Barcelona,40,37,97.0,36.5,Blocked,Left Foot,Open Play,False,0.0457258,0,23.264780248263683,0.30875162999175204,0.05916682616690299,0.04401567237442568,0.045526374474854095,0.013441026166902993,-0.0017101276255743203,-0.00019942552514590206
Lionel Andrés Messi Cuccittini,Barcelona,40,39,102.5,39.5,Blocked,Right Foot,Open Play,False,0.08866248,0,17.507141400011598,0.4120290132737901,0.1058513586360732,0.09356857191938525,0.10058619845799537,0.0171888786360732,0.00490609191938525,0.011923718457995364
Lionel Andrés Messi Cuccittini,Barcelona,41,40,106.4,50.2,Blocked,Left Foot,Open Play,False,0.06446961,0,16.999999999999996,0.3466293428516144,0.10646410191637806,0.08863518059185843,0.08597918582234884,0.041994491916378066,0.024165570591858435,0.021509575822348845
Lionel Andrés Messi Cuccittini,Barcelona,42,43,108.0,40.0,Goal,Left Foot,Penalty,False,0.7835,1,12.0,0.5920752289498059,0.18617549927232185,0.7740376243424335,0.7753932326038918,-0.5973245007276782,-0.009462375657566469,-0.008106767396108161
Sergio Guardiola Navarro,Real Valladolid,46,38,103.2,31.7,Off T,Left Foot,Open Play,False,0.061288588,0,18.73846311734236,0.34919848335906706,0.0914499665754581,0.0739938031627352,0.07386724238230927,0.030161378575458107,0.0127052151627352,0.01257865438230927
Lionel Andrés Messi Cuccittini,Barcelona,48,1,110.0,42.4,Saved,Left Foot,Open Play,True,0.14827083,0,10.283968105745952,0.6701590776552294,0.2217938561783548,0.29253220547242476,0.32779812774926326,0.0735230261783548,0.14426137547242476,0.17952729774926326
Daniele Verde,Real Valladolid,49,11,96.1,27.0,Blocked,Left Foot,Open Play,False,0.025135491,0,27.206800620433125,0.23621165949823264,0.03913905346315303,0.026863119140098216,0.026461225456625173,0.01400356246315303,0.0017276281400982162,0.0013257344566251737
Kevin-Prince Boateng,Barcelona,50,22,87.7,37.8,Off T,Right Foot,Open Play,False,0.020693991,0,32.37483590692005,0.22464254094936284,0.023779786181723207,0.015865311873829308,0.01909234342407252,0.003085795181723208,-0.004828679126170691,-0.001601647575927477
Lionel Andrés Messi Cuccittini,Barcelona,52,0,106.4,39.0,Off T,Left Foot,Open Play,False,0.048129868,0,13.636715146984622,0.5232592584414589,0.15696771247149666,0.14218562175254507,0.15307243133413154,0.10883784447149666,0.09405575375254507,0.10494256333413154
Enes Ünal,Real Valladolid,58,51,105.9,47.3,Off T,Head,Open Play,False,0.038145993,0,15.877657257920633,0.4081084301405321,0.12166774547453243,0.033803964238083635,0.03570414814371152,0.08352175247453243,-0.004342028761916368,-0.002441844856288483
José Ignacio Martínez García,Real Valladolid,59,53,104.0,25.8,Wayward,Left Foot,Open Play,True,0.036126632,0,21.392522057952867,0.25777329288039735,0.06807622300388567,0.07585944706347168,0.06661095982273188,0.031949591003885676,0.039732815063471684,0.03048432782273188
Daniele Verde,Real Valladolid,62,9,110.0,45.4,Wayward,Left Foot,Open Play,True,0.07311481,0,11.364858116140297,0.563844929535712,0.19286898616619566,0.25044907632436225,0.26413668406253266,0.11975417616619566,0.17733426632436225,0.19102187406253265
Antonio Jesús Regal Angulo,Real Valladolid,62,12,104.5,45.6,Blocked,Left Foot,Open Play,False,0.08753085,0,16.48059464946578,0.4140060061812264,0.11589182706555873,0.098474993616431,0.10228145367815675,0.028360977065558735,0.010944143616431007,0.014750603678156754
Luis Alberto Suárez Díaz,Barcelona,64,14,105.5,40.5,Saved,Right Foot,Open Play,False,0.4212144,0,14.508618128546908,0.4939683555761857,0.14359035791925887,0.13480372472286634,0.14703114470880324,-0.2776240420807411,-0.28641067527713365,-0.27418325529119675
Lionel Andrés Messi Cuccittini,Barcelona,64,19,100.6,47.0,Saved,Left Foot,Open Play,False,0.06395871,0,20.624257562394828,0.3319538346434598,0.07640128852891695,0.05969719401291248,0.06026889666883386,0.012442578528916948,-0.004261515987087523,-0.0036898133311661432
Sergio Guardiola Navarro,Real Valladolid,67,29,107.6,57.1,Blocked,Left Foot,Open Play,False,0.018478205,0,21.122736565132847,0.2067385090802564,0.06761418350362233,0.05120306367654975,0.04179710046207947,0.049135978503622335,0.03272485867654974,0.023318895462079468
Luis Alberto Suárez Díaz,Barcelona,72,2,112.7,36.8,Wayward,Left Foot,Open Play,True,0.3246057,0,7.970570870395669,0.8172652057522015,0.28267197334870275,0.37876227440046983,0.4226318725307325,-0.04193372665129724,0.05415657440046984,0.09802617253073248
Lionel Andrés Messi Cuccittini,Barcelona,72,29,95.7,53.5,Off T,Left Foot,Open Play,False,0.022849875,0,27.7982013806649,0.23010056144381416,0.03687284510333592,0.025025933749188406,0.02474054733936995,0.014022970103335919,0.0021760587491884073,0.0018906723393699518
Sergi Roberto Carnicer,Barcelona,77,40,101.4,50.8,Off T,Right Foot,Open Play,True,0.0427221,0,21.5081379947219,0.2942946197341317,0.06889396304125783,0.08166135928303421,0.08113914024490337,0.026171863041257834,0.03893925928303421,0.038417040244903375
José Ignacio Martínez García,Real Valladolid,79,13,87.3,40.2,Blocked,Left Foot,Open Play,True,0.01800882,0,32.70061161507534,0.22291722881479015,0.023024093268950708,0.02142572881219265,0.032902558892560635,0.00501527326895071,0.003416908812192653,0.014893738892560637
Joaquín Fernández Moreno,Real Valladolid,79,16,100.9,25.5,Off T,Right Foot,Open Play,True,0.031204997,0,23.980408670412597,0.24396612176693938,0.05318240992233194,0.060375465042486524,0.05814810329824841,0.021977412922331938,0.029170468042486523,0.02694310629824841
Lionel Andrés Messi Cuccittini,Barcelona,84,47,108.1,40.1,Saved,Left Foot,Penalty,False,0.7835,0,11.900420160649796,0.5967253993229291,0.18812789972984928,0.7767019767636231,0.7779819921732969,-0.5953721002701506,-0.006798023236376904,-0.005518007826703086
Lionel Andrés Messi Cuccittini,Barcelona,84,49,111.5,45.1,Saved,Head,Open Play,False,0.25021553,0,9.912618221237011,0.6326423664777261,0.22380016570929212,0.07713230957411112,0.08294818937719918,-0.0264153642907079,-0.17308322042588892,-0.16726734062280085
Lionel Andrés Messi Cuccittini,Barcelona,87,15,100.3,44.1,Off T,Left Foot,Open Play,False,0.07491254,0,20.122127124138743,0.3529128784637973,0.08097239518252564,0.0640512273080569,0.06617098245156476,0.006059855182525636,-0.010861312691943098,-0.008741557548435239
Luis Alberto Suárez Díaz,Barcelona,92,13,112.3,35.9,Saved,Right Foot,Open Play,False,0.26442897,0,8.723531395025757,0.7321983446886036,0.25706308420208634,0.26946617945496,0.2778621237844278,-0.0073658857979136405,0.005037209454960001,0.013433153784427831
Philippe Coutinho Correia,Barcelona,93,31,95.1,38.0,Off T,Right Foot,Open Play,False,0.035764903,0,24.98019215298394,0.2900794811115478,0.049884625806755026,0.038143297984164076,0.0406123447134185,0.014119722806755025,0.0023783949841640756,0.004847441713418499
Marko Rog,Sevilla,7,56,93.3,27.9,Blocked,Right Foot,Open Play,False,0.021652868,0,29.313819266687176,0.22706292267820094,0.0318837147853574,0.022404968758459626,0.0236453906980512,0.010230846785357399,0.000752100758459627,0.0019925226980512002
Lionel Andrés Messi Cuccittini,Barcelona,9,54,101.7,34.7,Blocked,Left Foot,Open Play,False,0.057840433,0,19.052034012146837,0.36592843165541755,0.08982880921482003,0.0725184198428751,0.0746131427612331,0.031988376214820036,0.014677986842875107,0.0167727097612331
Philippe Coutinho Correia,Barcelona,10,12,97.0,21.2,Saved,Right Foot,Open Play,False,0.009827861,0,29.705891671518632,0.1913595403138911,0.030023530205951575,0.020822046275186898,0.020044084396246355,0.020195669205951575,0.010994185275186898,0.010216223396246355
Pablo Sarabia García,Sevilla,16,36,100.7,61.8,Blocked,Left Foot,Free Kick,False,0.008999609,0,29.115803269015263,0.16773675578713465,0.0312775032296306,0.050037393515748305,0.041378728996993325,0.0222778942296306,0.041037784515748306,0.032379119996993326
Wissam Ben Yedder,Sevilla,17,43,110.8,28.6,Blocked,Right Foot,Open Play,False,0.06306264,0,14.64923206178399,0.3229840154583749,0.12868602965423612,0.11719221917080017,0.11132673715430752,0.06562338965423611,0.05412957917080016,0.04826409715430752
Jesús Navas González,Sevilla,21,40,107.1,50.1,Goal,Right Foot,Open Play,False,0.090344355,1,16.383528313522707,0.35461778414686074,0.11287758619379533,0.10057894244068914,0.09941624231378293,0.022533231193795328,0.010234587440689141,0.009071887313782931
Arturo Erasmo Vidal Pardo,Barcelona,24,19,107.8,43.9,Saved,Head,Open Play,False,0.14909236,0,12.808200498118385,0.5350892674719001,0.16911055721792856,0.05239916435362342,0.05800387796892101,0.02001819721792855,-0.09669319564637659,-0.091088482031079
Lionel Andrés Messi Cuccittini,Barcelona,25,42,105.4,40.9,Goal,Left Foot,Open Play,True,0.06997206,1,14.627713423498555,0.48956515235899,0.14180629673954676,0.17775198450687818,0.1943264102438748,0.07183423673954675,0.10777992450687818,0.12435435024387478
Quincy Anton Promes,Sevilla,36,0,110.5,25.1,Off T,Left Foot,Open Play,True,0.054039445,0,17.670880000724356,0.228612978711063,0.09353935352088094,0.10916567516004391,0.07917965172717806,0.03949990852088094,0.055126230160043914,0.02514020672717806
Gabriel Iván Mercado,Sevilla,41,28,112.4,49.3,Goal,Right Foot,Open Play,True,0.17819898,1,12.010412149464308,0.4019928496690034,0.16773501483980016,0.22375000078240448,0.19995226715237266,-0.010463965160199845,0.04555102078240447,0.021753287152372652
Philippe Coutinho Correia,Barcelona,43,40,102.3,31.9,Blocked,Right Foot,Open Play,False,0.042170953,0,19.465353837010003,0.34066032299181176,0.08525936045959921,0.07210980764193325,0.0732672653234567,0.043088407459599215,0.029938854641933257,0.031096312323456707
Simon Thorup Kjær,Sevilla,44,53,119.0,45.8,Off T,Head,Open Play,False,0.164776,0,5.885575587824862,0.3318215407371443,0.25962841496567074,0.09318909109139,0.10075839145132201,0.09485241496567073,-0.07158690890861001,-0.064017608548678
Gabriel Iván Mercado,Sevilla,47,24,101.5,57.8,Blocked,Right Foot,Open Play,True,0.021061469,0,25.672748197261622,0.20673137906859831,0.044367864105057955,0.04881574734814116,0.04523021202781103,0.023306395105057956,0.027754278348141162,0.02416874302781103
Ousmane Dembélé,Barcelona,52,46,109.8,40.7,Wayward,Right Foot,Open Play,True,0.23857883,0,10.223991392797632,0.6863830968410041,0.2246733081683468,0.30999116774471214,0.3545883231882926,-0.013905521831653195,0.07141233774471215,0.1160094931882926
Pablo Sarabia García,Sevilla,53,16,104.5,55.5,Blocked,Left Foot,Open Play,False,0.023442488,0,21.920310216782973,0.23828591784866815,0.06408977402062478,0.04815636498653372,0.04204389586840382,0.040647286020624784,0.024713876986533722,0.018601407868403818
Lionel Andrés Messi Cuccittini,Barcelona,54,48,104.9,25.1,Blocked,Left Foot,Open Play,False,0.037612785,0,21.213674834879498,0.24794231211064416,0.06877915562103189,0.0523980845034518,0.04613773315817154,0.031166370621031884,0.014785299503451796,0.008524948158171536
Ivan Rakitić,Barcelona,58,18,93.6,50.2,Blocked,Left Foot,Open Play,False,0.027224842,0,28.30194339616982,0.24060851708819206,0.03539558339302678,0.02386461071821,0.024741770619784116,0.00817074139302678,-0.0033602312817899993,-0.002483071380215883
Luis Alberto Suárez Díaz,Barcelona,64,7,108.8,55.9,Wayward,Right Foot,Open Play,True,0.032227635,0,19.448650338776723,0.22103205317165905,0.07940867390399062,0.09566127115526425,0.0724899918803829,0.04718103890399062,0.06343363615526426,0.0402623568803829
Lionel Andrés Messi Cuccittini,Barcelona,66,50,103.8,45.0,Goal,Right Foot,Open Play,False,0.0855435,1,16.954055562018194,0.40838982844742083,0.11085499085012401,0.09879482609777503,0.10454107166805035,0.02531149085012402,0.013251326097775032,0.018997571668050356
Lionel Andrés Messi Cuccittini,Barcelona,70,53,101.6,56.2,Off T,Left Foot,Open Play,False,0.026081862,0,24.515301344262532,0.22532311665124352,0.05001475367781325,0.03586758158474365,0.031927127387587725,0.02393289167781325,0.009785719584743651,0.005845265387587725
Wissam Ben Yedder,Sevilla,73,12,113.2,47.8,Blocked,Right Foot,Open Play,True,0.07175677,0,10.34794665622122,0.4883852505463211,0.2007346055265434,0.2726583709552886,0.25965184556819376,0.1289778355265434,0.2009016009552886,0.18789507556819376
Éver Maximiliano David Banega,Sevilla,73,17,96.9,51.0,Blocked,Right Foot,Open Play,False,0.029020712,0,25.58534736914861,0.2578361286947405,0.04619888968274809,0.03476245042297364,0.03495560078653036,0.017178177682748087,0.005741738422973642,0.0059348887865303575
Lionel Andrés Messi Cuccittini,Barcelona,77,44,97.9,37.7,Saved,Left Foot,Open Play,False,0.04284601,0,22.21936092690336,0.3248775463133227,0.06578680522826427,0.04996629104983756,0.05182210663224107,0.022940795228264275,0.007120281049837564,0.008976096632241075
Lionel Andrés Messi Cuccittini,Barcelona,78,45,100.8,33.3,Blocked,Left Foot,Open Play,True,0.033764433,0,20.335437049643172,0.3377808340054651,0.07870169260266473,0.09015291711129148,0.09363727721941868,0.044937259602664724,0.05638848411129147,0.05987284421941868
Carles Aleña Castillo,Barcelona,82,5,97.1,38.7,Blocked,Left Foot,Open Play,True,0.04803024,0,22.93686988235318,0.31599335541499457,0.061256089995377794,0.06739636704022929,0.07536470449530389,0.013225849995377792,0.01936612704022929,0.027334464495303884
Carles Aleña Castillo,Barcelona,84,16,97.9,45.7,Blocked,Left Foot,Open Play,False,0.054612003,0,22.823233776132597,0.30857753800591553,0.06161550868801682,0.04618177067839335,0.047160574824291104,0.007003505688016824,-0.008430232321606647,-0.007451428175708895
Lionel Andrés Messi Cuccittini,Barcelona,84,17,111.2,36.1,Goal,Left Foot,Open Play,True,0.37015414,1,9.625487000666508,0.6824822179358413,0.23459220003338163,0.3105627798283739,0.3414238732787835,-0.1355619399666184,-0.05959136017162614,-0.028730266721216535
Wissam Ben Yedder,Sevilla,86,52,117.0,47.0,Saved,Right Foot,Open Play,True,0.22950892,0,7.615773105863909,0.4574912831823614,0.243355354657133,0.33291911663892076,0.2929553259139926,0.013846434657133005,0.10341019663892076,0.06344640591399259
Sergi Gómez Solà,Sevilla,87,13,109.4,36.4,Saved,Head,Open Play,False,0.06360098,0,11.19464157532522,0.6061838550418797,0.19991965155658786,0.06594255568678624,0.072718749258958,0.13631867155658786,0.0023415756867862375,0.009117769258957992
Franco Damián Vázquez,Sevilla,87,49,110.0,44.0,Off T,Right Foot,Open Play,True,0.10296906,0,10.770329614269007,0.6196758074525999,0.20812074694441113,0.2852017807353982,0.3147456183936172,0.10515168694441113,0.1822327207353982,0.2117765583936172
Luis Alberto Suárez Díaz,Barcelona,92,31,105.7,34.2,Goal,Right Foot,Open Play,True,0.27486405,1,15.431461369552784,0.43589592595971943,0.12846188228962732,0.16710424370212912,0.17518045533632903,-0.1464021677103727,-0.10775980629787091,-0.099683594663671
Gareth Frank Bale,Real Madrid,2,36,96.0,42.0,Off T,Left Foot,Free Kick,False,0.08075182,0,24.08318915758459,0.3006582184704348,0.054579848727788226,0.09478387040069058,0.09417509120992221,-0.026171971272211776,0.014032050400690582,0.013423271209922205
Karim Benzema,Real Madrid,9,12,107.8,25.4,Off T,Left Foot,Open Play,False,0.07463703,0,19.02629759044045,0.25078265176070325,0.08398891540227249,0.06643885679792838,0.05762587817671629,0.009351885402272497,-0.008198173202071612,-0.0170111518232837
Raphaël Varane,Real Madrid,12,18,107.1,37.5,Blocked,Right Foot,Open Play,False,0.12202523,0,13.140015220691343,0.5351831933848201,0.16459874917852158,0.15868862374376716,0.17264328217978683,0.04257351917852158,0.03666339374376716,0.050618052179786835
Toni Kroos,Real Madrid,12,19,96.5,44.7,Saved,Left Foot,Open Play,True,0.045137655,0,23.96539171388609,0.29755691889327324,0.05507182633920083,0.05949905159475516,0.06663714286524687,0.009934171339200833,0.01436139659475516,0.021499487865246872
Lionel Andrés Messi Cuccittini,Barcelona,18,36,112.0,50.2,Off T,Left Foot,Open Play,False,0.40198335,0,12.963024338479045,0.3619888688992723,0.15166796222174905,0.1351494922649125,0.1301069610999746,-0.25031538777825096,-0.2668338577350875,-0.2718763889000254
Luka Modrić,Real Madrid,21,59,105.3,46.1,Blocked,Right Foot,Open Play,False,0.08299304,0,15.915401345866213,0.42162968836455156,0.12222900819879366,0.11097248238538789,0.11680764178510873,0.03923596819879366,0.02797944238538788,0.03381460178510873
Ivan Rakitić,Barcelona,25,37,112.5,54.8,Goal,Right Foot,Open Play,False,0.08666088,1,16.591865476793135,0.20663441944331667,0.10156552384913298,0.08791846309349183,0.07351606318669877,0.014904643849132981,0.001257583093491832,-0.013144816813301222
Carlos Henrique Casimiro,Real Madrid,27,37,110.2,34.5,Blocked,Head,Open Play,False,0.05604131,0,11.237882362794155,0.5660613240380827,0.19504359200371615,0.0635954263351929,0.06907814946690075,0.13900228200371617,0.007554116335192901,0.013036839466900749
Vinícius José Paixão de Oliveira Júnior,Real Madrid,27,39,103.8,27.9,Blocked,Right Foot,Open Play,True,0.05440918,0,20.220039564748635,0.29133541070342783,0.07730634486268573,0.0931901316412102,0.08685937762373114,0.022897164862685726,0.038780951641210204,0.032450197623731136
Sergio Reguilón Rodríguez,Real Madrid,31,39,91.0,30.0,Off T,Left Foot,Open Play,True,0.016562534,0,30.675723300355934,0.22497357025306677,0.027973869793761933,0.026899176232707656,0.03572123105234337,0.011411335793761933,0.010336642232707655,0.01915869705234337
Lionel Andrés Messi Cuccittini,Barcelona,36,35,93.9,38.4,Off T,Left Foot,Free Kick,False,0.06268028,0,26.148996156640504,0.2776326672702968,0.0443766865725011,0.07501891522315206,0.07553296365498452,-0.018303593427498904,0.012338635223152053,0.012852683654984515
Luis Alberto Suárez Díaz,Barcelona,38,26,99.9,38.9,Saved,Left Foot,Open Play,False,0.123097196,0,20.130076999355957,0.3592132887805501,0.08122479628656008,0.06431556311262364,0.06713316819629672,-0.04187239971343992,-0.05878163288737637,-0.055964027803703284
Lionel Andrés Messi Cuccittini,Barcelona,38,28,112.5,44.2,Saved,Left Foot,Open Play,True,0.3760662,0,8.595929269136644,0.7369554037205808,0.260063524545393,0.3466176790478539,0.3790850917327383,-0.11600267545460702,-0.029448520952146118,0.0030188917327382825
Lionel Andrés Messi Cuccittini,Barcelona,41,31,92.6,57.4,Off T,Left Foot,Free Kick,False,0.0104137175,0,32.45797282641047,0.19049267219006327,0.02307677475080879,0.03535304405720307,0.03557019927691092,0.012663057250808792,0.02493932655720307,0.025156481776910922
Vinícius José Paixão de Oliveira Júnior,Real Madrid,42,27,106.2,25.6,Wayward,Right Foot,Open Play,False,0.056671873,0,19.94492416631359,0.25697564451724175,0.07760951637703876,0.06416126634369788,0.057566717757294494,0.020937643377038767,0.0074893933436978866,0.0008948447572944968
Luka Modrić,Real Madrid,44,8,110.8,41.6,Off T,Head,Open Play,False,0.109504275,0,9.338094023943006,0.7396598176044705,0.24664509106187585,0.08898180989055775,0.09578437742596937,0.13714081606187584,-0.02052246510944225,-0.013719897574030623
Vinícius José Paixão de Oliveira Júnior,Real Madrid,55,12,106.4,27.5,Saved,Right Foot,Open Play,False,0.04666159,0,18.471870506258963,0.2948332075027668,0.09063723230090054,0.07728513570414788,0.07240758990298546,0.043975642300900536,0.03062354570414788,0.025745999902985456
Ousmane Dembélé,Barcelona,56,23,100.6,27.5,Saved,Right Foot,Open Play,False,0.059080854,0,23.078344827998393,0.266976266566955,0.05864838201618612,0.04610357022910666,0.04428862295078414,-0.0004324719838138813,-0.012977283770893341,-0.014792231049215863
Vinícius José Paixão de Oliveira Júnior,Real Madrid,58,58,109.7,33.0,Blocked,Right Foot,Open Play,False,0.08498649,0,12.45351356043747,0.48899888070130626,0.169713407775142,0.16403700919737527,0.1718379766525286,0.08472691777514199,0.07905051919737527,0.08685148665252859
Carlos Henrique Casimiro,Real Madrid,59,30,114.3,32.2,Off T,Head,Open Play,False,0.049039114,0,9.66074531286277,0.4810750383606101,0.21095242130349956,0.07037731118002703,0.07290120101764903,0.16191330730349957,0.02133819718002703,0.023862087017649032
Marco Asensio Willemsen,Real Madrid,65,58,110.6,44.8,Blocked,Left Foot,Open Play,True,0.0779954,0,10.554619841567014,0.6121278927312066,0.21079486279727264,0.2762885971950046,0.2967154497373458,0.13279946279727262,0.1982931971950046,0.21872004973734582
Lionel Andrés Messi Cuccittini,Barcelona,68,37,116.0,24.0,Wayward,Left Foot,Open Play,False,0.009436116,0,16.492422502470642,0.11274299874014113,0.09688821361658641,0.07802349072608544,0.057392605510745494,0.08745209761658641,0.06858737472608545,0.04795648951074549
Ousmane Dembélé,Barcelona,69,39,109.1,25.7,Off T,Left Foot,Open Play,True,0.07249398,0,17.980545041794482,0.251987462070426,0.09228423532696799,0.10764945251755076,0.08304575680788998,0.019790255326967987,0.03515547251755076,0.010551776807889976
Vinícius José Paixão de Oliveira Júnior,Real Madrid,71,23,96.2,30.8,Off T,Right Foot,Open Play,False,0.03883637,0,25.51626931978889,0.2666929038700394,0.04675846733279849,0.03528143588231257,0.036165446248186385,0.007922097332798486,-0.003554934117687432,-0.002670923751813617
Carlos Henrique Casimiro,Real Madrid,72,39,91.9,34.6,Off T,Right Foot,Open Play,False,0.029478706,0,28.61415733513744,0.25005379835256225,0.03457345010467846,0.02468680669042427,0.027078803406832268,0.005094744104678459,-0.004791899309575732,-0.0023999025931677326
Karim Benzema,Real Madrid,86,46,95.5,31.9,Saved,Right Foot,Open Play,False,0.031382862,0,25.80426321366297,0.26824122923487537,0.04556089804152949,0.03422141066035894,0.035536953147802273,0.014178036041529493,0.0028385486603589444,0.004154091147802276
Vinícius José Paixão de Oliveira Júnior,Real Madrid,90,22,104.1,24.9,Blocked,Right Foot,Open Play,False,0.031746536,0,21.927608168699116,0.24403590444351533,0.06427518167700841,0.051295008249088794,0.046083865286646125,0.03252864567700841,0.019548472249088795,0.014337329286646126
Lionel Andrés Messi Cuccittini,Barcelona,92,26,99.7,39.8,Off T,Left Foot,Open Play,True,0.059283435,0,20.30098519776811,0.35672559919948243,0.07986257197268957,0.09179870728200723,0.0998968839683271,0.020579136972689573,0.03251527228200723,0.0406134489683271
Jordi Amat Maas,Rayo Vallecano,6,8,115.3,33.0,Wayward,Head,Open Play,False,0.07135795,0,8.431488599292537,0.5377050738739474,0.23843575293929414,0.08372939395501104,0.08672291727947147,0.16707780293929414,0.012371443955011038,0.015364967279471467
Lionel Andrés Messi Cuccittini,Barcelona,22,14,105.1,39.9,Saved,Head,Open Play,False,0.11437729,0,14.900335566691112,0.4817176472648311,0.13796745064727153,0.03996052964002487,0.04455491986549837,0.023590160647271527,-0.07441676035997513,-0.06982237013450163
Philippe Coutinho Correia,Barcelona,23,1,107.9,34.7,Saved,Left Foot,Open Play,True,0.19224261,0,13.2098448136229,0.5026743987627877,0.160738810093775,0.20446969552519534,0.21476006281002355,-0.03150379990622501,0.01222708552519533,0.02251745281002354
Raúl de Tomás Gómez,Rayo Vallecano,23,59,99.1,36.1,Goal,Right Foot,Open Play,False,0.085314244,1,21.260761980700508,0.3355968593751203,0.07227548465716462,0.059292611637425725,0.06219262321284876,-0.013038759342835382,-0.026021632362574272,-0.023121620787151236
Gerard Piqué Bernabéu,Barcelona,30,49,114.0,43.0,Off T,Head,Open Play,False,0.2190298,0,6.708203932499369,0.9470432393855713,0.3270157880363213,0.13577215750566823,0.12889899788763787,0.10798598803632131,-0.08325764249433176,-0.09013080211236213
Lionel Andrés Messi Cuccittini,Barcelona,36,25,95.1,46.4,Off T,Left Foot,Open Play,False,0.034796998,0,25.709336825363664,0.2743644926959226,0.04614505603076119,0.032719810605379006,0.0337931397403184,0.011348058030761186,-0.0020771873946209968,-0.001003858259681606
Gerard Piqué Bernabéu,Barcelona,38,0,113.6,43.9,Goal,Head,Open Play,False,0.24514961,1,7.494664769020697,0.830819823194357,0.2940816613419272,0.11520260396576862,0.11555524287376434,0.04893205134192721,-0.12994700603423137,-0.12959436712623565
Luis Alberto Suárez Díaz,Barcelona,41,10,103.1,47.0,Wayward,Right Foot,Open Play,False,0.039797436,0,18.292348127017487,0.3676185260076602,0.09620194441808873,0.08332769246062231,0.08602885783184722,0.05640450841808873,0.043530256460622314,0.04623142183184722
Lionel Andrés Messi Cuccittini,Barcelona,50,36,108.1,40.1,Goal,Left Foot,Penalty,False,0.7835,1,11.900420160649796,0.5967253993229291,0.18812789972984928,0.7767019767636231,0.7779819921732969,-0.5953721002701506,-0.006798023236376904,-0.005518007826703086
Lionel Andrés Messi Cuccittini,Barcelona,58,18,108.1,35.1,Saved,Right Foot,Open Play,True,0.13294333,0,12.86934341759517,0.5197531851056115,0.1668557402671448,0.22393904049704833,0.24060390591547612,0.03391241026714481,0.09099571049704833,0.10766057591547612
Philippe Coutinho Correia,Barcelona,62,15,95.4,36.9,Blocked,Right Foot,Open Play,True,0.030599201,0,24.794555854057958,0.2909375359388873,0.050781355402556565,0.057413639756607855,0.06713505360711373,0.020182154402556565,0.026814438756607856,0.036535852607113735
Raúl de Tomás Gómez,Rayo Vallecano,64,55,92.8,49.2,Blocked,Right Foot,Open Play,False,0.018570108,0,28.713759767748986,0.2407188809145334,0.034045524152993833,0.024227584920875973,0.025979191110874326,0.015475416152993835,0.005657476920875974,0.007409083110874327
José Ángel Pozo la Rosa,Rayo Vallecano,65,25,104.3,36.1,Wayward,Left Foot,Open Play,True,0.09266915,0,16.177144370994533,0.4334762113395689,0.12033008484410554,0.14729595713871824,0.15637419732076838,0.027660934844105534,0.05462680713871823,0.06370504732076837
Lionel Andrés Messi Cuccittini,Barcelona,68,54,97.4,31.7,Blocked,Left Foot,Free Kick,False,0.08038454,0,24.07592158153037,0.2842407556469357,0.05405878760976354,0.09367395190762418,0.08993076973519698,-0.026325752390236462,0.013289411907624171,0.009546229735196976
Emiliano Daniel Velázquez Maldonado,Rayo Vallecano,74,40,109.2,40.1,Blocked,Head,Open Play,False,0.04833358,0,10.800462953040483,0.6534376367074582,0.21133133984379673,0.0713661079274756,0.07915671273850546,0.16299775984379672,0.023032527927475593,0.030823132738505454
Raúl de Tomás Gómez,Rayo Vallecano,74,46,111.4,53.9,Blocked,Right Foot,Open Play,False,0.034739632,0,16.345335726133,0.24315463033727894,0.10605941444411376,0.09276149532095865,0.08104524695767805,0.07131978244411377,0.05802186332095865,0.04630561495767805
Tiago Manuel Dias Correia,Rayo Vallecano,80,15,83.3,32.0,Blocked,Right Foot,Open Play,True,0.0075544375,0,37.56181571756083,0.18991588506802137,0.014116901761347797,0.012838801325839486,0.026084068443520556,0.006562464261347796,0.005284363825839486,0.018529630943520555
Luis Alberto Suárez Díaz,Barcelona,81,7,113.6,42.9,Goal,Right Foot,Open Play,True,0.71164334,1,7.026378868236473,0.9159397041221017,0.3157304545346137,0.43995852476549896,0.4944127602234789,-0.3959128854653863,-0.271684815234501,-0.21723057977652105
Lionel Andrés Messi Cuccittini,Barcelona,84,44,90.1,43.1,Off T,Left Foot,Free Kick,False,0.034564197,0,30.06027278652009,0.24107568959560627,0.02996950245102573,0.04789008721251842,0.05083123810888253,-0.004594694548974269,0.01332589021251842,0.01626704110888253
Raúl de Tomás Gómez,Rayo Vallecano,87,41,60.0,51.9,Off T,Right Foot,Open Play,False,0.004108747,0,61.168701146910095,0.11726391891041929,0.0013479807391425928,0.0005481991705493973,0.005849126874237569,-0.0027607662608574073,-0.003560547829450603,0.0017403798742375689
Cristian Tello Herrera,Real Betis,10,56,101.0,22.0,Saved,Right Foot,Open Play,False,0.02179995,0,26.1725046566048,0.2041998317208145,0.04226911207455826,0.031185236471167572,0.02791542344108332,0.02046916207455826,0.009385286471167573,0.006115473441083322
Jesé Rodríguez Ruiz,Real Betis,12,18,113.7,39.9,Saved Off Target,Right Foot,Open Play,True,0.46245113,0,6.300793600809342,1.0524286632272413,0.3515802794412493,0.48915151814398417,0.554387485478522,-0.11087085055875068,0.026700388143984177,0.09193635547852202
Lionel Andrés Messi Cuccittini,Barcelona,17,13,95.6,44.4,Goal,Left Foot,Free Kick,False,0.08467998,1,24.793547547698783,0.2887246262552645,0.05071562590053957,0.08724064938900504,0.08629309086099678,-0.033964354099460435,0.002560669389005038,0.0016131108609967748
Lionel Andrés Messi Cuccittini,Barcelona,24,28,94.0,46.1,Saved,Left Foot,Free Kick,False,0.06263858,0,26.705991837039118,0.2655357282610125,0.04179692714347443,0.07005312015831523,0.06979295694256522,-0.020841652856525568,0.007414540158315233,0.007154376942565224
Cristian Tello Herrera,Real Betis,27,1,104.1,22.2,Blocked,Right Foot,Open Play,False,0.014875705,0,23.867341703675343,0.2062595836769512,0.0524892106499765,0.040272240137186006,0.03452332616205059,0.037613505649976495,0.025396535137186007,0.01964762116205059
Sergio Canales Madrazo,Real Betis,27,21,113.0,40.0,Blocked,Head,Open Play,False,0.14040345,0,7.0,0.9635313430737258,0.32313354390304433,0.13350624168769085,0.1282725855523362,0.18273009390304432,-0.0068972083123091665,-0.012130864447663814
José Andrés Guardado Hernández,Real Betis,27,45,93.7,32.7,Blocked,Left Foot,Open Play,False,0.024559062,0,27.29432175380073,0.25731577562425384,0.039341783164254865,0.027067342927145847,0.028290722427612422,0.014782721164254865,0.002508280927145848,0.0037316604276124224
Sidnei Rechel da Silva Júnior,Real Betis,28,0,109.8,58.4,Blocked,Right Foot,Open Play,False,0.010073202,0,21.038060747131613,0.17223549338630267,0.06670477542205298,0.05333442782537299,0.041612288010245226,0.05663157342205298,0.04326122582537299,0.03153908601024523
Jesé Rodríguez Ruiz,Real Betis,32,41,107.5,23.2,Off T,Right Foot,Open Play,False,0.030892039,0,20.940152817016404,0.2120115732174912,0.06897461304989094,0.05563727295578203,0.04661271699194106,0.038082574049890947,0.024745233955782032,0.015720677991941063
Luis Alberto Suárez Díaz,Barcelona,39,16,106.0,46.0,Saved,Left Foot,Open Play,True,0.18878463,0,15.231546211727817,0.4383710161830754,0.13085751003284787,0.16194967610131544,0.16670808043517807,-0.057927119967152135,-0.026834953898684566,-0.02207654956482194
Giovani Lo Celso,Real Betis,40,8,101.0,35.6,Blocked,Left Foot,Open Play,True,0.064735875,0,19.502820308868152,0.36227407286317265,0.08609127031641235,0.10011137441493602,0.1062141930542843,0.021355395316412354,0.03537549941493602,0.0414783180542843
Luis Alberto Suárez Díaz,Barcelona,40,37,110.8,51.6,Blocked,Right Foot,Open Play,False,0.047122307,0,14.805404418657401,0.3162415041285053,0.12648617800497763,0.11477995993277089,0.10839207963374944,0.07936387100497763,0.06765765293277089,0.06126977263374944
Gerard Piqué Bernabéu,Barcelona,44,11,111.7,40.2,Blocked,Head,Open Play,False,0.07606225,0,8.302409288875126,0.830269408915495,0.27784647357401426,0.10607938316631066,0.1100920118328396,0.20178422357401427,0.03001713316631066,0.03402976183283961
Lionel Andrés Messi Cuccittini,Barcelona,46,5,109.1,37.8,Goal,Left Foot,Open Play,True,0.2838922,1,11.119802156513403,0.6264370479976245,0.20325557818680584,0.265910622191205,0.296832849180256,-0.08063662181319414,-0.017981577808795002,0.012940649180256003
Luis Alberto Suárez Díaz,Barcelona,46,31,112.9,28.4,Off T,Left Foot,Open Play,False,0.044044133,0,13.600367642089678,0.29412650378868405,0.13836762844761508,0.12066050025883056,0.11059292058892208,0.09432349544761508,0.07661636725883056,0.06654878758892208
Giovani Lo Celso,Real Betis,48,50,100.4,26.7,Blocked,Left Foot,Open Play,False,0.023796346,0,23.686494041964078,0.2562175185042838,0.05507172832094209,0.04028511106722551,0.03769912282574645,0.0312753823209421,0.01648876506722551,0.013902776825746452
Sergio Canales Madrazo,Real Betis,52,10,100.9,60.5,Blocked,Left Foot,Free Kick,False,0.011927755,0,28.018922177699835,0.17923798417576836,0.03495969051813365,0.05686003773018545,0.047092076692667934,0.02303193551813365,0.04493228273018545,0.035164321692667935
Luis Alberto Suárez Díaz,Barcelona,59,43,117.4,30.7,Wayward,Left Foot,Open Play,False,0.2215779,0,9.656603957913982,0.23396890145548033,0.18509768462219148,0.16991355179690065,0.16169025310164015,-0.03648021537780852,-0.05166434820309934,-0.05988764689835985
Giovani Lo Celso,Real Betis,60,35,98.7,34.4,Saved,Left Foot,Open Play,False,0.057552837,0,22.023850707812198,0.3192637992421608,0.06674267382631276,0.05080887888569866,0.05186553412139388,0.009189836826312754,-0.0067439581143013405,-0.005687302878606124
Luis Alberto Suárez Díaz,Barcelona,60,47,106.1,32.9,Off T,Left Foot,Open Play,False,0.17268284,0,15.608331108738057,0.4161405989005314,0.12509689916500824,0.1078575166509861,0.11060314657805297,-0.04758594083499176,-0.0648253233490139,-0.06207969342194704
Luis Alberto Suárez Díaz,Barcelona,62,14,109.8,38.8,Goal,Right Foot,Open Play,False,0.38599974,1,10.270345661174218,0.6813046003059378,0.2232999768750956,0.2284698533290152,0.24444039048597913,-0.1626997631249044,-0.15752988667098478,-0.14155934951402085
Luis Alberto Suárez Díaz,Barcelona,73,5,107.4,49.4,Saved,Right Foot,Open Play,False,0.0916768,0,15.720050890502863,0.3758586646107256,0.1210409252016804,0.10937951819596717,0.10974338754322606,0.0293641252016804,0.017702718195967165,0.018066587543226056
Ivan Rakitić,Barcelona,76,3,94.4,32.7,Off T,Right Foot,Open Play,False,0.027876219,0,26.62048083712989,0.26327382698893187,0.04207353644526516,0.031142731572091905,0.032835136199747275,0.014197317445265159,0.0032665125720919043,0.0049589171997472745
Lorenzo Jesús Morón García,Real Betis,79,0,111.1,47.6,Blocked,Head,Open Play,False,0.08171433,0,11.703418304068267,0.485167401626519,0.1799509000274634,0.05673955948359875,0.05989669292274366,0.09823657002746339,-0.02497477051640125,-0.02181763707725634
Lorenzo Jesús Morón García,Real Betis,81,16,102.6,39.6,Goal,Right Foot,Open Play,True,0.0630825,1,17.404597093871498,0.4144410811360284,0.10695857276328415,0.13589212744906998,0.1489994833764828,0.043876072763284146,0.07280962744906998,0.0859169833764828
Arturo Erasmo Vidal Pardo,Barcelona,82,46,102.5,27.1,Saved,Right Foot,Open Play,True,0.06999448,0,21.740745157422733,0.2720109258536838,0.06652501359101642,0.07832375025915381,0.07390452007534087,-0.0034694664089835736,0.00832927025915381,0.003910040075340876
Lionel Andrés Messi Cuccittini,Barcelona,84,20,103.4,27.3,Goal,Left Foot,Open Play,True,0.0553791,1,20.900956915892625,0.27944557846473755,0.07215041523054058,0.0812451077904058,0.07420649904229405,0.01677131523054058,0.025866007790405793,0.018827399042294052
Arturo Erasmo Vidal Pardo,Barcelona,90,13,95.6,49.9,Saved,Right Foot,Open Play,False,0.035265345,0,26.331919793285113,0.25686616021749437,0.043053307391354864,0.03198554512096242,0.032855027588021175,0.007787962391354868,-0.0032797998790375787,-0.002410317411978821
Lionel Andrés Messi Cuccittini,Barcelona,92,47,113.0,38.2,Post,Left Foot,Open Play,False,0.20298362,0,7.22772439983706,0.9221393225990404,0.3123627027197666,0.32546268604292017,0.3131196357614666,0.10937908271976662,0.12247906604292016,0.11013601576146662
Óscar Melendo Jiménez,Espanyol,7,13,100.9,42.6,Saved,Head,Open Play,False,0.04575849,0,19.276151068094475,0.3721564946671313,0.0883803398998147,0.022501314009253353,0.02429592959207426,0.0426218498998147,-0.023257175990746646,-0.02146256040792574
Lionel Andrés Messi Cuccittini,Barcelona,8,12,111.8,34.1,Blocked,Left Foot,Open Play,False,0.09426805,0,10.101980003939824,0.5951608228020555,0.21636116687903106,0.20870366203136065,0.21557202307998266,0.12209311687903106,0.11443561203136064,0.12130397307998265
Ivan Rakitić,Barcelona,20,7,100.8,50.3,Off T,Right Foot,Open Play,False,0.045171972,0,21.788299612406657,0.2957143461471037,0.06721219252963384,0.054267370337583574,0.05360756841670036,0.022040220529633843,0.009095398337583577,0.008435596416700365
Clément Lenglet,Barcelona,21,43,107.9,38.4,Blocked,Left Foot,Open Play,True,0.103451006,0,12.205326705991931,0.5786980164480972,0.18182619052828028,0.23509887431193768,0.2613125474487389,0.07837518452828028,0.1316478683119377,0.15786154144873887
Luis Alberto Suárez Díaz,Barcelona,22,17,112.0,27.5,Off T,Left Foot,Open Play,False,0.05475909,0,14.84082207965583,0.27587886118884497,0.12319119174089355,0.10495791211428929,0.09398447683284183,0.06843210174089354,0.050198822114289283,0.03922538683284183
Lionel Andrés Messi Cuccittini,Barcelona,35,37,90.3,39.5,Blocked,Left Foot,Free Kick,False,0.037966073,0,29.704208456042053,0.2451605117509873,0.03108203066689482,0.049942838214244195,0.05283566887735584,-0.006884042333105182,0.011976765214244192,0.01486959587735584
Lionel Andrés Messi Cuccittini,Barcelona,41,12,110.0,29.9,Off T,Left Foot,Open Play,True,0.1104063,0,14.213022197970425,0.37020009808445137,0.13721045101434137,0.17010892609914188,0.15046393453736406,0.026804151014341374,0.059702626099141884,0.040057634537364065
Jordi Alba Ramos,Barcelona,48,21,114.1,26.9,Off T,Left Foot,Open Play,True,0.050202962,0,14.367324037551326,0.22011838902294922,0.12422472862230043,0.1507205981735432,0.10239846773775486,0.07402176662230042,0.1005176361735432,0.05219550573775487
Óscar Melendo Jiménez,Espanyol,53,38,103.1,45.5,Saved,Left Foot,Open Play,False,0.09009286,0,17.77245059073172,0.3882410106606078,0.1019661011922207,0.08443073057660166,0.08721940649714967,0.011873241192220704,-0.005662129423398332,-0.002873453502850329
Malcom Filipe Silva de Oliveira,Barcelona,61,59,113.0,28.4,Saved,Left Foot,Open Play,True,0.12478386,0,13.54843164355196,0.2924845169779644,0.1388457139138468,0.17158934973292234,0.13133218308955394,0.014061853913846817,0.04680548973292234,0.006548323089553942
Ivan Rakitić,Barcelona,66,31,95.1,52.1,Off T,Right Foot,Open Play,False,0.024234088,0,27.684291574826332,0.23748047597261318,0.03744685896151332,0.027097785622946374,0.027705897389433427,0.013212770961513319,0.0028636976229463734,0.003471809389433426
Philippe Coutinho Correia,Barcelona,67,32,104.2,29.9,Off T,Right Foot,Open Play,True,0.05541387,0,18.75233318816621,0.3294586926035324,0.09025954256112723,0.11150563052399645,0.10758253412206563,0.03484567256112723,0.056091760523996455,0.05216866412206563
Lionel Andrés Messi Cuccittini,Barcelona,70,40,101.4,44.2,Goal,Left Foot,Free Kick,False,0.09995406,1,19.06829829848484,0.3707955433826909,0.08996170360812587,0.1645948150538419,0.1630792965199081,-0.009992356391874124,0.06464075505384191,0.0631252365199081
Lionel Andrés Messi Cuccittini,Barcelona,73,55,103.2,32.4,Off T,Left Foot,Open Play,True,0.09092206,0,18.43908891458577,0.3601104136847691,0.09453295553535143,0.11142563942329135,0.11206841497426286,0.0036108955353514327,0.020503579423291354,0.021146354974262857
Lionel Andrés Messi Cuccittini,Barcelona,88,19,108.1,36.1,Goal,Left Foot,Open Play,True,0.16834752,1,12.522779244241276,0.5458022696137936,0.17409372713651367,0.22378633468833262,0.24212979293521514,0.005746207136513665,0.055438814688332616,0.07378227293521514
Esteban Félix Granero Molina,Espanyol,94,35,98.6,23.2,Blocked,Right Foot,Free Kick,False,0.044034332,0,27.2066168422316,0.21228248771245525,0.038548985541693614,0.0675137095286981,0.06074499602278078,-0.005485346458306388,0.023479377528698102,0.016710664022780777
Luis Alberto Suárez Díaz,Barcelona,2,1,115.2,27.9,Saved,Left Foot,Open Play,False,0.07609261,0,13.017296186228537,0.2214593557402874,0.1394553460251399,0.12123354857632532,0.10630425098945091,0.06336273602513989,0.04514093857632531,0.030211640989450908
Vicente Iborra De La Fuente,Villarreal,6,10,113.3,45.2,Saved,Head,Open Play,False,0.06800926,0,8.481155581640987,0.6974075011322938,0.25720614730424407,0.09416433673154465,0.09825273192411847,0.18919688730424405,0.026155076731544644,0.03024347192411847
Samuel Chimerenka Chukwueze,Villarreal,7,25,110.8,48.9,Saved,Left Foot,Open Play,False,0.19887161,0,12.800390619039717,0.4208596734358815,0.1588630735012531,0.14332041457442382,0.14296466574342706,-0.040008536498746916,-0.05555119542557618,-0.055906944256572944
Luis Alberto Suárez Díaz,Barcelona,8,32,69.2,77.6,Saved,Right Foot,Open Play,False,0.01602844,0,63.20126581010858,0.09313733694367074,0.0010873175582883524,0.0004258866414249653,0.005057863504342256,-0.01494112244171165,-0.015602553358575036,-0.010970576495657747
Karl Brillant Toko Ekambi,Villarreal,8,50,107.1,25.1,Off T,Right Foot,Open Play,False,0.043715023,0,19.708373854785687,0.24666417852710376,0.07878913673189014,0.06527136435362817,0.057485393249691416,0.03507411373189014,0.021556341353628168,0.013770370249691417
Philippe Coutinho Correia,Barcelona,11,44,115.7,39.2,Goal,Right Foot,Open Play,True,0.89318115,1,4.373785545725805,1.3905894630141835,0.45025553277233504,0.6134317927425063,0.6651032435843784,-0.44292561722766494,-0.2797493572574937,-0.22807790641562153
Arthur Henrique Ramos de Oliveira Melo,Barcelona,15,1,106.8,36.6,Blocked,Left Foot,Open Play,False,0.08113837,0,13.630847369110992,0.5108306232833134,0.15595894160338875,0.1409941420508848,0.15052937510386066,0.07482057160338874,0.05985577205088481,0.06939100510386066
Malcom Filipe Silva de Oliveira,Barcelona,15,15,116.2,33.4,Goal,Head,Open Play,False,0.19307579,1,7.615773105863908,0.5576031776236399,0.2557506819841681,0.09256224211257459,0.09526332434342838,0.06267489198416812,-0.1005135478874254,-0.09781246565657162
Philippe Coutinho Correia,Barcelona,18,24,110.5,44.5,Post,Right Foot,Open Play,False,0.36740926,0,10.51189802081432,0.6214738987328978,0.2125246757092907,0.21500902822608708,0.22835325269379972,-0.1548845842907093,-0.15240023177391293,-0.1390560073062003
Philippe Coutinho Correia,Barcelona,22,19,97.4,29.5,Saved,Right Foot,Open Play,False,0.042406425,0,24.92007223103496,0.2658215231915382,0.04940582797527759,0.03764846095686564,0.03782486334499869,0.00699940297527759,-0.004757964043134361,-0.004581561655001308
Samuel Chimerenka Chukwueze,Villarreal,22,46,102.7,44.7,Post,Right Foot,Open Play,False,0.13000366,0,17.927074496414633,0.3901041515382289,0.10069832891224381,0.08808202200266849,0.09297586193576636,-0.02930533108775618,-0.04192163799733151,-0.03702779806423363
Samuel Chimerenka Chukwueze,Villarreal,22,49,110.9,51.3,Goal,Left Foot,Open Play,False,0.13968256,1,14.508618128546903,0.3259023702939436,0.13045789564669036,0.11272572211459618,0.10560633339374229,-0.009224664353309653,-0.02695683788540383,-0.034076226606257726
Vicente Iborra De La Fuente,Villarreal,31,25,109.1,43.6,Blocked,Other,Open Play,False,0.10133086,0,11.479111463872112,0.5930835857891597,0.19413874385756708,0.04970658993068744,0.056145434778560085,0.09280788385756708,-0.051624270069312556,-0.04518542522143991
Samuel Chimerenka Chukwueze,Villarreal,39,21,109.8,31.8,Saved,Left Foot,Open Play,True,0.31726184,0,13.087398519186312,0.44173594945898137,0.15695836145143546,0.1984595565173684,0.19010781930053064,-0.16030347854856455,-0.11880228348263161,-0.12715402069946938
Santiago Cazorla González,Villarreal,43,8,97.5,41.3,Blocked,Right Foot,Free Kick,False,0.09136661,0,22.537524265100636,0.32148094871908106,0.06376196201766843,0.11920541403581413,0.1201317187003749,-0.027604647982331573,0.027838804035814124,0.028765108700374895
Luis Alberto Suárez Díaz,Barcelona,47,13,89.5,33.2,Saved,Right Foot,Free Kick,False,0.035593707,0,31.2488399784696,0.22779178122649885,0.02653449945824483,0.044177795064839626,0.04829002287250381,-0.009059207541755172,0.008584088064839623,0.012696315872503805
José Ramiro Funes Mori,Villarreal,47,55,52.5,43.2,Off T,Left Foot,Open Play,False,0.005044457,0,67.57580928113255,0.10809659480051785,0.0007155171407413458,0.00024583462126799295,0.006341497940232251,-0.004328939859258654,-0.0047986223787320065,0.0012970409402322516
Karl Brillant Toko Ekambi,Villarreal,49,4,115.0,60.4,Goal,Right Foot,Open Play,False,0.011595061,1,21.00380917833715,0.08535324038301194,0.0634150979603112,0.04994178116888839,0.033237914725820834,0.05182003696031119,0.03834672016888839,0.021642853725820834
Álvaro González Soberón,Villarreal,52,19,112.1,36.3,Off T,Head,Open Play,False,0.12939776,0,8.723531395025761,0.7449630432638128,0.2586783724807632,0.09522556336227533,0.10031921967654249,0.1292806124807632,-0.03417219663772467,-0.02907854032345751
Vicente Iborra De La Fuente,Villarreal,61,13,112.8,30.2,Goal,Left Foot,Open Play,True,0.17586425,1,12.16059209084821,0.3735013620382817,0.1631023950185057,0.2062716829572037,0.17489021816631406,-0.012761854981494292,0.03040743295720369,-0.0009740318336859399
Luis Alberto Suárez Díaz,Barcelona,63,32,103.7,50.4,Off T,Right Foot,Open Play,True,0.06675573,0,19.335201059208043,0.31966307227870044,0.08517138256366054,0.10430217286993998,0.10066247342373791,0.01841565256366054,0.03754644286993998,0.03390674342373791
Samuel Chimerenka Chukwueze,Villarreal,67,52,101.5,41.5,Saved,Left Foot,Open Play,False,0.101714805,0,18.560711193270585,0.38823644207231117,0.09510615775712968,0.07772323237670874,0.08164310758917527,-0.00660864724287033,-0.02399157262329127,-0.020071697410824735
Álvaro González Soberón,Villarreal,68,47,112.5,35.5,Off T,Head,Open Play,False,0.0965725,0,8.74642784226795,0.7159836460351532,0.25459466966087885,0.09292146262378034,0.0978079816696792,0.15802216966087884,-0.0036510373762196624,0.0012354816696791976
Karl Brillant Toko Ekambi,Villarreal,71,11,102.0,29.9,Saved,Right Foot,Open Play,False,0.05964955,0,20.640009689920205,0.30909471765113483,0.07523401464142591,0.062062070711113394,0.061323972086888626,0.015584464641425912,0.0024125207111133917,0.001674422086888623
Arturo Erasmo Vidal Pardo,Barcelona,73,23,103.1,34.9,Blocked,Right Foot,Open Play,True,0.052129567,0,17.652761823578775,0.3932124618527039,0.10334947471718159,0.13055247770941103,0.13853089898870438,0.05121990771718159,0.07842291070941103,0.08640133198870438
Malcom Filipe Silva de Oliveira,Barcelona,74,11,110.5,23.7,Off T,Left Foot,Open Play,False,0.029889632,0,18.866372200293302,0.20028828023532078,0.08263599155180532,0.06494883273244707,0.05219826958067073,0.052746359551805316,0.035059200732447074,0.022308637580670733
Carlos Arturo Bacca Ahumada,Villarreal,79,28,110.2,48.4,Goal,Right Foot,Open Play,False,0.90274256,1,12.90736224021004,0.43791605874976447,0.15896928177051534,0.15143376597133917,0.1550523453646606,-0.7437732782294846,-0.7513087940286608,-0.7476902146353394
Lionel Andrés Messi Cuccittini,Barcelona,89,50,100.4,43.1,Goal,Left Foot,Free Kick,False,0.11242789,1,19.84363877921587,0.3606860184633236,0.08341897276693781,0.15167217629060048,0.1505551682593843,-0.02900891723306219,0.03924428629060048,0.038127278259384306
Lionel Andrés Messi Cuccittini,Barcelona,90,53,87.2,42.4,Off T,Left Foot,Open Play,False,0.020667935,0,32.887687665751145,0.22109167973503335,0.022588599692114717,0.014040714153083314,0.016843490010756735,0.0019206646921147187,-0.006627220846916684,-0.0038244449892432635
Jordi Alba Ramos,Barcelona,92,9,108.7,36.0,Saved,Left Foot,Open Play,False,0.27154848,0,11.987076374162298,0.5656434683833984,0.1837317658666596,0.1717838845459939,0.18249526641389102,-0.08781671413334038,-0.0997645954540061,-0.08905321358610896
Luis Alberto Suárez Díaz,Barcelona,92,57,102.9,52.0,Goal,Left Foot,Open Play,True,0.036857523,1,20.890428430264418,0.28769552718746233,0.07258589543854312,0.0818559347313667,0.07641787948626558,0.03572837243854311,0.04499841173136669,0.039560356486265574
José María Giménez de Vargas,Atlético Madrid,2,33,81.3,46.3,Off T,Right Foot,Open Play,False,0.0074116597,0,39.20943763942554,0.18378617663754243,0.011989128415385837,0.007082424979206797,0.011006000554651509,0.004577468715385837,-0.0003292347207932032,0.003594340854651509
Diego da Silva Costa,Atlético Madrid,8,44,112.2,43.7,Off T,Head,Open Play,False,0.073996074,0,8.633075929238661,0.7512544020587916,0.2611839729972067,0.0965814377187699,0.10145326102488594,0.1871878989972067,0.022585363718769902,0.02745718702488595
Philippe Coutinho Correia,Barcelona,9,47,92.7,23.2,Blocked,Right Foot,Open Play,False,0.008604273,0,32.05510879719487,0.19455819391302595,0.024046854164440495,0.016040859848836034,0.017173385868143244,0.015442581164440495,0.007436586848836033,0.008569112868143243
Jordi Alba Ramos,Barcelona,13,30,109.9,34.5,Post,Left Foot,Open Play,False,0.31488147,0,11.500434774390047,0.55642905233973,0.19005301463039917,0.17869788049498758,0.18726031988115321,-0.12482845536960083,-0.13618358950501241,-0.12762115011884678
Santiago Arias Naranjo,Atlético Madrid,15,45,112.1,52.5,Blocked,Right Foot,Open Play,False,0.050040502,0,14.787156589419078,0.27460706716335453,0.12366925460870141,0.11146935987557535,0.10142561999398807,0.07362875260870141,0.06142885787557535,0.051385117993988066
Luis Alberto Suárez Díaz,Barcelona,19,1,107.3,55.3,Off T,Right Foot,Open Play,True,0.054868333,0,19.884164553734713,0.23873012331355065,0.07717325738037722,0.09268848736275354,0.07447138416736386,0.022304924380377227,0.03782015436275354,0.019603051167363862
Antoine Griezmann,Atlético Madrid,19,43,111.4,56.1,Saved,Right Foot,Open Play,False,0.01981289,0,18.252944967867514,0.19437816162852778,0.0869983855396168,0.07313807125847159,0.05946019480067067,0.0671854955396168,0.05332518125847159,0.03964730480067067
Lionel Andrés Messi Cuccittini,Barcelona,22,51,94.3,46.8,Off T,Left Foot,Free Kick,False,0.06365061,0,26.58439391823707,0.2649531688489675,0.042261231136395676,0.07093136744205937,0.07027742738173139,-0.02138937886360432,0.007280757442059374,0.00662681738173139
Philippe Coutinho Correia,Barcelona,26,58,103.4,38.4,Saved,Right Foot,Open Play,False,0.29174805,0,16.67693017314637,0.43032399426697476,0.11502865890675659,0.10335064000388992,0.111420078554044,-0.1767193910932434,-0.18839740999611004,-0.18032797144595597
Lionel Andrés Messi Cuccittini,Barcelona,43,33,102.8,49.1,Saved,Left Foot,Open Play,True,0.057175413,0,19.458931111445974,0.331947413437692,0.08485997635274126,0.09827599176838207,0.09665179729658306,0.027684563352741255,0.04110057876838207,0.03947638429658306
Ivan Rakitić,Barcelona,44,54,89.8,51.9,Blocked,Right Foot,Open Play,False,0.021819562,0,32.459975354272835,0.20939453544903783,0.023355756460752324,0.015516612443845848,0.017805033481087126,0.0015361944607523229,-0.006302949556154153,-0.004014528518912874
Philippe Coutinho Correia,Barcelona,47,45,113.0,32.6,Saved,Head,Open Play,False,0.13298349,0,10.186265262597473,0.5158296318604646,0.20624395028177167,0.06839110853906226,0.07176512166517787,0.07326046028177166,-0.06459238146093775,-0.06121836833482214
Sergio Busquets i Burgos,Barcelona,51,8,96.3,35.0,Off T,Left Foot,Open Play,True,0.042495884,0,24.221684499637927,0.293848578314876,0.05365458370656699,0.05771105186348084,0.0648254664183996,0.011158699706566994,0.015215167863480844,0.022329582418399607
Luis Alberto Suárez Díaz,Barcelona,53,18,103.2,30.3,Blocked,Right Foot,Open Play,False,0.031258743,0,19.399226788715055,0.32669662965918883,0.0850449321576073,0.07182855932955541,0.07136897959408406,0.05378618915760731,0.04056981632955541,0.04011023659408406
Lionel Andrés Messi Cuccittini,Barcelona,55,47,99.8,44.1,Saved,Left Foot,Open Play,False,0.086096756,0,20.61188977265307,0.3449969575850499,0.07709830808335243,0.06039732330444083,0.062312809533673054,-0.00899844791664757,-0.025699432695559167,-0.023783946466326943
Lionel Andrés Messi Cuccittini,Barcelona,60,25,102.6,37.2,Saved,Left Foot,Open Play,False,0.08353407,0,17.62384748004817,0.4048766798995828,0.10433090699500017,0.08685812379313174,0.09133501126964158,0.020796836995000165,0.0033240537931317343,0.007800941269641579
Luis Alberto Suárez Díaz,Barcelona,61,43,108.0,30.8,Saved,Right Foot,Open Play,True,0.33181816,0,15.120846537148639,0.38746463695090344,0.12828476799301403,0.16636516813120067,0.15832833904846788,-0.20353339200698595,-0.1654529918687993,-0.1734898209515321
Ivan Rakitić,Barcelona,62,40,91.8,37.1,Blocked,Left Foot,Open Play,False,0.018569808,0,28.34872131155125,0.2555030598831094,0.03557576447286673,0.02403306095462822,0.026030727805926204,0.017005956472866728,0.0054632529546282185,0.007460919805926204
Lionel Andrés Messi Cuccittini,Barcelona,63,22,98.0,44.8,Saved,Left Foot,Open Play,False,0.07505362,0,22.517548712060112,0.315341036946069,0.06363658038394335,0.048004823441147856,0.049273795794281545,-0.011417039616056654,-0.027048796558852145,-0.025779824205718456
Antoine Griezmann,Atlético Madrid,67,23,99.7,60.6,Saved,Left Foot,Free Kick,False,0.010730798,0,28.921445330411824,0.17861801127999785,0.032082506880276036,0.051550159320332176,0.04373189442353023,0.021351708880276037,0.040819361320332176,0.03300109642353023
Lionel Andrés Messi Cuccittini,Barcelona,68,44,99.5,40.7,Saved,Left Foot,Open Play,True,0.098306745,0,20.511947737842938,0.35295957996327904,0.07817673945981644,0.08954952855326405,0.09754881712403599,-0.020130005540183557,-0.008757216446735952,-0.0007579278759640151
Malcom Filipe Silva de Oliveira,Barcelona,68,46,107.5,53.6,Saved,Left Foot,Open Play,True,0.0653796,0,18.47187050625897,0.2721937514684333,0.08941090224014621,0.10394929472684669,0.0852933787060212,0.024031302240146213,0.038569694726846696,0.019913778706021207
Rodrigo Hernández Cascante,Atlético Madrid,74,12,114.6,42.9,Off T,Head,Open Play,False,0.18143873,0,6.129437168288786,1.021908073927881,0.3508083833514566,0.1516606028981263,0.13695820060134703,0.1693696533514566,-0.02977812710187369,-0.04448052939865296
José María Giménez de Vargas,Atlético Madrid,77,56,105.0,33.5,Off T,Head,Open Play,False,0.0515167,0,16.347782724271816,0.40823248034312326,0.11683765410496626,0.03209591352862977,0.03418740217568056,0.06532095410496626,-0.01942078647137023,-0.01732929782431944
Álvaro Borja Morata Martín,Atlético Madrid,81,2,111.4,35.9,Blocked,Left Foot,Open Play,True,0.0770787,0,9.527329111561116,0.6829802497297147,0.23638339568794034,0.3130596729874608,0.3428294981615951,0.15930469568794034,0.2359809729874608,0.2657507981615951
Saúl Ñíguez Esclapez,Atlético Madrid,81,8,98.5,35.7,Blocked,Right Foot,Open Play,False,0.049884804,0,21.925783908448974,0.3248258040369585,0.0675751923377751,0.0547219261806881,0.05725952047165544,0.017690388337775108,0.004837122180688103,0.00737471647165544
Lionel Andrés Messi Cuccittini,Barcelona,83,23,99.5,47.8,Blocked,Left Foot,Open Play,False,0.035068896,0,21.933763926877667,0.31047428724334414,0.06693084168294534,0.05094829778051047,0.051036797270425475,0.03186194568294534,0.01587940178051047,0.015967901270425473
Luis Alberto Suárez Díaz,Barcelona,84,15,97.7,28.8,Goal,Right Foot,Open Play,False,0.036701534,1,24.954558701768295,0.26174631504669693,0.04912131762380303,0.03738217153548258,0.03724057761335825,0.012419783623803027,0.0006806375354825797,0.0005390436133582491
Lionel Andrés Messi Cuccittini,Barcelona,85,59,108.0,42.5,Goal,Left Foot,Open Play,False,0.07466725,1,12.257650672131263,0.5706245353394583,0.18027431665481589,0.16801553808391056,0.17999076833865355,0.10560706665481588,0.09334828808391056,0.10532351833865354
Lionel Andrés Messi Cuccittini,Barcelona,10,0,94.3,28.7,Blocked,Left Foot,Free Kick,False,0.050465677,0,28.074543629416315,0.23819853389551895,0.03610892277365279,0.05922881188663665,0.057661636265784987,-0.014356754226347211,0.008763134886636652,0.007195959265784986
Lionel Andrés Messi Cuccittini,Barcelona,26,23,97.9,47.4,Off T,Left Foot,Free Kick,False,0.080229186,0,23.306007809146546,0.2963670965971463,0.058489707812727915,0.10234982052315858,0.09871190256094292,-0.02173947818727208,0.022120634523158586,0.018482716560942927
Juan Miguel Jiménez López,Real Sociedad,35,7,115.8,30.8,Saved,Right Foot,Open Play,False,0.15923223,0,10.113357503816426,0.33300640557811645,0.18824394922096535,0.18354045024014046,0.18039413469840432,0.02901171922096535,0.024308220240140455,0.021161904698404316
Willian José da Silva,Real Sociedad,35,8,112.7,37.7,Off T,Right Foot,Open Play,True,0.17164022,0,7.653757247260978,0.8688740442662115,0.2960725081734115,0.41273231565005475,0.4687506733014899,0.12443228817341151,0.24109209565005474,0.2971104533014899
Lionel Andrés Messi Cuccittini,Barcelona,37,41,100.0,56.9,Saved,Left Foot,Open Play,False,0.028298087,0,26.184155514356384,0.2144391202799277,0.04249756688599335,0.029561855975846613,0.026689214628956535,0.014199479885993349,0.0012637689758466138,-0.001608872371043464
Luis Alberto Suárez Díaz,Barcelona,41,1,107.8,27.8,Saved,Right Foot,Open Play,True,0.08642135,0,17.25340546095176,0.30437473616415184,0.1015468688434737,0.12727033822686812,0.11009473773897319,0.015125518843473712,0.040848988226868124,0.023673387738973192
Clément Lenglet,Barcelona,44,14,113.7,37.7,Goal,Head,Open Play,False,0.1246779,1,6.706713054842882,0.9702832602675268,0.3304390267571583,0.1381068505923422,0.13044337551009863,0.2057611267571583,0.013428950592342212,0.005765475510098636
Mikel Oyarzabal Ugarte,Real Sociedad,46,53,110.3,46.7,Off T,Head,Open Play,False,0.06609864,0,11.788977903109332,0.5145811309469934,0.18158942217200955,0.05754827006831477,0.06171473863141041,0.11549078217200955,-0.008550369931685231,-0.004383901368589592
Willian José da Silva,Real Sociedad,47,23,109.4,39.8,Off T,Head,Open Play,False,0.1138656,0,10.601886624558853,0.6647366819488534,0.21585514739540604,0.07353062681370216,0.08133915335704811,0.10198954739540604,-0.040334973186297834,-0.03252644664295189
Rubén Pardo Gutiérrez,Real Sociedad,51,28,93.2,24.5,Saved,Right Foot,Open Play,False,0.01599134,0,30.9594896598765,0.2046664921429846,0.02687410680125993,0.01829374242012518,0.019289453019357236,0.010882766801259932,0.0023024024201251797,0.0032981130193572364
Luca Sangalli Fuentes,Real Sociedad,55,7,98.8,39.3,Off T,Left Foot,Open Play,True,0.04738028,0,21.211553455605276,0.3415580766080405,0.07286536560258718,0.08251183345881498,0.09041318786334741,0.02548508560258718,0.03513155345881498,0.04303290786334742
Ousmane Dembélé,Barcelona,57,19,107.2,25.5,Off T,Right Foot,Open Play,True,0.07164713,0,19.34140636044856,0.25414849532308154,0.08181034617059267,0.09919252916057018,0.08146653649231025,0.010163216170592668,0.02754539916057018,0.00981940649231025
Juan Miguel Jiménez López,Real Sociedad,61,47,110.7,46.4,Goal,Right Foot,Open Play,True,0.19523925,1,11.289375536317317,0.5381171157010561,0.1913766971296917,0.25983184664574327,0.2688410203394897,-0.0038625528703083167,0.06459259664574327,0.0736017703394897
Jordi Alba Ramos,Barcelona,63,37,104.0,28.8,Goal,Right Foot,Open Play,False,0.07842237,1,19.530488985173925,0.3080897000283085,0.08310689505750077,0.06980988894727366,0.06756439840259403,0.004684525057500763,-0.008612481052726342,-0.01085797159740598
Luca Sangalli Fuentes,Real Sociedad,75,50,85.3,42.4,Off T,Right Foot,Open Play,False,0.017707836,0,34.78289809662214,0.20919141172426853,0.018686853294594543,0.011940440496072879,0.0154969905212397,0.000979017294594542,-0.005767395503927122,-0.0022108454787603017
Ivan Rakitić,Barcelona,78,41,113.1,29.7,Off T,Left Foot,Open Play,False,0.12237178,0,12.397580409095966,0.34554558608877906,0.1574884765052094,0.1411925872479427,0.13477427493873664,0.03511669650520939,0.018820807247942703,0.012402494938736644
Arturo Erasmo Vidal Pardo,Barcelona,80,48,116.1,34.6,Off T,Left Foot,Open Play,True,0.42404056,0,6.661080993352358,0.7446562356440513,0.2992395937924462,0.39978525346538396,0.4063736289308787,-0.12480096620755382,-0.02425530653461605,-0.017666931069121317
Mikel Oyarzabal Ugarte,Real Sociedad,83,32,105.1,44.8,Blocked,Left Foot,Open Play,False,0.08979339,0,15.654072952429988,0.44003399071077864,0.1263407087488142,0.10930044169164195,0.11476998365212884,0.0365473187488142,0.01950705169164195,0.024976593652128842
Philippe Coutinho Correia,Barcelona,88,19,101.2,31.0,Blocked,Right Foot,Open Play,False,0.058907956,0,20.84322431870846,0.31589918110622756,0.07416841644631623,0.06105192087485885,0.06128119561952912,0.015260460446316237,0.0021439648748588502,0.0023732396195291217
Arturo Erasmo Vidal Pardo,Barcelona,88,45,113.9,41.4,Wayward,Head,Open Play,False,0.12014056,0,6.258594091327534,1.0472890001902238,0.35174836171280077,0.15251558038511764,0.1377774669007323,0.23160780171280076,0.03237502038511765,0.017636906900732316
Luis Alberto Suárez Díaz,Barcelona,5,3,106.7,33.0,Saved,Left Foot,Open Play,False,0.20362423,0,15.02963738750872,0.42961733797711676,0.13245800569830854,0.11554291203140349,0.1188827229579926,-0.07116622430169145,-0.0880813179685965,-0.08474150704200739
Philippe Coutinho Correia,Barcelona,5,5,104.9,38.8,Blocked,Right Foot,Open Play,False,0.07687691,0,15.147607071745682,0.47287923642033813,0.1344289802928638,0.12456163863947829,0.1354186799752571,0.057552070292863786,0.047684728639478285,0.058541769975257105
Luis Alberto Suárez Díaz,Barcelona,6,2,111.2,33.4,Blocked,Right Foot,Open Play,True,0.09436024,0,10.999999999999998,0.5394168613625087,0.19593931447147106,0.2664554726353484,0.2732952230667285,0.10157907447147106,0.17209523263534843,0.1789349830667285
Sergi Roberto Carnicer,Barcelona,6,3,103.8,28.7,Off T,Right Foot,Open Play,True,0.046564475,0,19.751708786836648,0.3049499131120811,0.08131446001115718,0.09882908337111887,0.09356144708465532,0.034749985011157176,0.05226460837111887,0.046996972084655315
Philippe Coutinho Correia,Barcelona,21,12,93.4,30.6,Blocked,Right Foot,Open Play,False,0.025361296,0,28.212054161297786,0.24387291604839975,0.03577198022081183,0.02568691715039179,0.027254078906882858,0.01041068422081183,0.00032562115039179093,0.0018927829068828596
Philippe Coutinho Correia,Barcelona,22,0,92.5,20.1,Saved,Right Foot,Open Play,False,0.00678333,0,33.944955442598534,0.17494802728902933,0.01980937268768647,0.01275595591815119,0.013951287810799715,0.013026042687686468,0.00597262591815119,0.0071679578107997155
Luis Alberto Suárez Díaz,Barcelona,28,43,106.3,57.1,Saved,Right Foot,Open Play,True,0.026529558,0,21.911184358678565,0.21165850680788595,0.06309458025521948,0.07339459062027595,0.05866058258955023,0.03656502225521948,0.04686503262027595,0.03213102458955023
Arturo Erasmo Vidal Pardo,Barcelona,29,22,112.8,38.2,Off T,Head,Open Play,False,0.17868578,0,7.4215901261117905,0.9016194357233379,0.30541036784366055,0.12231868846667553,0.12126347507706536,0.12672458784366056,-0.05636709153332446,-0.057422304922934625
Rodrigo Ely,Deportivo Alavés,39,53,107.1,48.7,Off T,Head,Open Play,False,0.059528023,0,15.559562975867934,0.39156224848344967,0.12384663448559151,0.034543415799828676,0.03567889729278342,0.06431861148559151,-0.024984607200171323,-0.023849125707216583
Carles Aleña Castillo,Barcelona,44,21,89.6,35.6,Blocked,Left Foot,Open Play,False,0.015290774,0,30.71677066359679,0.23483137251204214,0.028041806386219625,0.018127884208231516,0.02045150118058279,0.012751032386219625,0.0028371102082315157,0.005160727180582789
Luis Alberto Suárez Díaz,Barcelona,48,31,98.1,54.3,Blocked,Right Foot,Free Kick,False,0.05020511,0,26.155305389155757,0.2346128374363111,0.04316031929397876,0.07680468738616697,0.07094928812815629,-0.007044790706021237,0.026599577386166973,0.020744178128156293
Rubén Duarte Sánchez,Deportivo Alavés,50,0,105.6,20.9,Saved,Left Foot,Open Play,True,0.010371431,0,23.92007525071776,0.18645038285341833,0.05158811981564303,0.0547380447025137,0.042987031705056925,0.04121668881564303,0.0443666137025137,0.032615600705056924
Carles Aleña Castillo,Barcelona,53,50,107.4,39.1,Goal,Left Foot,Open Play,False,0.320261,1,12.632101962856375,0.562882492810581,0.17417713072021085,0.16123479339299535,0.1735880483754134,-0.14608386927978917,-0.15902620660700467,-0.14667295162458663
Luis Alberto Suárez Díaz,Barcelona,59,50,108.0,39.9,Goal,Right Foot,Penalty,False,0.7835,1,12.000416659433121,0.5920397733973555,0.18616576023745435,0.784756903773658,0.7890659996027564,-0.5973342397625456,0.001256903773658058,0.0055659996027563885
Mubarak Wakaso,Deportivo Alavés,67,31,91.9,24.9,Blocked,Left Foot,Open Play,False,0.01340504,0,31.90015673942684,0.20203230918050044,0.02452378934047603,0.015445490499332816,0.01654229808511655,0.01111874934047603,0.0020404504993328156,0.0031372580851165496
Lionel Andrés Messi Cuccittini,Barcelona,68,52,112.7,27.4,Saved to Post,Left Foot,Open Play,False,0.036729824,0,14.56193668438371,0.2627700006722707,0.12522141260518796,0.10693000430712124,0.09481743764751419,0.08849158860518797,0.07020018030712125,0.058087613647514184
Darko Brašanac,Deportivo Alavés,71,15,110.2,40.7,Off T,Right Foot,Open Play,True,0.20863318,0,9.824968193332738,0.7119310237927594,0.23457829587521492,0.32452885210112864,0.3719340997065054,0.02594511587521492,0.11589567210112864,0.16330091970650543
Jonathan Rodríguez Menéndez,Deportivo Alavés,74,37,96.6,34.1,Off T,Left Foot,Open Play,False,0.032226164,0,24.1323434419453,0.2924170095928857,0.05405248992548822,0.03950220038984191,0.040476749093238375,0.02182632592548822,0.007276036389841908,0.008250585093238373
Arturo Erasmo Vidal Pardo,Barcelona,75,44,116.5,32.9,Off T,Head,Open Play,False,0.14819801,0,7.915806970865321,0.47955942825133835,0.24063825750382312,0.08449410769061208,0.08724891713374754,0.09244024750382313,-0.06370390230938791,-0.060949092866252455
Borja González Tomás,Deportivo Alavés,78,13,110.5,41.9,Wayward,Head,Open Play,False,0.08945635,0,9.68813707582629,0.7126993117888591,0.23708654513429564,0.08402697652776077,0.09120938106846666,0.14763019513429565,-0.005429373472239235,0.0017530310684666511
Philippe Coutinho Correia,Barcelona,89,44,106.3,30.3,Off T,Left Foot,Open Play,True,0.10983207,0,16.78630394101096,0.35759367502760064,0.10917602954196015,0.13129900176822462,0.12302389773712452,-0.0006560404580398527,0.021466931768224617,0.013191827737124517
Lionel Andrés Messi Cuccittini,Barcelona,92,9,106.6,47.8,Off T,Left Foot,Open Play,False,0.1427784,0,15.504837954651448,0.40786677643037167,0.1256091204566856,0.10832544106903816,0.11003713472670484,-0.017169279543314403,-0.03445295893096184,-0.032741265273295156
Luis Alberto Suárez Díaz,Barcelona,1,26,114.9,50.6,Saved,Right Foot,Open Play,True,0.10779376,0,11.7630778285277,0.2902794777659529,0.1609205329199524,0.21251640393972387,0.1621192866319382,0.053126772919952395,0.10472264393972387,0.054325526631938195
Philippe Coutinho Correia,Barcelona,1,38,96.0,34.9,Blocked,Right Foot,Open Play,False,0.026766026,0,24.535892076710805,0.2900467002085823,0.05198827754098055,0.04004917837182043,0.04203907335357667,0.025222251540980553,0.013283152371820435,0.015273047353576673
Luis Alberto Suárez Díaz,Barcelona,2,4,93.1,32.8,Saved,Right Foot,Open Play,False,0.03160557,0,27.84690287985363,0.2528603520088833,0.03723954560041428,0.026949998645283604,0.02890861147617932,0.00563397560041428,-0.004655571354716396,-0.0026969585238206806
Philippe Coutinho Correia,Barcelona,4,28,95.2,33.2,Saved,Right Foot,Open Play,False,0.05932992,0,25.715365056712685,0.2731924233361546,0.04608497595743164,0.03469821375236127,0.03636264400866943,-0.01324494404256836,-0.024631706247638732,-0.02296727599133057
Clément Lenglet,Barcelona,4,53,113.7,39.4,Off T,Head,Open Play,False,0.22638872,0,6.3285069329186925,1.0467209229619625,0.3501021203512633,0.15142433521292312,0.13738911918123375,0.12371340035126333,-0.07496438478707687,-0.08899960081876623
Luis Alberto Suárez Díaz,Barcelona,20,0,113.7,30.4,Saved,Right Foot,Open Play,False,0.111127175,0,11.482595525402782,0.3712608216886684,0.17216536194462054,0.16565148487434922,0.16326138173729043,0.06103818694462054,0.054524309874349225,0.05213420673729044
Nélson Cabral Semedo,Barcelona,21,26,104.3,47.8,Blocked,Left Foot,Open Play,False,0.06583775,0,17.530829986055995,0.37271092214491414,0.10320069772255348,0.08556013093070576,0.08630002555862305,0.03736294772255348,0.01972238093070576,0.020462275558623053
Philippe Coutinho Correia,Barcelona,24,37,109.5,29.6,Saved,Right Foot,Open Play,False,0.0970064,0,14.778700890132393,0.35868342997638325,0.12991510976692655,0.11878334066141175,0.11641442534379934,0.032908709766926544,0.02177694066141174,0.01940802534379933
Philippe Coutinho Correia,Barcelona,25,12,112.8,39.3,Saved,Head,Open Play,False,0.17468,0,7.233947746562733,0.9345425296037245,0.31399563226084143,0.12769794368868898,0.12482867221562666,0.13931563226084143,-0.04698205631131103,-0.049851327784373345
Philippe Coutinho Correia,Barcelona,26,49,100.1,26.7,Saved,Right Foot,Open Play,False,0.039286196,0,23.93532953606447,0.25469759189147323,0.05376518092381617,0.04156921186992662,0.03968378317722211,0.01447898492381617,0.002283015869926616,0.00039758717722210984
Arturo Erasmo Vidal Pardo,Barcelona,34,37,89.5,40.4,Off T,Left Foot,Open Play,False,0.026074365,0,30.502622838044598,0.23881774306532932,0.028692905089244398,0.018629928512549326,0.021073713643926097,0.002618540089244399,-0.007444436487450672,-0.005000651356073901
Philippe Coutinho Correia,Barcelona,40,2,99.3,26.0,Post,Right Foot,Free Kick,False,0.0627205,0,24.989797918350604,0.24305316879273306,0.04838790283350023,0.08736169931329107,0.0798572506273132,-0.014332597166499768,0.024641199313291076,0.017136750627313208
Ivan Rakitić,Barcelona,45,16,109.1,38.0,Off T,Head,Open Play,False,0.12279452,0,11.081967334368032,0.6300736884191155,0.2042472803892473,0.06800494699792568,0.0754481774089452,0.0814527603892473,-0.05478957300207432,-0.0473463425910548
Lionel Andrés Messi Cuccittini,Barcelona,50,0,97.8,37.0,Saved,Left Foot,Open Play,False,0.07208596,0,22.401785643113367,0.3211777699080999,0.06454862447675479,0.04884096340542964,0.05054680428113905,-0.007537335523245217,-0.023244996594570362,-0.021539155718860954
Ivan Rakitić,Barcelona,56,33,101.4,25.9,Off T,Right Foot,Open Play,False,0.03435192,0,23.34030848125191,0.25082990063663896,0.056673425680250786,0.04422614647561799,0.041315604705011756,0.022321505680250785,0.00987422647561799,0.006963684705011755
Ousmane Dembélé,Barcelona,59,10,103.5,24.8,Off T,Right Foot,Open Play,True,0.043184336,0,22.434125790857106,0.24172231140390613,0.061265318674926995,0.07108781692430399,0.06334104927420776,0.018080982674927,0.027903480924303996,0.020156713274207767
Luis Alberto Suárez Díaz,Barcelona,61,9,106.3,55.5,Blocked,Left Foot,Open Play,False,0.03271131,0,20.686710710018644,0.2373537368012458,0.07169414427757252,0.05500412201277691,0.04725071114824481,0.03898283427757252,0.022292812012776907,0.014539401148244813
Lionel Andrés Messi Cuccittini,Barcelona,61,14,111.6,47.3,Goal,Left Foot,Open Play,False,0.070449896,1,11.128791488746657,0.507959030133392,0.19072701409182227,0.17893595821536445,0.18311653649747356,0.12027711809182227,0.10848606221536446,0.11266664049747356
Borja Mayoral Moya,Levante UD,63,7,112.1,49.2,Saved,Right Foot,Open Play,True,0.30044538,0,12.126417442921886,0.40834765716075755,0.16673687604297385,0.22238079295078425,0.20097112194861738,-0.13370850395702613,-0.07806458704921573,-0.0994742580513826
Arturo Erasmo Vidal Pardo,Barcelona,65,55,108.3,54.3,Saved,Right Foot,Open Play,True,0.063518874,0,18.476471524617462,0.2554188906189161,0.08847554358538803,0.10848366108689371,0.08706482739092539,0.02495666958538803,0.04496478708689371,0.023545953390925384
José Luis Morales Nogales,Levante UD,67,13,107.3,32.7,Off T,Right Foot,Open Play,False,0.20058417,0,14.64854941623914,0.4328570407760944,0.13706223190956113,0.12712467424264623,0.1324344492977827,-0.06352193809043888,-0.07345949575735378,-0.06814972070221731
Enis Bardhi,Levante UD,68,46,101.1,25.9,Blocked,Right Foot,Free Kick,False,0.06244838,0,23.580076335754306,0.24964225862148484,0.055389067799726,0.10159337497540134,0.09130710975190998,-0.007059312200273997,0.039144994975401345,0.02885872975190998
Rubén Rochina Naixes,Levante UD,68,51,106.8,54.6,Off T,Left Foot,Open Play,False,0.025342638,0,19.682479518597248,0.2528218237337394,0.07927019778678147,0.06203660151884074,0.054212330386172035,0.05392755978678147,0.03669396351884074,0.028869692386172034
David Remeseiro Salgueiro,Levante UD,70,29,94.1,37.8,Blocked,Right Foot,Free Kick,False,0.06605133,0,25.993268359327196,0.2788195437955662,0.04506219175426457,0.08085349331732923,0.0825606195538666,-0.020989138245735436,0.014802163317329226,0.016509289553866588
Arturo Erasmo Vidal Pardo,Barcelona,75,4,103.5,49.6,Saved,Right Foot,Open Play,False,0.105091564,0,19.08952592391964,0.3313987267746524,0.08768505630967484,0.07449668683703085,0.07414884402873945,-0.01740650769032516,-0.030594877162969145,-0.03094271997126055
Lionel Andrés Messi Cuccittini,Barcelona,78,38,103.4,29.4,Saved,Left Foot,Open Play,False,0.065370984,0,19.695684806576285,0.3137284642338051,0.08216225097097993,0.0649993760101357,0.06256104189112294,0.016791266970979934,-0.00037160798986429766,-0.002809942108877056
Lionel Andrés Messi Cuccittini,Barcelona,83,54,98.5,45.2,Off T,Left Foot,Open Play,False,0.075434096,0,22.119900542271886,0.31938194664719055,0.06616354594750186,0.0502869216521314,0.051472694834243986,-0.009270550052498147,-0.025147174347868603,-0.02396140116575602
Luis Alberto Suárez Díaz,Barcelona,86,18,109.5,53.3,Blocked,Right Foot,Open Play,False,0.035622887,0,16.945205811674285,0.27372523847182223,0.10245720142361764,0.08922311757618949,0.08067786351493059,0.06683431442361765,0.05360023057618949,0.04505497651493059
Enis Bardhi,Levante UD,88,48,106.9,32.8,Post,Right Foot,Open Play,True,0.06947669,0,14.948244044034064,0.42825469777356134,0.13327323733975438,0.17400369472312693,0.17665453164194303,0.06379654733975439,0.10452700472312694,0.10717784164194304
Jorge Andújar Moreno,Levante UD,90,1,105.5,60.3,Saved,Right Foot,Open Play,False,0.009974422,0,24.946743274423618,0.17256796585259934,0.04647302413205001,0.034799938808553046,0.028115213034403553,0.036498602132050015,0.024825516808553046,0.018140791034403553
Jorge Molina Vidal,Getafe,10,46,106.5,43.8,Off T,Right Foot,Open Play,True,0.18546063,0,14.024621207005913,0.49446150712172643,0.1495640861698713,0.19842277878307527,0.21577692175746443,-0.03589654383012869,0.012962148783075278,0.030316291757464447
Gaku Shibasaki,Getafe,13,53,98.2,28.1,Off T,Left Foot,Open Play,True,0.03138824,0,24.836465126905637,0.2585201088821863,0.04956414850572023,0.05250645602931982,0.05447506977246923,0.018175908505720234,0.02111821602931982,0.02308682977246923
Jorge Molina Vidal,Getafe,29,8,103.9,50.2,Off T,Left Foot,Open Play,False,0.098319024,0,19.059118552545915,0.3249213094074404,0.0875808729328547,0.0701753827085157,0.06800282258023915,-0.010738151067145305,-0.028143641291484306,-0.030316201419760852
Ivan Rakitić,Barcelona,33,26,87.0,36.8,Off T,Right Foot,Open Play,False,0.020671485,0,33.15478849276526,0.2188982033078921,0.021986605386170185,0.014463017341041662,0.017768839253242134,0.0013151203861701856,-0.006208467658958338,-0.002902645746757866
Ivan Rakitić,Barcelona,35,58,101.7,42.6,Saved,Right Foot,Open Play,True,0.05844707,0,18.483776670366904,0.38745750715139765,0.09571245010208487,0.11963506628892728,0.13021111674009417,0.037265380102084876,0.061187996288927286,0.07176404674009418
Gerard Piqué Bernabéu,Barcelona,38,36,111.8,45.2,Saved,Head,Open Play,False,0.14240101,0,9.70978887515069,0.6384234096737501,0.2279442784647649,0.07915271489861175,0.08478750641422335,0.0855432684647649,-0.06324829510138824,-0.057613503585776646
Arturo Erasmo Vidal Pardo,Barcelona,38,37,114.3,41.7,Goal,Right Foot,Open Play,True,0.22410761,1,5.948108943185224,1.0858605664645604,0.3646058156520009,0.5062678343547018,0.568224627038014,0.14049820565200088,0.2821602243547018,0.344117017038014
Ángel Luis Rodríguez Díaz,Getafe,40,13,106.2,24.2,Off T,Left Foot,Open Play,False,0.04356158,0,20.978083801910984,0.23246632764296943,0.06960712793209256,0.05309150308527457,0.04534258620996439,0.026045547932092558,0.009529923085274568,0.0017810062099643878
Malcom Filipe Silva de Oliveira,Barcelona,41,27,109.9,44.4,Saved,Left Foot,Open Play,False,0.0920183,0,11.016805344563362,0.6003956923011816,0.202104114855892,0.19265022769212542,0.2029946283540074,0.110085814855892,0.10063192769212542,0.11097632835400739
Arturo Erasmo Vidal Pardo,Barcelona,41,30,104.2,45.8,Blocked,Right Foot,Open Play,True,0.06335477,0,16.830923919975394,0.40486441792466804,0.11181831048455304,0.14278434234784293,0.1497299756691013,0.048463540484553036,0.07942957234784292,0.08637520566910128
Ángel Luis Rodríguez Díaz,Getafe,47,14,99.8,41.4,Blocked,Left Foot,Open Play,False,0.04523538,0,20.24845673131659,0.35686238033653755,0.08024836885264482,0.06338858315635928,0.06610595935259989,0.03501298885264482,0.018153203156359286,0.020870579352599887
Arturo Erasmo Vidal Pardo,Barcelona,52,4,116.9,49.6,Off T,Right Foot,Open Play,True,0.044533398,0,10.088111815399351,0.251341326261336,0.18049652172170738,0.24026231909134707,0.17390916222465133,0.13596312372170738,0.19572892109134707,0.12937576422465133
Lionel Andrés Messi Cuccittini,Barcelona,54,10,109.2,32.5,Saved,Left Foot,Open Play,True,0.30990028,0,13.148764200486672,0.46017464705764655,0.1577776169581006,0.1998193198574167,0.19703234430656472,-0.15212266304189936,-0.11008096014258328,-0.11286793569343526
Nemanja Maksimović,Getafe,55,28,95.5,30.3,Blocked,Right Foot,Open Play,False,0.018234689,0,26.350332066218826,0.2575216239337924,0.042996854799690766,0.03193753951437335,0.03288006291517972,0.024762165799690768,0.013702850514373352,0.01464537391517972
Malcom Filipe Silva de Oliveira,Barcelona,57,13,112.6,42.2,Saved,Right Foot,Open Play,True,0.5318036,0,7.720103626247519,0.8645728444265727,0.294128310726529,0.4100188746390841,0.4662452545556242,-0.23767528927347104,-0.12178472536091595,-0.06555834544437583
Ángel Luis Rodríguez Díaz,Getafe,70,2,103.5,57.9,Blocked,Left Foot,Open Play,True,0.023277966,0,24.34460925954656,0.20556069729527449,0.05018898584492684,0.053085275914147766,0.045176796895294975,0.02691101984492684,0.029807309914147765,0.021898830895294975
Ángel Luis Rodríguez Díaz,Getafe,76,9,110.4,44.7,Off T,Head,Open Play,False,0.13341548,0,10.688779163215973,0.6085527502114667,0.20822580521871545,0.06972288209492601,0.07595459783007043,0.07481032521871545,-0.06369259790507399,-0.057460882169929575
Carles Aleña Castillo,Barcelona,80,23,95.6,45.6,Off T,Left Foot,Open Play,False,0.04373605,0,25.034376365310166,0.28337590117995115,0.04942486509386217,0.03550992063879325,0.03665589006276646,0.005688815093862175,-0.00822612936120675,-0.007080159937233536
Lionel Andrés Messi Cuccittini,Barcelona,81,24,100.8,37.5,Off T,Left Foot,Open Play,False,0.09900023,0,19.362076334938877,0.37080200485316883,0.08763256935918555,0.07043979414230357,0.0735028082059364,-0.011367660640814445,-0.028560435857696423,-0.0254974217940636
Abel Ruiz Ortega,Barcelona,85,59,110.8,30.1,Saved,Right Foot,Open Play,False,0.31623295,0,13.51480669488099,0.37868285931624335,0.14621301671281597,0.13672913541341492,0.13532825456834044,-0.17001993328718404,-0.1795038145865851,-0.18090469543165957
Lionel Andrés Messi Cuccittini,Barcelona,86,19,115.8,30.2,Saved,Left Foot,Open Play,True,0.0942768,0,10.662082348209474,0.2974716469323118,0.17671910901281543,0.22436884246713173,0.16880993534864377,0.08244230901281543,0.13009204246713174,0.07453313534864378
Jorge Molina Vidal,Getafe,87,39,116.9,37.3,Post,Head,Open Play,False,0.33346695,0,4.11096095821889,1.4175734976439776,0.4610696446863337,0.23911031404016114,0.15851347049172104,0.12760269468633373,-0.09435663595983884,-0.17495347950827894
Mauro Wilney Arambarri Rosa,Getafe,87,46,89.1,50.9,Blocked,Right Foot,Open Play,True,0.016853673,0,32.76614106055213,0.21018871638927944,0.022692661111430475,0.02237270248168508,0.033191914527754815,0.005838988111430476,0.005519029481685079,0.016338241527754815
Samuel Sáiz Alonso,Getafe,91,54,101.6,42.2,Off T,Left Foot,Open Play,False,0.07033292,0,18.53105501583761,0.3875038736086134,0.09531480633515696,0.07792212616341959,0.08171514079510551,0.024981886335156966,0.007589206163419598,0.011382220795105522
Lionel Andrés Messi Cuccittini,Barcelona,3,40,105.5,37.8,Blocked,Right Foot,Open Play,False,0.12899871,0,14.665946952038249,0.48441989397671886,0.14093846919344957,0.1317972389484739,0.14317022240963218,0.011939759193449584,0.002798528948473905,0.014171512409632187
Charles Días Barbosa de Oliveira,Eibar,4,5,108.1,46.6,Saved,Right Foot,Open Play,True,0.12654307,0,13.607718398026913,0.4693170279914916,0.15267251634731574,0.2026631581996264,0.20883118303998802,0.026129446347315732,0.0761200881996264,0.08228811303998801
Sergio Busquets i Burgos,Barcelona,7,58,61.4,54.8,Off T,Right Foot,Open Play,True,0.0076118503,0,60.440052945046304,0.11731558269844687,0.0014476669237415986,0.0008950061195677528,0.021777131828906088,-0.006164183376258401,-0.006716844180432248,0.014165281528906087
Sergio Enrich Ametller,Eibar,8,36,104.2,33.4,Wayward,Head,Open Play,False,0.09620356,0,17.123083834403193,0.3919582537084388,0.10817996173488481,0.029065407922184417,0.03080568430571811,0.011976401734884817,-0.06713815207781558,-0.06539787569428188
Charles Días Barbosa de Oliveira,Eibar,9,36,108.6,36.5,Wayward,Head,Open Play,False,0.066000834,0,11.92518343674428,0.5748382024478652,0.18556031791626898,0.05948820525772725,0.06592287941501052,0.11955948391626899,-0.006512628742272743,-7.79545849894786e-05
José Ángel Valdés Díaz,Eibar,9,41,92.1,26.6,Wayward,Left Foot,Open Play,True,0.018006561,0,30.951090449287893,0.21293399784045322,0.027039091800140348,0.025831155450061264,0.03328102665002625,0.009032530800140347,0.007824594450061263,0.015274465650026253
Joan Jordán Moreno,Eibar,9,52,107.1,54.4,Off T,Left Foot,Open Play,False,0.04963808,0,19.33313218286163,0.25626623048730823,0.08197660259735322,0.06457554135158024,0.056588015376349166,0.03233852259735322,0.014937461351580236,0.0069499353763491645
Sergio Enrich Ametller,Eibar,14,48,112.6,33.0,Saved,Other,Open Play,True,0.16278878,0,10.186265262597479,0.5400073412773744,0.20887347646362708,0.08014375787479924,0.08277919203729141,0.04608469646362709,-0.08264502212520075,-0.08000958796270859
Charles Días Barbosa de Oliveira,Eibar,16,20,91.2,34.7,Saved,Right Foot,Open Play,True,0.02842331,0,29.28361316504505,0.24473603302122865,0.03233892370437169,0.03388751383966811,0.044869640615395105,0.003915613704371691,0.005464203839668107,0.016446330615395105
Marc Cucurella Saseta,Eibar,19,40,111.1,25.5,Goal,Left Foot,Open Play,False,0.047294553,1,17.013524032369077,0.2317484398128636,0.09933209273492029,0.08100502530927614,0.06840376530406722,0.052037539734920285,0.03371047230927614,0.021109212304067218
Charles Días Barbosa de Oliveira,Eibar,21,57,115.1,28.0,Saved,Right Foot,Open Play,False,0.047247566,0,12.961867149450347,0.22795147794727014,0.14062653765857153,0.12936733228455943,0.11599046723938136,0.09337897165857154,0.08211976628455944,0.06874290123938137
Lionel Andrés Messi Cuccittini,Barcelona,26,58,86.5,45.1,Off T,Left Foot,Free Kick,False,0.0245723,0,33.885985303662046,0.21280695092262392,0.020416608056914934,0.03074652410238536,0.0358617620351517,-0.0041556919430850645,0.006174224102385363,0.011289462035151701
Lionel Andrés Messi Cuccittini,Barcelona,30,10,113.9,30.2,Goal,Left Foot,Open Play,False,0.21617931,1,11.543396380615194,0.35662277926408636,0.1699479712630464,0.15466395095924243,0.1490945779034026,-0.04623133873695362,-0.06151535904075758,-0.0670847320965974
Lionel Andrés Messi Cuccittini,Barcelona,31,51,105.1,31.0,Goal,Left Foot,Open Play,False,0.20478109,1,17.407182425654078,0.3601703036847578,0.10355530774859563,0.0858391529800027,0.08508489847638803,-0.10122578225140437,-0.1189419370199973,-0.11969619152361197
Pablo Ezequiel De Blasis,Eibar,44,47,81.9,51.1,Goal,Right Foot,Open Play,True,0.019299699,1,39.684001814333186,0.1767499516477942,0.011397979620296206,0.009991749443934488,0.023230597749173115,-0.007901719379703794,-0.009307949556065512,0.0039308987491731145
Charles Días Barbosa de Oliveira,Eibar,47,0,113.3,45.6,Off T,Head,Open Play,False,0.08126011,0,8.732124598286493,0.6626000473909371,0.2482153947915381,0.08933138959598799,0.09367269949797043,0.1669552847915381,0.008071279595987996,0.01241258949797043
Sergio Enrich Ametller,Eibar,51,4,106.4,42.5,Saved,Right Foot,Open Play,True,0.111209795,0,13.827870407260832,0.510385292128927,0.15339576094770135,0.20419477519626986,0.22541378718480737,0.042185965947701354,0.09298498019626986,0.11420399218480737
Charles Días Barbosa de Oliveira,Eibar,52,46,110.4,42.4,Saved,Head,Open Play,False,0.18490595,0,9.895453501482379,0.6935851111636073,0.2311771153921434,0.08101421320656574,0.08823184271951741,0.046271165392143376,-0.10389173679343428,-0.0966741072804826
Fabián Ariel Orellana Valenzuela,Eibar,53,23,110.2,55.0,Off T,Right Foot,Open Play,True,0.053833354,0,17.91758912354003,0.229084905342747,0.09153524095225185,0.1125800758556727,0.08371362838127919,0.03770188695225185,0.0587467218556727,0.029880274381279187
Gerard Piqué Bernabéu,Barcelona,60,38,110.9,57.1,Saved,Right Foot,Open Play,True,0.0135365985,0,19.370596273734062,0.1820617515655905,0.07809417349313835,0.09361177662643314,0.06406784187777789,0.06455757499313836,0.08007517812643314,0.050531243377777896
Fabián Ariel Orellana Valenzuela,Eibar,64,5,91.6,53.3,Off T,Right Foot,Open Play,False,0.02217562,0,31.360006377550377,0.21111225690241778,0.025974032802859745,0.017583275653156448,0.019266852589761765,0.003798412802859745,-0.004592344346843552,-0.0029087674102382353
Enrique García Martínez,Eibar,80,20,113.7,45.5,Off T,Head,Open Play,False,0.10213037,0,8.363013810822027,0.6841638908992077,0.2577455261248481,0.09436407528669805,0.0981150257361348,0.15561515612484808,-0.007766294713301952,-0.004015344263865198
Marc Cucurella Saseta,Eibar,80,42,113.0,38.7,Off T,Right Foot,Open Play,False,0.19859353,0,7.119691004531025,0.9416306647895308,0.3174272996100056,0.3457943000093928,0.334827304452898,0.11883376961000561,0.14720077000939283,0.136233774452898
Lionel Andrés Messi Cuccittini,Barcelona,84,6,107.3,32.1,Off T,Left Foot,Open Play,True,0.09632089,0,14.956603892595405,0.4162188527906485,0.13226255063991457,0.16368752776678827,0.16041582481269692,0.035941660639914566,0.06736663776678826,0.06409493481269692
Carles Pérez Sayol,Barcelona,87,15,116.7,29.6,Off T,Left Foot,Open Play,False,0.065213636,0,10.911003620199196,0.2247689405088065,0.16642132940508014,0.14965236933791434,0.13759068689499604,0.10120769340508014,0.08443873333791434,0.07237705089499603
Fabián Ariel Orellana Valenzuela,Eibar,92,24,101.0,52.4,Off T,Left Foot,Open Play,True,0.06224955,0,22.688322987827902,0.2705989065051255,0.06093155320810629,0.06677970903872385,0.06445045396601984,-0.0013179967918937122,0.004530159038723849,0.0022009039660198376
Ivica Olić,Bayern Munich,9,11,114.0,48.0,Off T,Right Foot,Open Play,True,0.18124305,0,10.0,0.46933817912629144,0.20420722276267667,0.2773853312004821,0.25679227517570424,0.022964172762676677,0.0961422812004821,0.07554922517570425
Maicon Douglas Sisenando,Inter Milan,10,56,92.0,63.0,Off T,Right Foot,Open Play,False,0.0063452623,0,36.235341863986875,0.15642117068551986,0.015699352148344458,0.009696479169605325,0.011150248424601593,0.009354089848344458,0.003351216869605326,0.004804986124601594
Hamit Altıntop,Bayern Munich,12,51,96.0,33.0,Blocked,Right Foot,Open Play,False,0.046331525,0,25.0,0.27971381275098123,0.0494694013745912,0.037741824050459484,0.03925561121462259,0.003137876374591203,-0.008589700949540514,-0.007075913785377405
Daniel Van Buyten,Bayern Munich,15,34,110.0,40.0,Blocked,Head,Open Play,False,0.070251696,0,10.0,0.701714016520786,0.23031251876547795,0.08063561382476442,0.08828366103643974,0.16006082276547795,0.010383917824764416,0.018031965036439737
Wesley Sneijder,Inter Milan,17,43,81.0,30.0,Saved,Right Foot,Free Kick,False,0.008091472,0,40.26164427839479,0.1757488716592293,0.01077034972183649,0.015549145969160625,0.02381048574492425,0.0026788777218364895,0.007457673969160625,0.01571901374492425
Esteban Matías Cambiasso Delau,Inter Milan,18,0,107.0,40.0,Blocked,Right Foot,Open Play,True,0.06827557,0,13.0,0.5488694948224784,0.1677540154666877,0.2256129614333305,0.2532206742254874,0.0994784454666877,0.15733739143333053,0.18494510422548738
Arjen Robben,Bayern Munich,22,22,104.0,41.0,Off T,Left Foot,Open Play,True,0.069696575,0,16.0312195418814,0.44815331085171894,0.12289443516829396,0.15098122290662971,0.16365668228768876,0.05319786016829396,0.08128464790662972,0.09396010728768876
Wesley Sneijder,Inter Milan,25,40,80.0,33.0,Saved,Right Foot,Free Kick,False,0.005588494,0,40.607881008493905,0.17714003678673346,0.01042423867740611,0.014972275421024332,0.023662953445992375,0.004835744677406109,0.00938378142102433,0.018074459445992376
Thomas Müller,Bayern Munich,31,50,91.0,40.0,Off T,Right Foot,Open Play,False,0.029827887,0,29.0,0.2510862928212736,0.03335525343767876,0.02366730247852798,0.026456193112761546,0.003527366437678762,-0.006160584521472022,-0.003371693887238455
Wesley Sneijder,Inter Milan,32,24,111.0,51.0,Wayward,Right Foot,Open Play,True,0.0897631,0,14.212670403551895,0.3360533581207404,0.134563287683468,0.17491891136717216,0.1484548241200072,0.04480018768346801,0.08515581136717217,0.05869172412000721
Diego Alberto Milito,Inter Milan,33,59,107.0,46.0,Goal,Right Foot,Open Play,False,0.3830916,1,14.317821063276353,0.4609626577380962,0.14320642292813507,0.13410409307732235,0.14208596249057942,-0.2398851770718649,-0.24898750692267763,-0.24100563750942056
Hamit Altıntop,Bayern Munich,40,0,91.0,42.0,Saved,Right Foot,Open Play,False,0.03753288,0,29.068883707497267,0.2499283533629012,0.03311374555423607,0.023463733242845897,0.026216542880079307,-0.004419134445763931,-0.014069146757154101,-0.01131633711992069
Arjen Robben,Bayern Munich,40,46,91.0,50.0,Off T,Left Foot,Open Play,False,0.01996498,0,30.675723300355934,0.22497357025306677,0.027973869793761933,0.01806362091202453,0.019717796201418277,0.008008889793761933,-0.001901359087975469,-0.0002471837985817231
Wesley Sneijder,Inter Milan,42,24,106.0,35.0,Saved,Left Foot,Open Play,True,0.17239982,0,14.866068747318506,0.4585395653254657,0.13655023074864958,0.17008368545123473,0.17853932373122222,-0.03584958925135043,-0.0023161345487652807,0.006139503731222212
Ivica Olić,Bayern Munich,44,15,95.0,21.0,Off T,Left Foot,Open Play,False,0.00867654,0,31.400636936215164,0.18598025134563873,0.025457916593797977,0.016121950720496617,0.016018635511984868,0.016781376593797977,0.007445410720496617,0.007342095511984868
Mark van Bommel,Bayern Munich,45,14,89.0,49.0,Blocked,Right Foot,Open Play,False,0.01700997,0,32.28002478313795,0.21713168313874068,0.023880406507333925,0.015935796600700117,0.01860701234511811,0.0068704365073339255,-0.0010741733992998825,0.001597042345118111
Mark van Bommel,Bayern Munich,45,56,94.0,48.0,Off T,Right Foot,Open Play,False,0.036953866,0,27.202941017470888,0.2561756566544305,0.03965293892079341,0.02902693891468643,0.030673403370365723,0.0026990729207934105,-0.007926927085313572,-0.006280462629634279
Thomas Müller,Bayern Munich,45,17,107.0,45.0,Saved,Right Foot,Open Play,True,0.18862773,0,13.92838827718412,0.4849333161672219,0.149962755963711,0.19889509730865854,0.21238687399213063,-0.03866497403628899,0.010267367308658543,0.023759143992130638
Arjen Robben,Bayern Munich,45,21,113.0,62.0,Blocked,Left Foot,Open Play,False,0.005745546,0,23.08679276123039,0.09829567640046777,0.05274381819103641,0.037862072731339534,0.025065881561320818,0.04699827219103641,0.03211652673133954,0.019320335561320817
Goran Pandev,Inter Milan,46,45,105.0,32.0,Saved,Left Foot,Open Play,True,0.08949893,0,17.0,0.379123823171158,0.10852546654036392,0.13058491136737646,0.12893004305171207,0.019026536540363917,0.041085981367376456,0.03943111305171207
Arjen Robben,Bayern Munich,51,49,97.0,41.0,Blocked,Left Foot,Open Play,False,0.05739926,0,23.021728866442675,0.31504329858428115,0.060743743029064406,0.04542858722396548,0.047264777848628786,0.003344483029064406,-0.011970672776034523,-0.010134482151371214
Wesley Sneijder,Inter Milan,53,4,92.0,46.0,Off T,Right Foot,Free Kick,False,0.053999748,0,28.635642126552707,0.24883587031967613,0.03447641924666837,0.05963576586220863,0.062059686164814096,-0.019523328753331633,0.005636017862208631,0.008059938164814096
Hamit Altıntop,Bayern Munich,53,52,106.0,27.0,Off T,Right Foot,Open Play,False,0.052042354,0,19.1049731745428,0.28360725631480244,0.08507185317350151,0.07164958773087232,0.06645839863640395,0.03302949917350151,0.019607233730872323,0.014416044636403946
Lucimar da Silva Ferreira,Inter Milan,55,42,108.0,37.0,Blocked,Head,Open Play,False,0.056061357,0,12.36931687685298,0.5616185180743136,0.1777905398878944,0.056118431126260596,0.06244577878250712,0.12172918288789439,5.7074126260596436e-05,0.006384421782507123
Mark van Bommel,Bayern Munich,58,21,84.0,65.0,Blocked,Right Foot,Open Play,False,0.005545284,0,43.829214001622255,0.13727304758753936,0.0074267605396143,0.004029325302868065,0.007130975040439563,0.0018814765396143003,-0.001515958697131935,0.0015856910404395625
Arjen Robben,Bayern Munich,62,35,108.0,67.0,Blocked,Left Foot,Free Kick,False,0.0069266786,0,29.546573405388315,0.10183307231175452,0.02877992848838823,0.045286085799731084,0.031175616960307934,0.02185324988838823,0.038359407199731084,0.024248938360307934
Thomas Müller,Bayern Munich,62,37,106.0,42.0,Blocked,Right Foot,Open Play,True,0.06875604,0,14.142135623730951,0.5022158866338138,0.1487531944228093,0.19732863591086536,0.21818694762772797,0.07999715442280929,0.12857259591086534,0.14943090762772798
Wesley Sneijder,Inter Milan,64,5,82.0,41.0,Saved,Right Foot,Free Kick,False,0.007148503,0,38.01315561749642,0.19190833663987802,0.013531900526128572,0.020281996629489086,0.028472791549947498,0.006383397526128573,0.013133493629489085,0.021324288549947498
Arjen Robben,Bayern Munich,64,47,105.0,61.0,Saved,Left Foot,Open Play,False,0.008772062,0,25.80697580112788,0.16668779265166042,0.04271745337758378,0.029644002534509585,0.02353681531143918,0.033945391377583775,0.020871940534509584,0.014764753311439179
Ivica Olić,Bayern Munich,69,21,110.0,47.0,Blocked,Left Foot,Open Play,True,0.11061519,0,12.206555615733702,0.4949826574137816,0.17371841615309935,0.22262615724197468,0.2228939911198014,0.06310322615309935,0.11201096724197468,0.1122788011198014
Diego Alberto Milito,Inter Milan,69,38,107.0,31.0,Goal,Right Foot,Open Play,False,0.20716602,1,15.811388300841896,0.38239315908302846,0.12054913338516764,0.10890015187604782,0.11008540320370137,-0.08661688661483237,-0.09826586812395219,-0.09708061679629863
Arjen Robben,Bayern Munich,80,6,95.0,59.0,Blocked,Left Foot,Open Play,False,0.007910266,0,31.400636936215164,0.18598025134563873,0.025457916593797977,0.016121950720496617,0.016018635511984868,0.017547650593797974,0.008211684720496616,0.008108369511984867
Arjen Robben,Bayern Munich,82,14,92.0,33.0,Blocked,Left Foot,Free Kick,False,0.05178217,0,28.861739379323623,0.24504629863087637,0.03366475363356039,0.05470860146004818,0.05589345802078889,-0.018117416366439612,0.0029264314600481803,0.004111288020788889
Mark van Bommel,Bayern Munich,90,33,90.0,49.0,Blocked,Right Foot,Open Play,False,0.017485753,0,31.32091952673165,0.22317184754054664,0.02627436887766482,0.017837768835091253,0.020290003373250376,0.008788615877664819,0.00035201583509125375,0.0028042503732503762
Javier Hernández Balcázar,Manchester United,2,47,99.0,31.0,Blocked,Right Foot,Open Play,False,0.05095734,0,22.847319317591726,0.29350950139234755,0.060906779728833495,0.04829594538839174,0.04870059234453565,0.009949439728833498,-0.0026613946116082546,-0.002256747655464346
David Villa Sánchez,Barcelona,10,5,99.0,39.0,Blocked,Left Foot,Open Play,False,0.051226057,0,21.02379604162864,0.34436208669986773,0.07424562667320228,0.05775176253003935,0.06013282095777595,0.023019569673202282,0.006525705530039352,0.008906763957775954
David Villa Sánchez,Barcelona,10,19,110.0,26.0,Blocked,Left Foot,Open Play,True,0.030320471,0,17.204650534085253,0.2534492572348174,0.09894075157142501,0.11659396773457595,0.08852550398813383,0.06862028057142501,0.08627349673457595,0.05820503298813383
Pedro Eliezer Rodríguez Ledesma,Barcelona,15,6,112.0,44.0,Off T,Left Foot,Open Play,True,0.26719016,0,8.94427190999916,0.7212157681992971,0.2515833655397277,0.3346989679416394,0.3677333971482758,-0.0156067944602723,0.06750880794163938,0.10054323714827579
David Villa Sánchez,Barcelona,19,19,97.0,45.0,Off T,Right Foot,Open Play,False,0.042916227,0,23.53720459187964,0.3019090451705767,0.05745246924265295,0.045102779397787694,0.0471481399171908,0.014536242242652951,0.002186552397787693,0.0042319129171908
David Villa Sánchez,Barcelona,20,41,105.0,55.0,Saved,Right Foot,Open Play,False,0.05555657,0,21.213203435596427,0.24637698965294572,0.06871584792569661,0.055519630193390124,0.049606367705384846,0.013159277925696614,-3.6939806609875836e-05,-0.005950202294615153
Pedro Eliezer Rodríguez Ledesma,Barcelona,26,51,105.0,47.0,Goal,Right Foot,Open Play,False,0.12857077,1,16.55294535724685,0.398756549821616,0.11414370963405544,0.10220403218676144,0.10621939033240513,-0.014427060365944558,-0.02636673781323856,-0.022351379667594873
Andrés Iniesta Luján,Barcelona,29,0,91.0,33.0,Blocked,Right Foot,Open Play,False,0.02357238,0,29.832867780352597,0.2375879305295052,0.030555851911864777,0.0213263708078481,0.02373402422880961,0.006983471911864776,-0.0022460091921518988,0.00016164422880960913
Wayne Mark Rooney,Manchester United,33,5,105.0,43.0,Goal,Right Foot,Open Play,True,0.15370104,1,15.297058540778355,0.46182477261861243,0.13189459726813552,0.1723472100248824,0.18787225331666563,-0.021806442731864495,0.01864617002488239,0.034171213316665616
Xavier Hernández Creus,Barcelona,36,12,98.0,52.0,Off T,Right Foot,Open Play,False,0.028585957,0,25.059928172283335,0.2562612835713114,0.04847364963901697,0.036787174541930784,0.036290019993036736,0.019887692639016973,0.008201217541930785,0.007704062993036737
Andrés Iniesta Luján,Barcelona,38,19,88.0,43.0,Saved,Right Foot,Open Play,False,0.024055533,0,32.14031735997639,0.2258177898508277,0.02433767056056163,0.016305074844108678,0.019467414928468017,0.0002821375605616301,-0.007750458155891322,-0.004588118071531984
Lionel Andrés Messi Cuccittini,Barcelona,42,54,115.0,41.0,Off T,Left Foot,Open Play,True,0.3706616,0,5.0990195135927845,1.2391346885181307,0.4083325591033169,0.5470672760029303,0.6031072131450972,0.037670959103316914,0.17640567600293028,0.2324456131450972
Andrés Iniesta Luján,Barcelona,46,22,93.0,41.0,Blocked,Right Foot,Open Play,True,0.026587047,0,27.018512172212592,0.26911046912636344,0.04067947004342197,0.04432514747356417,0.05520999383074797,0.01409242304342197,0.01773810047356417,0.02862294683074797
Xavier Hernández Creus,Barcelona,46,46,99.0,44.0,Blocked,Right Foot,Open Play,False,0.05035425,0,21.37755832643195,0.33357567336719335,0.07142302699280131,0.05845875339967004,0.061279671285366745,0.02106877699280131,0.008104503399670039,0.010925421285366742
Daniel Alves da Silva,Barcelona,51,45,113.0,54.0,Saved,Right Foot,Open Play,False,0.07287654,0,15.652475842498529,0.2177321032938091,0.11100202612543884,0.09773701279007968,0.08353415094545942,0.03812548612543884,0.024860472790079677,0.010657610945459417
Lionel Andrés Messi Cuccittini,Barcelona,51,47,104.0,46.0,Blocked,Left Foot,Open Play,False,0.0568718,0,17.08800749063506,0.3979518282525755,0.10889604697680459,0.09135332952507863,0.09424707147640715,0.05202424697680459,0.03448152952507863,0.03737527147640715
Lionel Andrés Messi Cuccittini,Barcelona,53,9,94.0,43.0,Goal,Left Foot,Open Play,False,0.04044454,1,26.1725046566048,0.27614124463409806,0.0442373693157899,0.031130697451299344,0.032808341426209656,0.0037928293157898987,-0.009313842548700657,-0.007636198573790345
Lionel Andrés Messi Cuccittini,Barcelona,62,39,108.0,30.0,Saved,Left Foot,Open Play,False,0.15484966,0,15.620499351813308,0.3639437562421366,0.12124086143138911,0.10356825468234979,0.10095945984731027,-0.03360879856861089,-0.051281405317650214,-0.053890200152689735
Lionel Andrés Messi Cuccittini,Barcelona,64,12,115.0,44.0,Blocked,Right Foot,Open Play,True,0.34534055,0,6.4031242374328485,0.924600789821128,0.3303386232499934,0.4593862130597741,0.5027211973908473,-0.015001926750006611,0.1140456630597741,0.15738064739084728
Xavier Hernández Creus,Barcelona,65,23,94.0,47.0,Saved,Right Foot,Open Play,False,0.034108758,0,26.92582403567252,0.2613354170968703,0.04083361261900015,0.030059360238366136,0.03187772488766938,0.006724854619000145,-0.004049397761633867,-0.0022310331123306243
Andrés Iniesta Luján,Barcelona,66,26,92.0,39.0,Saved,Right Foot,Open Play,True,0.024149418,0,28.0178514522438,0.25963275423083115,0.03680192161900429,0.03942830808778988,0.05066998691329061,0.012652503619004288,0.015278890087789883,0.02652056891329061
David Villa Sánchez,Barcelona,68,51,100.0,45.0,Goal,Right Foot,Open Play,False,0.08189525,1,20.615528128088304,0.34172714388887704,0.07691928232342078,0.06384922620809962,0.06661882273592479,-0.004975967676579221,-0.018046023791900387,-0.015276427264075215
Wayne Mark Rooney,Manchester United,70,29,99.0,32.0,Off T,Right Foot,Open Play,False,0.052839383,0,22.47220505424423,0.30305836305553757,0.06341777769668773,0.05069050379609492,0.051601577054093434,0.010578394696687733,-0.0021488792039050797,-0.001237805945906563
Luís Carlos Almeida da Cunha,Manchester United,84,30,99.0,48.0,Off T,Left Foot,Open Play,False,0.045260325,0,22.47220505424423,0.30305836305553757,0.06341777769668773,0.04776913827933552,0.04780712603073011,0.018157452696687733,0.0025088132793355256,0.002546801030730114
Andrés Iniesta Luján,Barcelona,90,24,86.0,56.0,Saved,Right Foot,Open Play,True,0.01128677,0,37.57658845611187,0.17610542080186978,0.013970410166749705,0.01267099901723686,0.02401691314447382,0.0026836401667497053,0.0013842290172368602,0.01273014314447382
Ibrahim Afellay,Barcelona,92,14,107.0,59.0,Saved,Right Foot,Open Play,False,0.010115318,0,23.021728866442675,0.18216088083527354,0.05591986306777995,0.04332769325339837,0.034870713526874014,0.04580454506777995,0.033212375253398374,0.024755395526874016
Bastian Schweinsteiger,Bayern Munich,4,1,98.0,37.0,Blocked,Left Foot,Open Play,False,0.082112305,0,22.20360331117452,0.32394800247582484,0.06584396504723143,0.05001460231237998,0.05175772778277781,-0.016268339952768565,-0.032097702687620015,-0.030354577217222185
Toni Kroos,Bayern Munich,4,36,100.0,27.0,Off T,Right Foot,Open Play,True,0.033942744,0,23.853720883753127,0.2576406751587422,0.054273334712472095,0.06186741042596154,0.06181507735211346,0.020330590712472098,0.027924666425961545,0.027872333352113463
Arjen Robben,Bayern Munich,7,51,106.0,56.0,Off T,Left Foot,Open Play,False,0.036090244,0,21.2602916254693,0.22953240549625284,0.06771456226688481,0.051372889288223915,0.043767434723546744,0.03162431826688481,0.015282645288223914,0.007677190723546744
Mario Gómez García,Bayern Munich,12,44,111.0,37.0,Off T,Head,Open Play,False,0.11271639,0,9.486832980505138,0.7102726283635806,0.24038039122581858,0.08565413387533694,0.09230164895865194,0.12766400122581859,-0.027062256124663064,-0.020414741041348064
Arjen Robben,Bayern Munich,17,48,109.0,41.0,Blocked,Left Foot,Open Play,True,0.04427424,0,11.045361017187261,0.6379784967323765,0.205683651635565,0.26948473224205965,0.30333363614371456,0.16140941163556502,0.22521049224205966,0.25905939614371454
Arjen Robben,Bayern Munich,20,48,109.0,28.0,Saved,Left Foot,Open Play,False,0.09132079,0,16.278820596099706,0.3097267105625231,0.11094732571723584,0.09286835542765513,0.08590929741660963,0.01962653571723584,0.0015475654276551343,-0.005411492583390368
Arjen Robben,Bayern Munich,28,33,99.0,57.0,Blocked,Left Foot,Free Kick,False,0.040236156,0,27.018512172212592,0.21130935015676114,0.03921384047694883,0.06493186081086194,0.0569736531033543,-0.0010223155230511746,0.02469570481086194,0.0167374971033543
Arjen Robben,Bayern Munich,31,46,103.0,52.0,Saved,Left Foot,Open Play,True,0.055031057,0,20.808652046684813,0.28830249287308785,0.07315446831688173,0.08259971838618148,0.07696781549162286,0.018123411316881728,0.027568661386181477,0.02193675849162286
Juan Manuel Mata García,Chelsea,33,37,98.0,57.0,Off T,Left Foot,Free Kick,False,0.042730007,0,27.80287754891569,0.20891181907705358,0.03636242877018376,0.05958435107550565,0.05314454775244725,-0.006367578229816241,0.01685434407550565,0.01041454075244725
Franck Bilal Ribéry,Bayern Munich,34,25,105.0,21.0,Off T,Right Foot,Open Play,False,0.013519322,0,24.20743687382041,0.1894556616739432,0.050322357457482814,0.03827212379908444,0.031777681196133466,0.03680303545748281,0.024752801799084442,0.018258359196133465
Thomas Müller,Bayern Munich,35,13,108.0,40.0,Off T,Left Foot,Open Play,True,0.11301507,0,12.0,0.5920752289498059,0.18617549927232185,0.24140257117687622,0.27008425044880924,0.07316042927232186,0.12838750117687622,0.15706918044880924
Salomon Armand Magloire Kalou,Chelsea,36,50,104.0,60.0,Saved,Right Foot,Open Play,True,0.013345487,0,25.612496949731394,0.1802795229823954,0.04387920624022755,0.048105351363127685,0.04056578781488494,0.03053371924022755,0.03475986436312768,0.027220300814884944
Mario Gómez García,Bayern Munich,38,41,106.0,49.0,Blocked,Left Foot,Open Play,False,0.055051412,0,16.64331697709324,0.3707831280426807,0.11140686810053536,0.09369740164342104,0.09304246461053849,0.05635545610053536,0.03864598964342104,0.037991052610538485
Franck Bilal Ribéry,Bayern Munich,38,44,107.0,23.0,Wayward,Right Foot,Open Play,True,0.043476354,0,21.400934559032695,0.2108516720733785,0.06608313017462222,0.07741118073465653,0.060627691876825554,0.02260677617462222,0.033934826734656524,0.017151337876825552
Anatoliy Tymoshchuk,Bayern Munich,39,54,85.0,50.0,Blocked,Right Foot,Open Play,False,0.0060392558,0,36.40054944640259,0.1929043363140123,0.015822411194052716,0.009811090562044135,0.013165522908714557,0.009783155394052716,0.003771834762044135,0.007126267108714558
Mario Gómez García,Bayern Munich,39,55,102.0,41.0,Off T,Left Foot,Open Play,False,0.11300236,0,18.027756377319946,0.4000429410602201,0.10040029531570152,0.08295621014788075,0.08746994839494432,-0.012602064684298475,-0.030046149852119244,-0.025532411605055677
Mario Gómez García,Bayern Munich,41,51,106.0,42.0,Off T,Left Foot,Open Play,False,0.1432082,0,14.142135623730951,0.5022158866338138,0.1487531944228093,0.13322491600162434,0.1429339366998277,0.005544994422809285,-0.00998328399837567,-0.0002742633001723005
Toni Kroos,Bayern Munich,48,1,93.0,57.0,Blocked,Right Foot,Open Play,False,0.008729083,0,31.906112267087632,0.19425336332175808,0.02438714834386089,0.01630768717666811,0.017324236190647706,0.01565806534386089,0.007578604176668108,0.008595153190647705
Didier Yves Drogba Tébily,Chelsea,50,1,86.0,24.0,Off T,Right Foot,Open Play,False,0.006869722,0,37.57658845611187,0.17610542080186978,0.013970410166749705,0.00846829327300099,0.011421103472402824,0.007100688166749705,0.0015985712730009899,0.004551381472402824
Didier Yves Drogba Tébily,Chelsea,52,47,107.0,61.0,Blocked,Right Foot,Open Play,True,0.0082937945,0,24.698178070456937,0.15817031705991008,0.0471350921988414,0.052192373335297734,0.03924063957780184,0.0388412976988414,0.043898578835297734,0.030946845077801842
Arjen Robben,Bayern Munich,53,3,103.0,40.0,Blocked,Left Foot,Open Play,True,0.089607805,0,17.0,0.4241145315404141,0.11143737401272305,0.13494993711159148,0.14596879721276698,0.021829569012723052,0.04534213211159148,0.05636099221276698
Toni Kroos,Bayern Munich,55,55,95.0,19.0,Off T,Left Foot,Open Play,False,0.007226251,0,32.64965543462902,0.17213397843866837,0.02238977352605372,0.01384743763190478,0.013860076909112706,0.01516352252605372,0.006621186631904779,0.006633825909112706
Arjen Robben,Bayern Munich,58,54,105.0,35.0,Blocked,Left Foot,Open Play,False,0.07289705,0,15.811388300841896,0.4344892487439107,0.12424920804791888,0.10711494633136023,0.11220813680740302,0.05135215804791887,0.03421789633136023,0.039311086807403015
Bastian Schweinsteiger,Bayern Munich,60,58,113.0,38.0,Wayward,Head,Open Play,False,0.1257747,0,7.280109889280518,0.9127873142810395,0.30993687007641796,0.12509126665776313,0.1229677506098927,0.18416217007641797,-0.000683433342236861,-0.002806949390107283
Franck Bilal Ribéry,Bayern Munich,63,17,98.0,46.0,Off T,Right Foot,Open Play,False,0.04734362,0,22.80350850198276,0.30777974953484444,0.061696831911443206,0.04908482833462525,0.050874517842373505,0.014353211911443203,0.0017412083346252452,0.0035308978423735024
Thomas Müller,Bayern Munich,65,46,110.0,30.0,Blocked,Right Foot,Open Play,True,0.09081695,0,14.142135623730951,0.3738280874073859,0.13832064672539507,0.18075114271209833,0.16317890146080402,0.047503696725395075,0.08993419271209833,0.07236195146080403
Arjen Robben,Bayern Munich,67,11,99.0,58.0,Blocked,Left Foot,Open Play,False,0.01556608,0,27.65863337187866,0.20174029758036616,0.03669305365788427,0.02483266395191671,0.022607681993762296,0.02112697365788427,0.00926658395191671,0.007041601993762296
Toni Kroos,Bayern Munich,69,32,101.0,49.0,Blocked,Right Foot,Open Play,True,0.06187052,0,21.02379604162864,0.3137751082057482,0.07286738998231179,0.08720700070595452,0.08931336325537179,0.010996869982311794,0.025336480705954526,0.027442843255371788
Arjen Robben,Bayern Munich,70,36,102.0,52.0,Blocked,Left Foot,Open Play,False,0.039064668,0,21.633307652783937,0.28210467494667285,0.06760136029080047,0.0514547632280949,0.048563104391713074,0.02853669229080047,0.012390095228094901,0.009498436391713078
Arjen Robben,Bayern Munich,71,42,98.0,23.0,Saved,Right Foot,Open Play,False,0.022072958,0,27.80287754891569,0.20891181907705358,0.03636242877018376,0.026123306773727005,0.024797924736582478,0.014289470770183759,0.004050348773727005,0.002724966736582478
Didier Yves Drogba Tébily,Chelsea,73,15,111.0,55.0,Saved,Left Foot,Open Play,True,0.036187388,0,17.4928556845359,0.22145759809675628,0.09462311436760967,0.11056536180023441,0.07859344567832703,0.05843572636760967,0.0743779738002344,0.04240605767832703
Toni Kroos,Bayern Munich,76,17,94.0,24.0,Blocked,Left Foot,Open Play,False,0.014862448,0,30.528675044947494,0.20429347278918003,0.02799391580997469,0.018052553115455415,0.018346441074971683,0.013131467809974689,0.0031901051154554147,0.003483993074971683
Thomas Müller,Bayern Munich,77,41,108.0,47.0,Off T,Right Foot,Open Play,True,0.13611056,0,13.892443989449804,0.4548693745035265,0.14788961232900902,0.19553440384427587,0.19924864685542581,0.011779052329009027,0.059423843844275875,0.06313808685542582
Thomas Müller,Bayern Munich,81,39,111.0,43.0,Saved,Head,Open Play,False,0.0841147,0,9.486832980505138,0.7102726283635806,0.24038039122581858,0.08565413387533694,0.09230164895865194,0.15626569122581857,0.0015394338753369347,0.008186948958651935
Thomas Müller,Bayern Munich,82,11,117.0,49.0,Goal,Head,Open Play,False,0.10841268,1,9.486832980505138,0.2791808089883522,0.19221984123113864,0.06115890499610305,0.06057953889939413,0.08380716123113864,-0.04725377500389695,-0.04783314110060587
Arjen Robben,Bayern Munich,84,9,104.0,40.0,Saved,Left Foot,Open Play,False,0.042748276,0,16.0,0.44976173405654607,0.1233395748737603,0.10628740095560796,0.11346711200430096,0.08059129887376029,0.06353912495560796,0.07071883600430096
Didier Yves Drogba Tébily,Chelsea,87,52,113.0,49.0,Goal,Head,Open Play,False,0.06846363,1,11.40175425099138,0.4140330262551771,0.1773869425030102,0.05539147086537143,0.05639402310457978,0.10892331250301021,-0.013072159134628565,-0.01206960689542022
Arjen Robben,Bayern Munich,90,11,104.0,31.0,Blocked,Left Foot,Open Play,False,0.06493127,0,18.35755975068582,0.34725724961753673,0.09448941680760109,0.0769157031280861,0.0760798887817543,0.02955814680760109,0.0119844331280861,0.0111486187817543
Didier Yves Drogba Tébily,Chelsea,94,10,94.0,50.0,Off T,Right Foot,Free Kick,False,0.05003179,0,27.85677655436824,0.24456999075355346,0.03700899901192327,0.06460920784417538,0.06456786876636131,-0.013022790988076731,0.014577417844175385,0.014536078766361309
Frank Lampard,Chelsea,90,48,92.0,46.0,Blocked,Right Foot,Open Play,True,0.028141033,0,28.635642126552707,0.24883587031967613,0.03447641924666837,0.03651841987365337,0.04698071302094943,0.006335386246668368,0.008377386873653369,0.01883968002094943
Juan Manuel Mata García,Chelsea,91,7,98.0,47.0,Blocked,Left Foot,Open Play,False,0.03778899,0,23.08679276123039,0.30054006470135375,0.059839143283892955,0.04458376163962423,0.0451143892203575,0.022050153283892954,0.006794771639624227,0.007325399220357499
Toni Kroos,Bayern Munich,92,33,99.0,29.0,Blocked,Right Foot,Open Play,False,0.039436992,0,23.706539182259394,0.27319592314516755,0.05555571722900167,0.04326403587940191,0.04274698152968295,0.016118725229001672,0.0038270438794019146,0.0033099895296829496
Arjen Robben,Bayern Munich,94,45,109.0,41.0,Saved,Left Foot,Penalty,False,0.7835,0,11.045361017187261,0.6379784967323765,0.205683651635565,0.7988333789619501,0.7989524723959336,-0.577816348364435,0.015333378961950084,0.015452472395933614
Arjen Robben,Bayern Munich,95,9,101.0,56.0,Off T,Left Foot,Open Play,False,0.025652174,0,24.839484696748443,0.2264632760211774,0.04856140379019025,0.03464047988513118,0.031142947158575466,0.02290922979019025,0.008988305885131179,0.005490773158575466
Daniel Van Buyten,Bayern Munich,96,53,114.0,49.0,Blocked,Right Foot,Open Play,False,0.08173176,0,10.816653826391969,0.4009557083482148,0.18460459672010532,0.18010360314023208,0.17987576275233302,0.10287283672010532,0.09837184314023208,0.09814400275233302
Jérôme Boateng,Bayern Munich,107,15,96.0,53.0,Blocked,Right Foot,Open Play,False,0.024759334,0,27.294688127912362,0.23566768422967338,0.03880299182818056,0.02825452989372018,0.028364292343439686,0.01404365782818056,0.0034951958937201807,0.003604958343439685
Mario Gómez García,Bayern Munich,111,20,113.0,43.0,Blocked,Right Foot,Open Play,True,0.45943546,0,7.615773105863909,0.8545209127072082,0.29487174757275897,0.41085391382910114,0.46262499542283214,-0.16456371242724105,-0.04858154617089888,0.0031895354228321238
Arjen Robben,Bayern Munich,112,52,99.0,52.0,Off T,Left Foot,Open Play,False,0.04517782,0,24.186773244895647,0.2627117056180034,0.052789542425261356,0.03833335648892123,0.036835798696265284,0.007611722425261355,-0.006844463511078772,-0.008342021303734716
Anatoliy Tymoshchuk,Bayern Munich,118,7,84.0,39.0,Blocked,Right Foot,Open Play,False,0.011481188,0,36.013886210738214,0.20248350311949906,0.016526103617582246,0.010331967171407469,0.014061103158195188,0.005044915617582246,-0.0011492208285925308,0.002579915158195188
Philipp Lahm,Bayern Munich,120,11,108.0,40.0,Goal,Right Foot,Penalty,False,0.7835,1,12.0,0.5920752289498059,0.18617549927232185,0.7847699924167402,0.7890801294574895,-0.5973245007276782,0.0012699924167401955,0.0055801294574895355
Juan Manuel Mata García,Chelsea,120,56,108.0,40.0,Saved,Left Foot,Penalty,False,0.7835,0,12.0,0.5920752289498059,0.18617549927232185,0.7740376243424335,0.7753932326038918,-0.5973245007276782,-0.009462375657566469,-0.008106767396108161
Mario Gómez García,Bayern Munich,121,33,108.0,40.0,Goal,Right Foot,Penalty,False,0.7835,1,12.0,0.5920752289498059,0.18617549927232185,0.7847699924167402,0.7890801294574895,-0.5973245007276782,0.0012699924167401955,0.0055801294574895355
David Luiz Moreira Marinho,Chelsea,122,14,108.0,40.0,Goal,Right Foot,Penalty,False,0.7835,1,12.0,0.5920752289498059,0.18617549927232185,0.7847699924167402,0.7890801294574895,-0.5973245007276782,0.0012699924167401955,0.0055801294574895355
Manuel Neuer,Bayern Munich,123,3,108.0,40.0,Goal,Right Foot,Penalty,False,0.7835,1,12.0,0.5920752289498059,0.18617549927232185,0.7847699924167402,0.7890801294574895,-0.5973245007276782,0.0012699924167401955,0.0055801294574895355
Frank Lampard,Chelsea,123,48,108.0,40.0,Goal,Right Foot,Penalty,False,0.7835,1,12.0,0.5920752289498059,0.18617549927232185,0.7847699924167402,0.7890801294574895,-0.5973245007276782,0.0012699924167401955,0.0055801294574895355
Ivica Olić,Bayern Munich,124,28,108.0,40.0,Saved,Left Foot,Penalty,False,0.7835,0,12.0,0.5920752289498059,0.18617549927232185,0.7740376243424335,0.7753932326038918,-0.5973245007276782,-0.009462375657566469,-0.008106767396108161
Ashley Cole,Chelsea,125,18,108.0,40.0,Goal,Left Foot,Penalty,False,0.7835,1,12.0,0.5920752289498059,0.18617549927232185,0.7740376243424335,0.7753932326038918,-0.5973245007276782,-0.009462375657566469,-0.008106767396108161
Bastian Schweinsteiger,Bayern Munich,126,4,108.0,40.0,Saved,Right Foot,Penalty,False,0.7835,0,12.0,0.5920752289498059,0.18617549927232185,0.7847699924167402,0.7890801294574895,-0.5973245007276782,0.0012699924167401955,0.0055801294574895355
Didier Yves Drogba Tébily,Chelsea,127,6,108.0,40.0,Goal,Right Foot,Penalty,False,0.7835,1,12.0,0.5920752289498059,0.18617549927232185,0.7847699924167402,0.7890801294574895,-0.5973245007276782,0.0012699924167401955,0.0055801294574895355
Robert Lewandowski,Borussia Dortmund,2,30,106.0,40.0,Blocked,Right Foot,Open Play,False,0.056618184,0,14.0,0.5114114144755499,0.1513048813955474,0.1435246490241175,0.15677669748690315,0.0946866973955474,0.08690646502411749,0.10015851348690315
Jakub Błaszczykowski,Borussia Dortmund,9,50,104.0,52.0,Off T,Right Foot,Open Play,False,0.044798315,0,20.0,0.2941567426761247,0.07899428845373589,0.06568122932932774,0.06262720265179916,0.034195973453735894,0.02088291432932774,0.017828887651799165
Robert Lewandowski,Borussia Dortmund,13,2,88.0,33.0,Saved,Right Foot,Open Play,False,0.0207092,0,32.7566787083184,0.21756460961236457,0.022821750926023284,0.015109236042625731,0.018097467147913358,0.0021125509260232836,-0.00559996395737427,-0.002611732852086643
Jakub Błaszczykowski,Borussia Dortmund,14,0,112.0,49.0,Saved,Right Foot,Open Play,True,0.08620959,0,12.041594578792296,0.41866304735600424,0.1688501487438357,0.22557633000156843,0.20628809823020508,0.08264055874383569,0.13936674000156843,0.12007850823020508
Marco Reus,Borussia Dortmund,18,34,100.0,25.0,Saved,Left Foot,Open Play,False,0.043400362,0,25.0,0.23494960125407544,0.048095966562851485,0.034268212274080855,0.03154891927755013,0.004695604562851487,-0.009132149725919143,-0.011851442722449868
Sven Bender,Borussia Dortmund,21,23,106.0,28.0,Saved,Right Foot,Open Play,False,0.0717146,0,18.439088914585774,0.30404518822953747,0.09140702142862377,0.07810985425897579,0.07410235533908624,0.019692421428623763,0.006395254258975788,0.0023877553390862366
Mario Mandžukić,Bayern Munich,25,42,114.0,43.0,Saved,Head,Open Play,False,0.18568288,0,6.708203932499369,0.9470432393855713,0.3270157880363213,0.13577215750566823,0.12889899788763787,0.14133290803632131,-0.04991072249433176,-0.05678388211236213
Javier Martínez Aginaga,Bayern Munich,26,25,113.0,41.0,Off T,Head,Open Play,False,0.14334956,0,7.0710678118654755,0.9504899829825549,0.3197335043045725,0.13131091928576316,0.12694017625710424,0.1763839443045725,-0.012038640714236826,-0.016409383742895745
Arjen Robben,Bayern Munich,29,45,109.0,52.0,Saved,Left Foot,Open Play,False,0.21232319,0,16.278820596099706,0.3097267105625231,0.11094732571723584,0.09286835542765513,0.08590929741660963,-0.10137586428276416,-0.11945483457234486,-0.12641389258339036
Bastian Schweinsteiger,Bayern Munich,30,9,101.0,44.0,Blocked,Left Foot,Open Play,True,0.0565875,0,19.4164878389476,0.36533290515043054,0.08691970552015298,0.10123791461304245,0.10775881913705565,0.030332205520152977,0.04465041461304245,0.05117131913705565
Franck Bilal Ribéry,Bayern Munich,30,12,97.0,37.0,Blocked,Left Foot,Open Play,True,0.038802557,0,23.194827009486403,0.3105441010590183,0.05961602848156933,0.065286341039245,0.07286376043869895,0.020813471481569326,0.026483784039244992,0.03406120343869895
Robert Lewandowski,Borussia Dortmund,34,44,115.0,52.0,Saved,Right Foot,Open Play,False,0.11280683,0,13.0,0.2310127211544888,0.14041964839552573,0.12916724432290355,0.11597193595584866,0.027612818395525734,0.016360414322903555,0.0031651059558486655
Thomas Müller,Bayern Munich,36,31,115.0,40.0,Off T,Head,Open Play,False,0.14494705,0,5.0,1.2637624630824713,0.41462613107861246,0.1996045514432114,0.15320068115149968,0.2696790810786125,0.05465750144321141,0.008253631151499685
Arjen Robben,Bayern Munich,42,16,108.0,42.0,Saved,Left Foot,Open Play,False,0.40676996,0,12.165525060596439,0.5781860651202386,0.1823567292173959,0.17039106489041098,0.18278048386935908,-0.22441323078260408,-0.236378895109589,-0.2239894761306409
Javier Martínez Aginaga,Bayern Munich,58,21,114.0,44.0,Wayward,Head,Open Play,False,0.13742875,0,7.211102550927978,0.8497217674774546,0.30251443213804335,0.12022134676186567,0.11890392635307605,0.16508568213804337,-0.017207403238134314,-0.01852482364692394
Mario Mandžukić,Bayern Munich,58,22,115.0,37.0,Saved,Head,Open Play,False,0.4836622,0,5.830951894845301,1.0580561711516303,0.3630080172998299,0.1601561691531643,0.14058272369104546,-0.12065418270017009,-0.3235060308468357,-0.3430794763089545
Mario Mandžukić,Bayern Munich,59,4,117.0,43.0,Goal,Left Foot,Open Play,True,0.60025716,1,4.242640687119285,1.3641181738203516,0.4491045564720457,0.5967659159414436,0.6386156259534371,-0.15115260352795423,-0.0034912440585563864,0.03835846595343717
Mario Mandžukić,Bayern Munich,61,38,111.0,54.0,Saved,Right Foot,Open Play,False,0.06450153,0,16.64331697709324,0.2449033260022998,0.10342945300496012,0.09005613179015563,0.07873373934793369,0.03892792300496012,0.02555460179015563,0.014232209347933691
Kevin Großkreutz,Borussia Dortmund,62,14,88.0,34.0,Blocked,Right Foot,Open Play,False,0.033446345,0,32.55764119219941,0.2201810120324764,0.02330018013639008,0.015485018118418072,0.018525450579748637,-0.010146164863609922,-0.017961326881581932,-0.014920894420251365
Łukasz Piszczek,Borussia Dortmund,65,28,101.0,46.0,Wayward,Right Foot,Open Play,True,0.102628164,0,19.924858845171276,0.3478209138314956,0.08216851617328977,0.1002940834878535,0.1064467391386753,-0.020459647826710226,-0.002334080512146494,0.003818575138675312
İlkay Gündoğan,Borussia Dortmund,67,34,108.0,40.0,Goal,Right Foot,Penalty,False,0.7835,1,12.0,0.5920752289498059,0.18617549927232185,0.7847699924167402,0.7890801294574895,-0.5973245007276782,0.0012699924167401955,0.0055801294574895355
Mats Hummels,Borussia Dortmund,69,18,98.0,46.0,Off T,Right Foot,Open Play,False,0.04367414,0,22.80350850198276,0.30777974953484444,0.061696831911443206,0.04908482833462525,0.050874517842373505,0.018022691911443206,0.005410688334625248,0.007200377842373505
Thomas Müller,Bayern Munich,71,26,113.0,58.0,Blocked,Right Foot,Open Play,False,0.030600615,0,19.313207915827967,0.14153715175454326,0.07658342736555324,0.06267083865617752,0.04671043043180361,0.04598281236555324,0.032070223656177524,0.01610981543180361
Jakub Błaszczykowski,Borussia Dortmund,74,40,101.0,48.0,Blocked,Right Foot,Open Play,False,0.05097173,0,20.615528128088304,0.3258524513945975,0.07617727061282988,0.06305426734215866,0.06406025634814669,0.025205540612829876,0.01208253734215866,0.013088526348146688
David Olatukunbo Alaba,Bayern Munich,75,23,97.0,27.0,Saved,Left Foot,Open Play,True,0.029493675,0,26.419689627245813,0.24113786529565687,0.042277190220487176,0.04358648112826109,0.04661109972685955,0.012783515220487176,0.014092806128261092,0.017117424726859547
Mario Mandžukić,Bayern Munich,76,53,117.0,55.0,Off T,Right Foot,Open Play,True,0.013565563,0,15.297058540778355,0.09921784543158782,0.10677829325860878,0.1330045924916579,0.07275588749187581,0.09321273025860878,0.11943902949165791,0.059190324491875806
Bastian Schweinsteiger,Bayern Munich,82,27,102.0,47.0,Off T,Left Foot,Open Play,False,0.046204455,0,19.313207915827967,0.3512120338964513,0.08698200073080815,0.06972783998039349,0.07058407219398183,0.040777545730808155,0.02352338498039349,0.02437961719398183
Bastian Schweinsteiger,Bayern Munich,86,56,100.0,41.0,Saved,Left Foot,Open Play,True,0.071432434,0,20.024984394500787,0.3611397948230589,0.08209269131067258,0.09478082046305494,0.10286405256316446,0.010660257310672577,0.02334838646305494,0.031431618563164454
Arjen Robben,Bayern Munich,88,23,112.0,41.0,Goal,Left Foot,Open Play,False,0.41058818,1,8.06225774829855,0.8484528282477932,0.28503749001541784,0.2918874677369702,0.29117722327227696,-0.1255506899845822,-0.1187007122630298,-0.11941095672772306
Julian Schieber,Borussia Dortmund,90,59,108.0,27.0,Saved,Left Foot,Open Play,False,0.06644401,0,17.69180601295413,0.2851943209874138,0.09658117660914399,0.07862071589500906,0.07106670047248596,0.030137166609143992,0.012176705895009063,0.004622690472485966
Raúl García Escudero,Atlético Madrid,12,41,85.0,60.0,Off T,Right Foot,Open Play,False,0.004642269,0,40.311288741492746,0.15765277697887156,0.010592492294330052,0.00611449531871302,0.0091413620334031,0.005950223294330052,0.0014722263187130196,0.0044990930334031
Cristiano Ronaldo dos Santos Aveiro,Real Madrid,27,19,94.0,22.0,Saved,Right Foot,Free Kick,False,0.010557759,0,31.622776601683793,0.1905633289862976,0.024997085242503245,0.04115236567980956,0.04062345658021471,0.014439326242503246,0.03059460667980956,0.030065697580214712
Adrián López Álvarez,Atlético Madrid,31,3,97.0,50.0,Wayward,Right Foot,Open Play,True,0.035535295,0,25.079872407968907,0.2669593449106162,0.048710320787508164,0.054621673952792354,0.06005238894275948,0.013175025787508163,0.019086378952792353,0.02451709394275948
Jorge Resurrección Merodio,Atlético Madrid,31,4,107.0,40.0,Blocked,Other,Open Play,False,0.13996542,0,13.0,0.5488694948224784,0.1677540154666877,0.040633484473809045,0.04660732104819674,0.027788595466687688,-0.09933193552619096,-0.09335809895180328
Gareth Frank Bale,Real Madrid,31,29,108.0,45.0,Off T,Left Foot,Open Play,False,0.08173393,0,13.0,0.5139138642448874,0.16455173690454225,0.1502842099582817,0.15873936463719981,0.08281780690454225,0.06855027995828171,0.07700543463719982
Diego Roberto Godín Leal,Atlético Madrid,35,26,109.0,39.0,Goal,Head,Open Play,False,0.11193582,1,11.045361017187261,0.6379784967323765,0.205683651635565,0.06869548794500602,0.07635535479599809,0.09374783163556501,-0.04324033205499399,-0.03558046520400192
Adrián López Álvarez,Atlético Madrid,40,31,112.0,42.0,Off T,Head,Open Play,False,0.07553255,0,8.246211251235321,0.8203383935186874,0.27763401898697926,0.10589487783136585,0.10965281642804459,0.20210146898697925,0.030362327831365846,0.03412026642804458
Raúl García Escudero,Atlético Madrid,50,4,100.0,51.0,Off T,Left Foot,Open Play,True,0.03376404,0,22.825424421026653,0.2807934456168891,0.06054956309692413,0.06634012019614574,0.06644070982381858,0.026785523096924127,0.03257608019614574,0.03267666982381858
Cristiano Ronaldo dos Santos Aveiro,Real Madrid,53,45,93.0,29.0,Saved,Right Foot,Free Kick,False,0.038885143,0,29.154759474226502,0.2319873930022419,0.03247056302661206,0.05564403605359356,0.05636844675016861,-0.006414579973387936,0.016758893053593564,0.017483303750168613
Cristiano Ronaldo dos Santos Aveiro,Real Madrid,54,4,107.0,37.0,Blocked,Right Foot,Open Play,True,0.074958615,0,13.341664064126334,0.5241708920526407,0.16091363712420445,0.2153276531357377,0.2373463258459452,0.08595502212420444,0.1403690381357377,0.1623877108459452
Cristiano Ronaldo dos Santos Aveiro,Real Madrid,54,18,108.0,45.0,Off T,Head,Open Play,False,0.062217012,0,13.0,0.5139138642448874,0.16455173690454225,0.050459668972434785,0.05533483553228209,0.10233472490454225,-0.011757343027565217,-0.00688217646771791
Adrián López Álvarez,Atlético Madrid,56,5,110.0,29.0,Blocked,Right Foot,Open Play,True,0.12841898,0,14.866068747318506,0.3389835788615903,0.12749420756883348,0.16474307971767732,0.1427457272956252,-0.0009247724311665095,0.03632409971767733,0.01432674729562522
Cristiano Ronaldo dos Santos Aveiro,Real Madrid,61,49,114.0,39.0,Off T,Head,Open Play,False,0.19441953,0,6.082762530298219,1.0776466003112892,0.3603012478047129,0.1585133135774431,0.14042768799660807,0.1658817178047129,-0.0359062164225569,-0.05399184200339194
João Miranda de Souza Filho,Atlético Madrid,63,37,118.0,36.0,Blocked,Head,Open Play,False,0.23426856,0,4.47213595499958,1.147011216589533,0.40845868668957963,0.19359218949973903,0.1509793163644185,0.17419012668957964,-0.04067637050026096,-0.08328924363558149
Francisco Román Alarcón Suárez,Real Madrid,66,24,97.0,42.0,Off T,Right Foot,Open Play,False,0.043526623,0,23.08679276123039,0.3133414049031788,0.060317135116635875,0.047808700414550084,0.05051008334624287,0.016790512116635875,0.004282077414550084,0.0069834603462428715
Gareth Frank Bale,Real Madrid,72,35,99.0,47.0,Off T,Left Foot,Open Play,False,0.07344455,0,22.135943621178654,0.311997736887301,0.0657658307258505,0.04990358006685395,0.05038644097469086,-0.007678719274149495,-0.02354096993314605,-0.023058109025309137
Cristiano Ronaldo dos Santos Aveiro,Real Madrid,74,1,109.0,46.0,Off T,Right Foot,Open Play,True,0.07576507,0,12.529964086141668,0.51102641602284,0.1707123917330911,0.2294479284364698,0.24052160994500857,0.0949473217330911,0.15368285843646978,0.16475653994500855
Gareth Frank Bale,Real Madrid,77,2,109.0,56.0,Off T,Left Foot,Open Play,False,0.05481827,0,19.4164878389476,0.21793243369464999,0.07948930689162023,0.062094413517030045,0.051274310286910665,0.02467103689162023,0.007276143517030043,-0.003543959713089337
José Ernesto Sosa,Atlético Madrid,90,15,100.0,24.0,Saved,Right Foot,Free Kick,False,0.05153192,0,25.612496949731394,0.22399969240683085,0.04510819094828955,0.08065406006660322,0.07164428377886305,-0.0064237290517104514,0.02912214006660322,0.020112363778863045
Ángel Fabián Di María Hernández,Real Madrid,92,28,104.0,23.0,Blocked,Left Foot,Open Play,False,0.026769364,0,23.345235059857504,0.21684998338586564,0.05545880435425686,0.04051072861755322,0.03460984697762093,0.02868944035425686,0.01374136461755322,0.007840482977620928
Sergio Ramos García,Real Madrid,92,48,108.0,41.0,Goal,Head,Open Play,False,0.059337225,1,12.041594578792296,0.588548096410818,0.18520643388670363,0.05939043863534246,0.06647471256116713,0.12586920888670364,5.321363534246254e-05,0.0071374875611671315
Cristiano Ronaldo dos Santos Aveiro,Real Madrid,96,18,88.0,54.0,Wayward,Right Foot,Open Play,False,0.0059263874,0,34.92849839314596,0.1917465183075478,0.018219484211278388,0.011576316225283245,0.014189481937231347,0.012293096811278388,0.005649928825283245,0.008263094537231347
Cristiano Ronaldo dos Santos Aveiro,Real Madrid,100,0,99.0,21.0,Blocked,Right Foot,Free Kick,False,0.013109211,0,28.319604517012593,0.19251259650748895,0.034268315648568116,0.05900240928752152,0.05201799783513996,0.021159104648568114,0.04589319828752152,0.03890878683513996
Raphaël Varane,Real Madrid,106,12,109.0,43.0,Saved,Head,Open Play,False,0.065459944,0,11.40175425099138,0.604348700992775,0.19650103896458665,0.0644064891201926,0.07136746234474459,0.13104109496458666,-0.0010534548798074028,0.005907518344744581
Luka Modrić,Real Madrid,107,39,92.0,45.0,Saved,Right Foot,Open Play,False,0.028465914,0,28.442925306655784,0.2521332202323815,0.03518463126411555,0.02520533730475981,0.027619458873401614,0.006718717264115551,-0.0032605766952401895,-0.000846455126598384
Diego Roberto Godín Leal,Atlético Madrid,108,47,114.0,37.0,Saved,Head,Open Play,False,0.1771205,0,6.708203932499369,0.9470432393855713,0.3270157880363213,0.13577215750566823,0.12889899788763787,0.14989528803632132,-0.04134834249433175,-0.04822150211236212
Ángel Fabián Di María Hernández,Real Madrid,109,51,109.0,27.0,Saved,Left Foot,Open Play,False,0.19635598,0,17.029386365926403,0.2832733200061628,0.10227925426594027,0.08415689571264512,0.07568727673295264,-0.09407672573405974,-0.1121990842873549,-0.12066870326704737
Gareth Frank Bale,Real Madrid,109,53,117.0,44.0,Goal,Head,Open Play,False,0.62730366,1,5.0,1.084661496010567,0.38620274493640727,0.17657955711611326,0.14617133076567165,-0.24110091506359277,-0.45072410288388676,-0.48113232923432836
Tiago Cardoso Mendes,Atlético Madrid,113,8,113.0,26.0,Off T,Right Foot,Open Play,False,0.06635372,0,15.652475842498529,0.2177321032938091,0.11100202612543884,0.09773701279007968,0.08353415094545942,0.04464830612543884,0.031383292790079675,0.017180430945459416
Marcelo Vieira da Silva Júnior,Real Madrid,117,7,102.0,34.0,Goal,Left Foot,Open Play,False,0.089923956,1,18.973665961010276,0.36327388516671033,0.09031442756632063,0.072971566117468,0.07466791943255362,0.0003904715663206326,-0.016952389882532004,-0.015256036567446382
Cristiano Ronaldo dos Santos Aveiro,Real Madrid,119,53,108.0,40.0,Goal,Right Foot,Penalty,False,0.7835,1,12.0,0.5920752289498059,0.18617549927232185,0.7847699924167402,0.7890801294574895,-0.5973245007276782,0.0012699924167401955,0.0055801294574895355
Diego Roberto Godín Leal,Atlético Madrid,123,3,56.0,41.0,Saved,Right Foot,Open Play,False,0.0054786536,0,64.00781202322104,0.11422282457644317,0.001018854775166151,0.00039536533320171807,0.006234537833646893,-0.00445979882483385,-0.005083288266798282,0.0007558842336468927
Carlos Alberto Tevez,Juventus,0,50,100.0,40.0,Off T,Right Foot,Open Play,True,0.046273656,0,20.0,0.36199452278241806,0.08232007605516188,0.10059748547110693,0.11097364837277623,0.03604642005516188,0.05432382947110693,0.06469999237277624
Patrice Evra,Juventus,1,36,108.0,43.0,Wayward,Head,Open Play,False,0.06086964,0,12.36931687685298,0.5616185180743136,0.1777905398878944,0.056118431126260596,0.06244577878250712,0.11692089988789439,-0.004751208873739407,0.0015761387825071194
Ivan Rakitić,Barcelona,3,24,112.0,38.0,Goal,Left Foot,Open Play,True,0.3783839,1,8.246211251235321,0.8203383935186874,0.27763401898697926,0.3719846355006613,0.42140393334491655,-0.10074988101302074,-0.006399264499338697,0.04302003334491655
Arturo Erasmo Vidal Pardo,Juventus,7,40,101.0,52.0,Off T,Right Foot,Open Play,True,0.05160495,0,22.47220505424423,0.27570547655049676,0.062351939139112564,0.07270834404182315,0.0717009422417079,0.010746989139112567,0.021103394041823154,0.020095992241707897
Neymar da Silva Santos Junior,Barcelona,8,29,102.0,47.0,Off T,Right Foot,Open Play,False,0.055676848,0,19.313207915827967,0.3512120338964513,0.08698200073080815,0.07388790801255465,0.07604195809301457,0.03130515273080815,0.018211060012554653,0.020365110093014574
Daniel Alves da Silva,Barcelona,12,51,106.0,46.0,Saved,Right Foot,Open Play,True,0.10685889,0,15.231546211727817,0.4383710161830754,0.13085751003284787,0.1706028077466767,0.17817382109067145,0.023998620032847875,0.06374391774667669,0.07131493109067145
Jordi Alba Ramos,Barcelona,15,23,109.0,30.0,Off T,Left Foot,Open Play,True,0.06602102,0,14.866068747318506,0.36999121168832244,0.12979247598732838,0.15980849882466777,0.14395048426434115,0.06377145598732838,0.09378747882466777,0.07792946426434115
Álvaro Borja Morata Martín,Juventus,23,29,104.0,48.0,Off T,Left Foot,Open Play,True,0.12633477,0,17.88854381999832,0.36488528964562716,0.09953617453029621,0.11822705746307588,0.11741652518753674,-0.026798595469703798,-0.008107712536924133,-0.008918244812463269
Neymar da Silva Santos Junior,Barcelona,26,42,105.0,25.0,Saved,Right Foot,Open Play,False,0.057562362,0,21.213203435596427,0.24637698965294572,0.06871584792569661,0.055519630193390124,0.049606367705384846,0.011153485925696614,-0.002042731806609875,-0.007955994294615153
Luis Alberto Suárez Díaz,Barcelona,38,56,104.0,55.0,Off T,Right Foot,Open Play,False,0.052028827,0,21.93171219946131,0.2454192082231454,0.06430601108885922,0.051328925201234714,0.04623908436168679,0.012277184088859222,-0.0006999017987652859,-0.005789742638313208
Luis Alberto Suárez Díaz,Barcelona,39,30,105.0,25.0,Saved,Right Foot,Open Play,True,0.057236888,0,21.213203435596427,0.24637698965294572,0.06871584792569661,0.08116191688975756,0.06974943043701794,0.011478959925696613,0.02392502888975756,0.012512542437017937
Arturo Erasmo Vidal Pardo,Juventus,43,57,95.0,24.0,Blocked,Right Foot,Open Play,False,0.02202018,0,29.68164415931166,0.2078785576842661,0.030413267440902468,0.021165090679357623,0.021398779174035026,0.008393087440902468,-0.0008550893206423771,-0.0006214008259649746
Claudio Marchisio,Juventus,43,59,92.0,38.0,Saved,Right Foot,Open Play,False,0.023348866,0,28.071337695236398,0.2586715491030687,0.03659414469929198,0.02641120201235513,0.02903992023317833,0.013245278699291981,0.0030623360123551296,0.005691054233178332
Luis Alberto Suárez Díaz,Barcelona,48,0,108.0,27.0,Saved,Right Foot,Open Play,True,0.09212255,0,17.69180601295413,0.2851943209874138,0.09658117660914399,0.12009079489699437,0.10091317342438212,0.0044586266091439924,0.02796824489699437,0.008790623424382124
Luis Alberto Suárez Díaz,Barcelona,48,54,112.0,56.0,Off T,Right Foot,Open Play,True,0.013941046,0,17.88854381999832,0.1887223944971257,0.08957177850683959,0.10954980139939492,0.07406198501265294,0.07563073250683959,0.09560875539939492,0.060120939012652946
Lionel Andrés Messi Cuccittini,Barcelona,50,34,104.0,29.0,Off T,Left Foot,Open Play,False,0.04603501,0,19.4164878389476,0.3116142483094721,0.08414165442376621,0.06685415964872647,0.0638528076160508,0.03810664442376621,0.02081914964872647,0.017817797616050804
Carlos Alberto Tevez,Juventus,54,15,108.0,44.0,Saved,Left Foot,Open Play,True,0.097749144,0,12.649110640673518,0.5398041725446997,0.17175573831096674,0.2204190096952637,0.2379152624616858,0.07400659431096675,0.12266986569526371,0.1401661184616858
Álvaro Borja Morata Martín,Juventus,54,17,115.0,36.0,Goal,Right Foot,Open Play,True,0.6005701,1,6.4031242374328485,0.924600789821128,0.3303386232499934,0.4593862130597741,0.5027211973908473,-0.2702314767500066,-0.14118388694022588,-0.09784890260915269
Álvaro Borja Morata Martín,Juventus,57,44,110.0,43.0,Off T,Head,Open Play,False,0.066200376,0,10.44030650891055,0.6534453407531251,0.21727513128381495,0.07414254517220335,0.08133437893984281,0.15107475528381495,0.007942169172203348,0.015134002939842808
Carlos Alberto Tevez,Juventus,62,4,102.0,38.0,Off T,Right Foot,Open Play,True,0.0604446,0,18.110770276274835,0.39661743782491765,0.09946478562268096,0.12503951585615342,0.13645383522448365,0.03902018562268096,0.06459491585615341,0.07600923522448365
Paul Pogba,Juventus,64,4,96.0,34.0,Saved,Right Foot,Open Play,False,0.041178025,0,24.73863375370596,0.2854668927024541,0.05087124362947714,0.039022968295325484,0.04079510387792823,0.00969321862947714,-0.0021550567046745156,-0.0003829211220717707
Lionel Andrés Messi Cuccittini,Barcelona,67,51,102.0,30.0,Saved,Left Foot,Open Play,False,0.080091104,0,20.591260281974,0.3105126136086434,0.0756326136167907,0.05889963781051575,0.0573047754566903,-0.004458490383209293,-0.021191466189484247,-0.022786328543309697
Luis Alberto Suárez Díaz,Barcelona,67,53,114.0,43.0,Goal,Right Foot,Open Play,True,0.53866917,1,6.708203932499369,0.9470432393855713,0.3270157880363213,0.45542802051507897,0.5097661454884127,-0.21165338196367872,-0.08324114948492106,-0.028903024511587327
Lionel Andrés Messi Cuccittini,Barcelona,76,30,96.0,21.0,Off T,Left Foot,Free Kick,False,0.012663346,0,30.610455730027933,0.18796588312995172,0.027486573319798455,0.043214816010437196,0.03993036379375404,0.014823227319798455,0.030551470010437197,0.02726701779375404
Paul Pogba,Juventus,78,13,116.0,47.0,Off T,Head,Open Play,False,0.081363015,0,8.06225774829855,0.516098987558882,0.24243513575373785,0.08558786676933759,0.08839964708229532,0.16107212075373784,0.004224851769337595,0.007036632082295324
Luis Alberto Suárez Díaz,Barcelona,81,0,112.0,36.0,Wayward,Right Foot,Open Play,True,0.18992585,0,8.94427190999916,0.7212157681992971,0.2515833655397277,0.34874127907800034,0.38661048149481225,0.0616575155397277,0.15881542907800034,0.19668463149481225
Gerard Piqué Bernabéu,Barcelona,81,17,112.0,49.0,Off T,Right Foot,Open Play,True,0.19920498,0,12.041594578792296,0.41866304735600424,0.1688501487438357,0.22557633000156843,0.20628809823020508,-0.03035483125616431,0.026371350001568428,0.007083118230205077
Luis Alberto Suárez Díaz,Barcelona,83,58,107.0,33.0,Off T,Left Foot,Open Play,False,0.06387972,0,14.7648230602334,0.4353338380602104,0.13591221689147115,0.11917615005772736,0.12272400383888779,0.07203249689147115,0.05529643005772736,0.05884428383888779
Claudio Marchisio,Juventus,88,51,88.0,39.0,Saved,Left Foot,Open Play,False,0.02337703,0,32.01562118716424,0.22754282904519035,0.02465696897409429,0.015572274533597753,0.018262924658241187,0.0012799389740942892,-0.007804755466402247,-0.005114105341758813
Claudio Marchisio,Juventus,89,20,94.0,48.0,Wayward,Right Foot,Open Play,True,0.019783499,0,27.202941017470888,0.2561756566544305,0.03965293892079341,0.042990262277694584,0.05172999677613597,0.019869439920793413,0.023206763277694584,0.031946497776135965
Carlos Alberto Tevez,Juventus,91,54,100.0,31.0,Saved,Right Foot,Open Play,False,0.06307037,0,21.93171219946131,0.3034178821644458,0.06665254257599287,0.05376173418023843,0.05405273890262353,0.003582172575992873,-0.009308635819761574,-0.009017631097376473
Neymar da Silva Santos Junior,Barcelona,96,40,109.0,31.0,Goal,Left Foot,Open Play,False,0.26035696,1,14.212670403551895,0.40350030760726874,0.13984222426486972,0.12303612446943643,0.12263921121293718,-0.1205147357351303,-0.1373208355305636,-0.13771774878706283
Jorge Resurrección Merodio,Atlético Madrid,4,22,108.0,52.0,Saved,Right Foot,Open Play,True,0.069306016,0,16.97056274847714,0.30959258265581113,0.1044262181750031,0.13140468911772096,0.1139664164244877,0.0351202021750031,0.062098673117720965,0.0446604004244877
Karim Benzema,Real Madrid,5,29,115.0,41.0,Saved,Left Foot,Open Play,True,0.41807303,0,5.0990195135927845,1.2391346885181307,0.4083325591033169,0.5470672760029303,0.6031072131450972,-0.009740470896683118,0.12899424600293025,0.18503418314509718
Marcelo Vieira da Silva Júnior,Real Madrid,5,31,96.0,32.0,Off T,Left Foot,Open Play,True,0.032652855,0,25.298221281347036,0.27335017950977625,0.047920684891881914,0.05053893207828233,0.056527870079483185,0.015267829891881912,0.017886077078282325,0.023875015079483183
Toni Kroos,Real Madrid,8,55,97.0,25.0,Blocked,Left Foot,Open Play,False,0.023983413,0,27.459060435491963,0.2235290081978945,0.03791274089895485,0.025849282062496298,0.024816046544521006,0.01392932789895485,0.001865869062496299,0.0008326335445210074
Sergio Ramos García,Real Madrid,14,27,117.0,40.0,Goal,Left Foot,Open Play,True,0.5623978,1,3.0,1.373243142659571,0.48089168852292224,0.6322056852372003,0.634948585515106,-0.0815061114770777,0.06980788523720038,0.07255078551510608
Cristiano Ronaldo dos Santos Aveiro,Real Madrid,22,26,94.0,24.0,Blocked,Left Foot,Open Play,False,0.020320546,0,30.528675044947494,0.20429347278918003,0.02799391580997469,0.018052553115455415,0.018346441074971683,0.007673369809974691,-0.0022679928845445833,-0.001974104925028315
Juan Francisco Torres Belén,Atlético Madrid,24,19,101.0,58.0,Off T,Right Foot,Open Play,True,0.018110937,0,26.1725046566048,0.2041998317208145,0.04226911207455826,0.046137468607856606,0.04347480035641226,0.02415817507455826,0.028026531607856606,0.02536386335641226
Antoine Griezmann,Atlético Madrid,33,28,98.0,32.0,Saved,Left Foot,Open Play,False,0.04426239,0,23.40939982143925,0.2925867673516056,0.05779791285755696,0.04276441635567829,0.042939938022303135,0.013535522857556964,-0.0014979736443217068,-0.0013224519776968632
Antoine Griezmann,Atlético Madrid,39,0,87.0,43.0,Saved,Left Foot,Open Play,False,0.028468803,0,33.13608305156178,0.21914053272886705,0.022029512123759615,0.013631031264712953,0.016454810872820875,-0.006439290876240386,-0.014837771735287048,-0.012013992127179126
Antoine Griezmann,Atlético Madrid,42,14,96.0,34.0,Off T,Right Foot,Open Play,False,0.049887635,0,24.73863375370596,0.2854668927024541,0.05087124362947714,0.039022968295325484,0.04079510387792823,0.000983608629477141,-0.010864666704674515,-0.00909253112207177
Antoine Griezmann,Atlético Madrid,47,8,108.0,40.0,Post,Left Foot,Penalty,False,0.7835,0,12.0,0.5920752289498059,0.18617549927232185,0.7740376243424335,0.7753932326038918,-0.5973245007276782,-0.009462375657566469,-0.008106767396108161
Diego Roberto Godín Leal,Atlético Madrid,53,30,115.0,45.0,Wayward,Head,Open Play,False,0.18377863,0,7.0710678118654755,0.7853380577208128,0.29646221774927956,0.11623366392917948,0.11547105602945827,0.11268358774927956,-0.06754496607082051,-0.06830757397054173
Antoine Griezmann,Atlético Madrid,53,31,113.0,40.0,Wayward,Left Foot,Open Play,False,0.14559157,0,7.0,0.9635313430737258,0.32313354390304433,0.33897243559224793,0.32157804260412387,0.17754197390304433,0.19338086559224793,0.17598647260412387
Stefan Savić,Atlético Madrid,53,32,115.0,37.0,Off T,Left Foot,Open Play,False,0.31139183,0,5.830951894845301,1.0580561711516303,0.3630080172998299,0.3882589318463137,0.3450954474077285,0.05161618729982992,0.07686710184631373,0.03370361740772854
Gareth Frank Bale,Real Madrid,54,10,89.0,41.0,Off T,Left Foot,Open Play,False,0.026141018,0,31.016124838541646,0.2348022016243709,0.027252645002196856,0.017528540685634794,0.02005220679898573,0.0011116270021968577,-0.008612477314365204,-0.006088811201014267
Gareth Frank Bale,Real Madrid,56,20,114.0,48.0,Wayward,Head,Open Play,False,0.056916248,0,10.0,0.46933817912629144,0.20420722276267667,0.06725977835440133,0.06957974034286434,0.14729097476267666,0.010343530354401331,0.012663492342864333
Jorge Resurrección Merodio,Atlético Madrid,57,21,104.0,63.0,Off T,Right Foot,Open Play,False,0.008927562,0,28.0178514522438,0.1506377768486021,0.034330720113926995,0.024313046947859778,0.01974341446314261,0.025403158113926995,0.015385484947859778,0.010815852463142608
Saúl Ñíguez Esclapez,Atlético Madrid,58,46,105.0,40.0,Off T,Left Foot,Open Play,True,0.07256556,0,15.0,0.4786473619894158,0.1365702921831663,0.17031541056956478,0.18595621494779363,0.0640047321831663,0.09774985056956478,0.11339065494779363
Jorge Resurrección Merodio,Atlético Madrid,61,21,95.0,45.0,Blocked,Right Foot,Open Play,False,0.034006912,0,25.495097567963924,0.2799153413611984,0.04724302584695773,0.035745952675089274,0.03779577786729487,0.013236113846957727,0.0017390406750892734,0.0037888658672948702
Gareth Frank Bale,Real Madrid,61,50,100.0,31.0,Blocked,Left Foot,Open Play,True,0.061375666,0,21.93171219946131,0.3034178821644458,0.06665254257599287,0.07425254454645272,0.07596900037621293,0.005276876575992871,0.012876878546452718,0.014593334376212928
Saúl Ñíguez Esclapez,Atlético Madrid,62,49,92.0,28.0,Off T,Left Foot,Open Play,False,0.02516255,0,30.463092423455635,0.22045468148867023,0.028463369046636586,0.018430648545895642,0.019650254016288927,0.003300819046636587,-0.006731901454104357,-0.005512295983711071
Gareth Frank Bale,Real Madrid,67,1,97.0,62.0,Blocked,Left Foot,Free Kick,False,0.008989693,0,31.827660925679098,0.16686058350778743,0.024140348524829727,0.03717382278194245,0.03366795354806904,0.015150655524829727,0.02818412978194245,0.024678260548069042
Karim Benzema,Real Madrid,69,52,110.0,52.0,Saved,Right Foot,Open Play,False,0.22443372,0,15.620499351813308,0.30736695801251124,0.11731119549037919,0.10494611467736169,0.09831531114435298,-0.10712252450962081,-0.11948760532263832,-0.126118408855647
Fernando José Torres Sanz,Atlético Madrid,73,46,111.0,36.0,Off T,Head,Open Play,False,0.09830945,0,9.848857801796104,0.667378946411016,0.22891666603638522,0.07977518654936339,0.08628383096697999,0.1306072160363852,-0.01853426345063662,-0.012025619033020019
Gabriel Fernández Arenas,Atlético Madrid,75,54,85.0,39.0,Blocked,Right Foot,Open Play,False,0.015440093,0,35.014282800023196,0.20821855822225135,0.018263981992274157,0.011623077165102386,0.015233024131626909,0.002823888992274157,-0.0038170158348976146,-0.00020706886837309167
Cristiano Ronaldo dos Santos Aveiro,Real Madrid,77,16,98.0,51.0,Saved,Right Foot,Open Play,False,0.051891547,0,24.596747752497688,0.2657695271239893,0.050913791290368104,0.03900849933706354,0.0388278284030754,-0.0009777557096318987,-0.012883047662936464,-0.013063718596924602
Cristiano Ronaldo dos Santos Aveiro,Real Madrid,77,52,111.0,40.0,Saved,Right Foot,Open Play,True,0.34312502,0,9.0,0.7724805184545609,0.25697540743466235,0.3571526575852525,0.4107534504066478,-0.08614961256533765,0.014027637585252495,0.06762843040664779
Gareth Frank Bale,Real Madrid,77,57,114.0,50.0,Blocked,Right Foot,Open Play,False,0.09359068,0,11.661903789690601,0.3439836203346085,0.16714917311318694,0.15972969730884734,0.15537327063639952,0.07355849311318695,0.06613901730884734,0.06178259063639953
Yannick Ferreira Carrasco,Atlético Madrid,78,44,115.0,38.0,Goal,Right Foot,Open Play,True,0.56457525,1,5.385164807134504,1.1677830043209667,0.3902915114036718,0.5395260247721362,0.5984898355135099,-0.17428373859632817,-0.02504922522786379,0.0339145855135099
Gareth Frank Bale,Real Madrid,84,54,116.0,22.0,Blocked,Right Foot,Open Play,False,0.007515605,0,18.439088914585774,0.08941071903754325,0.0802836161800738,0.06603947847544275,0.046007263001424326,0.07276801118007381,0.05852387347544275,0.038491658001424324
Gareth Frank Bale,Real Madrid,85,28,116.0,42.0,Blocked,Head,Open Play,False,0.19115591,0,4.47213595499958,1.348948828353456,0.4410722379804205,0.22154874529245716,0.15680279854226056,0.2499163279804205,0.03039283529245715,-0.03435311145773945
Carlos Henrique Casimiro,Real Madrid,91,28,86.0,39.0,Saved,Right Foot,Open Play,False,0.01860388,0,34.0147027033899,0.2142864044012006,0.02018517137601433,0.013076980901692944,0.01655835362384939,0.0015812913760143293,-0.005526899098307055,-0.0020455263761506096
Gareth Frank Bale,Real Madrid,92,46,90.0,22.0,Off T,Left Foot,Open Play,False,0.0072154016,0,34.9857113690718,0.1794457605148939,0.01797531350002947,0.010702847054733936,0.01234441931477983,0.010759911900029468,0.003487445454733936,0.0051290177147798295
Cristiano Ronaldo dos Santos Aveiro,Real Madrid,93,52,113.0,35.0,Saved,Head,Open Play,False,0.110161476,0,8.602325267042627,0.7018659577259492,0.25550430909689287,0.0933073166544505,0.09771372289753023,0.1453428330968929,-0.0168541593455495,-0.01244775310246976
Gareth Frank Bale,Real Madrid,100,39,102.0,42.0,Blocked,Left Foot,Open Play,True,0.06203611,0,18.110770276274835,0.39661743782491765,0.09946478562268096,0.1183675798243143,0.1272571120369759,0.037428675622680964,0.0563314698243143,0.0652210020369759
Luka Modrić,Real Madrid,100,43,92.0,45.0,Blocked,Right Foot,Open Play,False,0.024222028,0,28.442925306655784,0.2521332202323815,0.03518463126411555,0.02520533730475981,0.027619458873401614,0.01096260326411555,0.0009833093047598093,0.003397430873401615
Danilo Luiz da Silva,Real Madrid,101,15,93.0,56.0,Off T,Left Foot,Open Play,False,0.012664168,0,31.38470965295043,0.20067812509906002,0.025739268633755856,0.016348839589055218,0.01703265792169905,0.013075100633755856,0.0036846715890552183,0.00436848992169905
Yannick Ferreira Carrasco,Atlético Madrid,104,23,105.0,25.0,Blocked,Left Foot,Open Play,False,0.04315578,0,21.213203435596427,0.24637698965294572,0.06871584792569661,0.0523352984413292,0.04595152306719996,0.025560067925696615,0.0091795184413292,0.002795743067199964
Antoine Griezmann,Atlético Madrid,104,53,112.0,52.0,Off T,Left Foot,Open Play,True,0.041965958,0,14.422205101855956,0.2922989396285066,0.12890591036601098,0.15783771865312057,0.12242945276765972,0.08693995236601099,0.11587176065312058,0.08046349476765972
Carlos Henrique Casimiro,Real Madrid,106,17,96.0,46.0,Off T,Right Foot,Open Play,False,0.05956497,0,24.73863375370596,0.2854668927024541,0.05087124362947714,0.039022968295325484,0.04079510387792823,-0.008693726370522861,-0.020542001704674517,-0.018769866122071772
Cristiano Ronaldo dos Santos Aveiro,Real Madrid,116,0,88.0,33.0,Blocked,Right Foot,Free Kick,False,0.029977908,0,32.7566787083184,0.21756460961236457,0.022821750926023284,0.03713814764758814,0.04222518698648505,-0.007156157073976717,0.007160239647588138,0.01224727898648505
Cristiano Ronaldo dos Santos Aveiro,Real Madrid,118,43,103.0,47.0,Blocked,Left Foot,Open Play,False,0.04665298,0,18.384776310850235,0.3660788451260231,0.09532937730101709,0.07782591156235977,0.07902052040884645,0.048676397301017096,0.03117293156235977,0.03236754040884646
Lucas Vázquez Iglesias,Real Madrid,118,55,109.0,45.0,Blocked,Right Foot,Open Play,False,0.0811711,0,12.083045973594572,0.5457111767799335,0.18036868074592965,0.17677256074659575,0.18911451489370612,0.09919758074592966,0.09560146074659576,0.10794341489370612
Danilo Luiz da Silva,Real Madrid,121,19,111.0,60.0,Blocked,Right Foot,Open Play,False,0.008481465,0,21.93171219946131,0.13996708211009626,0.060235665094729766,0.047170297777143905,0.03465756272789577,0.051754200094729766,0.038688832777143904,0.026176097727895767
Lucas Vázquez Iglesias,Real Madrid,120,0,109.0,41.0,Goal,Right Foot,Penalty,False,0.7835,1,11.045361017187261,0.6379784967323765,0.205683651635565,0.8086791379122674,0.8115526446958647,-0.577816348364435,0.025179137912267446,0.02805264469586477
Antoine Griezmann,Atlético Madrid,120,43,109.0,41.0,Goal,Left Foot,Penalty,False,0.7835,1,11.045361017187261,0.6379784967323765,0.205683651635565,0.7988333789619501,0.7989524723959336,-0.577816348364435,0.015333378961950084,0.015452472395933614
Marcelo Vieira da Silva Júnior,Real Madrid,121,21,109.0,41.0,Goal,Left Foot,Penalty,False,0.7835,1,11.045361017187261,0.6379784967323765,0.205683651635565,0.7988333789619501,0.7989524723959336,-0.577816348364435,0.015333378961950084,0.015452472395933614
Gabriel Fernández Arenas,Atlético Madrid,121,57,109.0,41.0,Goal,Right Foot,Penalty,False,0.7835,1,11.045361017187261,0.6379784967323765,0.205683651635565,0.8086791379122674,0.8115526446958647,-0.577816348364435,0.025179137912267446,0.02805264469586477
Gareth Frank Bale,Real Madrid,122,36,109.0,41.0,Goal,Left Foot,Penalty,False,0.7835,1,11.045361017187261,0.6379784967323765,0.205683651635565,0.7988333789619501,0.7989524723959336,-0.577816348364435,0.015333378961950084,0.015452472395933614
Saúl Ñíguez Esclapez,Atlético Madrid,123,23,109.0,41.0,Goal,Left Foot,Penalty,False,0.7835,1,11.045361017187261,0.6379784967323765,0.205683651635565,0.7988333789619501,0.7989524723959336,-0.577816348364435,0.015333378961950084,0.015452472395933614
Sergio Ramos García,Real Madrid,124,1,109.0,41.0,Goal,Right Foot,Penalty,False,0.7835,1,11.045361017187261,0.6379784967323765,0.205683651635565,0.8086791379122674,0.8115526446958647,-0.577816348364435,0.025179137912267446,0.02805264469586477
Juan Francisco Torres Belén,Atlético Madrid,124,32,109.0,41.0,Post,Right Foot,Penalty,False,0.7835,0,11.045361017187261,0.6379784967323765,0.205683651635565,0.8086791379122674,0.8115526446958647,-0.577816348364435,0.025179137912267446,0.02805264469586477
Cristiano Ronaldo dos Santos Aveiro,Real Madrid,125,12,109.0,41.0,Goal,Right Foot,Penalty,False,0.7835,1,11.045361017187261,0.6379784967323765,0.205683651635565,0.8086791379122674,0.8115526446958647,-0.577816348364435,0.025179137912267446,0.02805264469586477
Gonzalo Gerardo Higuaín,Juventus,2,50,106.0,37.0,Saved,Head,Open Play,False,0.07028022,0,14.317821063276353,0.49113894754257,0.14567218949287722,0.042918716321959136,0.047611857608285624,0.07539196949287721,-0.02736150367804087,-0.02266836239171438
Gonzalo Gerardo Higuaín,Juventus,3,20,92.0,49.0,Saved,Right Foot,Open Play,False,0.023389878,0,29.410882339705484,0.23618324364370274,0.031776411956952084,0.022330499006168607,0.024308084523594033,0.008386533956952085,-0.0010593789938313919,0.000918206523594034
Miralem Pjanić,Juventus,6,2,98.0,35.0,Saved,Right Foot,Open Play,False,0.04491758,0,22.561028345356956,0.31417453904071785,0.06333736329021812,0.05065288279846735,0.05282021983798052,0.018419783290218122,0.005735302798467352,0.007902639837980521
Cristiano Ronaldo dos Santos Aveiro,Real Madrid,19,38,105.0,44.0,Goal,Right Foot,Open Play,True,0.08542749,1,15.524174696260024,0.44948169765500345,0.12845035998564164,0.16722321247201657,0.18021141634823912,0.04302286998564164,0.08179572247201658,0.09478392634823912
Miralem Pjanić,Juventus,22,24,105.0,51.0,Blocked,Left Foot,Open Play,False,0.05371165,0,18.601075237738275,0.31885749474374275,0.0909032379427488,0.07332041252460114,0.06996535661182747,0.037191587942748794,0.019608762524601142,0.01625370661182747
Gonzalo Gerardo Higuaín,Juventus,25,37,100.0,39.0,Blocked,Left Foot,Open Play,True,0.052339688,0,20.024984394500787,0.3611397948230589,0.08209269131067258,0.09478082046305494,0.10286405256316446,0.029753003310672578,0.04244113246305494,0.050524364563164455
Mario Mandžukić,Juventus,26,20,106.0,30.0,Goal,Right Foot,Open Play,False,0.03708837,1,17.204650534085253,0.3478792775147612,0.10464853151860755,0.09192828300195945,0.09100800074072411,0.06756016151860755,0.054839913001959444,0.05391963074072411
Cristiano Ronaldo dos Santos Aveiro,Real Madrid,30,28,105.0,42.0,Blocked,Right Foot,Open Play,True,0.047854044,0,15.132745950421556,0.4710329368469382,0.13445639862964007,0.17616527397985982,0.19363555949152975,0.08660235462964007,0.12831122997985983,0.14578151549152973
Cristiano Ronaldo dos Santos Aveiro,Real Madrid,32,20,112.0,45.0,Wayward,Head,Open Play,False,0.17624187,0,9.433981132056603,0.6590339261642634,0.23517871415104818,0.08278987562889466,0.08836737174001791,0.05893684415104819,-0.09345199437110534,-0.08787449825998209
Paulo Bruno Exequiel Dybala,Juventus,34,4,89.0,50.0,Blocked,Left Foot,Free Kick,False,0.02529055,0,32.57299494980466,0.21331306686160087,0.023162983092176098,0.035561230171678566,0.03883367972571124,-0.0021275669078239003,0.010270680171678568,0.013543129725711239
Miralem Pjanić,Juventus,39,59,97.0,37.0,Blocked,Right Foot,Open Play,True,0.04150408,0,23.194827009486403,0.3105441010590183,0.05961602848156933,0.06920113438131692,0.07848303699908676,0.01811194848156933,0.02769705438131692,0.036978956999086765
Carlos Henrique Casimiro,Real Madrid,44,45,90.0,54.0,Off T,Right Foot,Open Play,False,0.01026013,0,33.1058907144937,0.20012884492752112,0.021823371719915732,0.014317930621242623,0.01642961822627179,0.011563241719915733,0.004057800621242624,0.00616948822627179
Francisco Román Alarcón Suárez,Real Madrid,45,33,94.0,48.0,Blocked,Right Foot,Open Play,False,0.025536312,0,27.202941017470888,0.2561756566544305,0.03965293892079341,0.02902693891468643,0.030673403370365723,0.014116626920793414,0.003490626914686431,0.005137091370365724
Luka Modrić,Real Madrid,53,54,93.0,38.0,Saved,Left Foot,Open Play,False,0.036176078,0,27.073972741361768,0.2680416314906354,0.0404404490028607,0.02798317933464687,0.02984548937463081,0.004264371002860701,-0.00819289866535313,-0.006330588625369192
Marcelo Vieira da Silva Júnior,Real Madrid,55,3,103.0,26.0,Off T,Left Foot,Open Play,False,0.041312158,0,22.02271554554524,0.2579851162382462,0.06426933432648825,0.04838141128536669,0.043938884462382095,0.02295717632648825,0.007069253285366686,0.002626726462382094
Francisco Román Alarcón Suárez,Real Madrid,58,17,99.0,32.0,Off T,Left Foot,Open Play,False,0.05314489,0,22.47220505424423,0.30305836305553757,0.06341777769668773,0.04776913827933552,0.04780712603073011,0.01027288769668773,-0.0053757517206644775,-0.005337763969269889
Toni Kroos,Real Madrid,60,20,103.0,29.0,Blocked,Left Foot,Open Play,True,0.059818856,0,20.248456731316587,0.3040355781328673,0.07770765956812359,0.08864707504314373,0.08406810006943159,0.01788880356812359,0.028828219043143734,0.024249244069431596
Carlos Henrique Casimiro,Real Madrid,60,23,90.0,34.0,Goal,Right Foot,Open Play,True,0.017446898,1,30.59411708155671,0.23367372249137447,0.02835020656349032,0.029048658199766746,0.04041250322288032,0.01090330856349032,0.011601760199766747,0.022965605222880322
Cristiano Ronaldo dos Santos Aveiro,Real Madrid,63,31,117.0,47.0,Goal,Right Foot,Open Play,True,0.13650973,1,7.615773105863909,0.4574912831823614,0.243355354657133,0.33291911663892076,0.2929553259139926,0.10684562465713301,0.19640938663892077,0.1564455959139926
Cristiano Ronaldo dos Santos Aveiro,Real Madrid,72,18,111.0,42.0,Off T,Right Foot,Open Play,True,0.28140664,0,9.219544457292887,0.7437854752332452,0.2493205116553904,0.3459222899087477,0.3944021198088416,-0.03208612834460958,0.0645156499087477,0.11299547980884161
Karim Benzema,Real Madrid,74,39,112.0,27.0,Blocked,Right Foot,Open Play,False,0.0675641,0,15.264337522473747,0.2605974035178621,0.11772392459947138,0.10506690476720025,0.09407618733965863,0.05015982459947138,0.03750280476720025,0.026512087339658624
Marcelo Vieira da Silva Júnior,Real Madrid,74,41,97.0,33.0,Off T,Left Foot,Open Play,True,0.040467594,0,24.041630560342615,0.2897964165348178,0.054419627891339056,0.05865131264725655,0.06438816670463231,0.013952033891339054,0.01818371864725655,0.023920572704632305
Alex Sandro Lobo Silva,Juventus,81,4,111.0,48.0,Off T,Head,Open Play,False,0.07065242,0,12.041594578792296,0.4641204296753617,0.17311060070630666,0.053796483332321295,0.05639664130078415,0.10245818070630666,-0.0168559366676787,-0.014255778699215842
Cristiano Ronaldo dos Santos Aveiro,Real Madrid,89,42,91.0,30.0,Blocked,Right Foot,Free Kick,False,0.043744557,0,30.675723300355934,0.22497357025306677,0.027973869793761933,0.04692085027966687,0.04955608016119442,-0.01577068720623807,0.0031762932796668697,0.005811523161194418
Marco Asensio Willemsen,Real Madrid,89,52,113.0,40.0,Goal,Left Foot,Open Play,True,0.40126145,1,7.0,0.9635313430737258,0.32313354390304433,0.4352058269640997,0.4948037490645513,-0.07812790609695569,0.03394437696409969,0.0935422990645513
Álvaro Borja Morata Martín,Real Madrid,92,14,109.0,23.0,Blocked,Right Foot,Open Play,False,0.024945462,0,20.248456731316587,0.2003010413611494,0.07293183787154404,0.05938529919518327,0.04859175794207484,0.04798637587154404,0.034439837195183266,0.02364629594207484
Gareth Frank Bale,Real Madrid,93,10,93.0,29.0,Blocked,Left Foot,Open Play,False,0.02260328,0,29.154759474226502,0.2319873930022419,0.03247056302661206,0.02154314630824964,0.02252557174708944,0.00986728302661206,-0.0010601336917503597,-7.77082529105598e-05
Georginio Wijnaldum,Liverpool,2,33,98.1,52.1,Blocked,Right Foot,Open Play,False,0.03639871,0,25.020391683584815,0.25593560881658445,0.048642715970506116,0.03693782694401544,0.036370402036915044,0.012244005970506115,0.0005391169440154414,-2.8307963084957255e-05
Mohamed Salah,Liverpool,5,14,96.6,51.5,Blocked,Left Foot,Open Play,True,0.027975515,0,26.073166282597906,0.25158341703443865,0.043963235152074794,0.045649232543470794,0.049617066079668634,0.015987720152074794,0.017673717543470795,0.021641551079668635
Roberto Firmino Barbosa de Oliveira,Liverpool,7,56,112.1,30.6,Off T,Head,Open Play,False,0.07536108,0,12.278843593759149,0.3984367891497831,0.16377222025643928,0.04975018101620957,0.050334201152039966,0.08841114025643929,-0.025610898983790424,-0.02502687884796003
Marcelo Vieira da Silva Júnior,Real Madrid,10,2,94.5,26.9,Off T,Left Foot,Open Play,False,0.023375953,0,28.66810073932349,0.22690605655898674,0.03389264583961322,0.022652066765619424,0.022901806184471008,0.010516692839613217,-0.0007238862343805774,-0.00047414681552899324
James Philip Milner,Liverpool,13,2,101.2,30.6,Blocked,Left Foot,Open Play,True,0.0437719,0,21.019038988498018,0.3108175624573369,0.07276683133927789,0.08221656216355537,0.08216528863431492,0.028994931339277885,0.03844466216355537,0.03839338863431492
Mohamed Salah,Liverpool,13,6,104.5,41.1,Blocked,Left Foot,Open Play,False,0.06565269,0,15.538983235720412,0.46163844298469986,0.12918961072497492,0.11239077551452756,0.12016311633692187,0.06353692072497492,0.04673808551452756,0.054510426336921866
Sadio Mané,Liverpool,13,8,103.7,35.9,Blocked,Right Foot,Open Play,False,0.057769474,0,16.807736313971606,0.4173366377579291,0.11286734131743408,0.10097583240096103,0.10761268649579105,0.055097867317434074,0.04320635840096103,0.049843212495791045
Cristiano Ronaldo dos Santos Aveiro,Real Madrid,14,55,111.7,58.7,Off T,Right Foot,Open Play,False,0.012568896,0,20.45922774691166,0.1488376663760939,0.06931961119257686,0.05572759800523926,0.04173374572444613,0.056750715192576864,0.04315870200523926,0.02916484972444613
Virgil van Dijk,Liverpool,17,53,116.5,37.1,Off T,Head,Open Play,False,0.24867696,0,4.545327270945403,1.29450420833858,0.4304572977834985,0.21233504208486514,0.15516922986230877,0.1817803377834985,-0.03634191791513486,-0.09350773013769123
Roberto Firmino Barbosa de Oliveira,Liverpool,22,35,105.7,41.4,Blocked,Right Foot,Open Play,False,0.083349325,0,14.368368035375484,0.4968426333767424,0.14552510515125128,0.13696990135669865,0.14925992253638734,0.062175780151251275,0.053620576356698646,0.06591059753638734
Trent Alexander-Arnold,Liverpool,22,38,106.4,55.3,Saved,Right Foot,Open Play,False,0.03727715,0,20.470710783946895,0.24065484182878147,0.07326393812736572,0.05986804447145699,0.05253144400608462,0.035986788127365714,0.022590894471456985,0.01525429400608462
Luka Modrić,Real Madrid,31,3,107.1,53.2,Blocked,Right Foot,Open Play,False,0.03428409,0,18.456706098326435,0.2809158426331436,0.09000322563148803,0.07657535389730995,0.07034744484014914,0.05571913563148803,0.042291263897309944,0.03606335484014914
Karim Benzema,Real Madrid,32,0,108.8,32.4,Blocked,Right Foot,Open Play,False,0.0959495,0,13.535139452550908,0.4498048033396184,0.15192511484027366,0.14367257877360523,0.14924903880235074,0.05597561484027366,0.04772307877360524,0.05329953880235075
Cristiano Ronaldo dos Santos Aveiro,Real Madrid,42,20,112.7,39.9,Saved,Head,Open Play,False,0.1714123,0,7.300684899377589,0.9293656456711723,0.31185340742268836,0.12636848702912742,0.12405041018529381,0.14044110742268837,-0.045043812970872565,-0.04736188981470618
José Ignacio Fernández Iglesias,Real Madrid,44,34,110.3,54.4,Off T,Right Foot,Open Play,True,0.048763823,0,17.362315513778686,0.2416772291693093,0.09688843748702916,0.12019422396312968,0.09084592141974285,0.04812461448702916,0.07143040096312968,0.04208209841974285
Karim Benzema,Real Madrid,47,22,93.6,27.5,Off T,Right Foot,Open Play,False,0.021335443,0,29.20975864330276,0.22617094589766634,0.03218164424199855,0.022650250698279722,0.023743275218295334,0.01084620124199855,0.0013148076982797234,0.0024078322182953353
Francisco Román Alarcón Suárez,Real Madrid,47,21,105.9,35.6,Post,Right Foot,Open Play,True,0.12395585,0,14.770578864756784,0.46686469250071816,0.13831217394255732,0.1817291664647361,0.1953302601270922,0.014356323942557314,0.0577733164647361,0.0713744101270922
Karim Benzema,Real Madrid,50,11,103.7,46.4,Goal,Right Foot,Open Play,True,0.62239987,1,17.511424842085233,0.3864135031779844,0.10421970226975988,0.13173988747471185,0.13696792772917457,-0.5181801677302401,-0.4906599825252881,-0.4854319422708254
Dejan Lovren,Liverpool,54,29,110.0,37.6,Blocked,Head,Open Play,False,0.04927483,0,10.283968105745952,0.6701590776552294,0.2217938561783548,0.07636575909477711,0.08375539648457613,0.1725190261783548,0.02709092909477711,0.034480566484576126
Sadio Mané,Liverpool,54,29,117.0,41.1,Goal,Right Foot,Open Play,False,0.58832175,1,3.195309061734092,1.4267374661647305,0.48494475651740426,0.5546927461851637,0.3968503503944235,-0.10337699348259571,-0.033629003814836245,-0.19147139960557646
Francisco Román Alarcón Suárez,Real Madrid,59,59,111.3,44.6,Saved,Right Foot,Open Play,False,0.105558105,0,9.841239759298626,0.6518321282188985,0.22723820995575272,0.2327630192923481,0.24493272061271645,0.12168010495575272,0.1272049142923481,0.13937461561271647
Gareth Frank Bale,Real Madrid,63,1,104.7,38.1,Goal,Left Foot,Open Play,True,0.04580498,1,15.41752249876743,0.4630903537513629,0.13064370242078685,0.16189265469306025,0.1753647430868885,0.08483872242078686,0.11608767469306025,0.12955976308688852
Sadio Mané,Liverpool,69,40,98.8,47.5,Post,Left Foot,Open Play,False,0.04298672,0,22.487552112224222,0.30536642079680953,0.06341908981597205,0.047777841569397385,0.04805174905980011,0.020432369815972053,0.004791121569397386,0.005065029059800108
Roberto Firmino Barbosa de Oliveira,Liverpool,72,46,110.0,59.4,Saved,Right Foot,Open Play,True,0.009025229,0,21.825672956406176,0.15681336945424199,0.06146612716929858,0.07095415240322114,0.04816826227390309,0.052440898169298575,0.06192892340322115,0.03914303327390309
Cristiano Ronaldo dos Santos Aveiro,Real Madrid,73,10,107.2,38.6,Blocked,Left Foot,Open Play,False,0.28314868,0,12.876334882255895,0.5512202421705019,0.1696717905212995,0.15619649791323426,0.16807676777702296,-0.1134768894787005,-0.12695218208676573,-0.11507191222297702
Karim Benzema,Real Madrid,81,1,106.8,30.2,Saved,Right Foot,Open Play,True,0.08103228,0,16.440194646049665,0.35976804847357924,0.11266266980134358,0.14359962710985244,0.13566786222475286,0.031630389801343584,0.06256734710985244,0.05463558222475286
Gareth Frank Bale,Real Madrid,82,43,90.2,58.6,Goal,Left Foot,Open Play,False,0.0075294827,1,35.12833614050059,0.17684456135013404,0.017700296591674755,0.010508836282033206,0.012094891429707334,0.010170813891674756,0.002979353582033206,0.004565408729707334
Adam David Lallana,Liverpool,90,15,104.3,35.2,Blocked,Left Foot,Open Play,False,0.061225574,0,16.417368851311103,0.42176092744069205,0.11705718254934303,0.09970331522042919,0.10429677091354646,0.05583160854934303,0.03847774122042919,0.04307119691354646
Georgia Stanway,Manchester City WFC,1,1,103.0,57.0,Saved,Right Foot,Open Play,False,0.029653896,0,24.041630560342615,0.21693381713638973,0.05199295809020622,0.0398522730863149,0.03508757734871917,0.022339062090206224,0.010198377086314901,0.005433681348719174
Ramona Bachmann,Chelsea FCW,4,51,110.0,49.0,Blocked,Head,Open Play,False,0.11933854,0,13.45362404707371,0.4117746385398365,0.1497275721366979,0.04424706059384313,0.045468448529137395,0.0303890321366979,-0.07509147940615687,-0.07387009147086261
Bethany England,Chelsea FCW,5,56,106.0,53.0,Off T,Right Foot,Open Play,False,0.13441853,0,19.1049731745428,0.28360725631480244,0.08507185317350151,0.07164958773087232,0.06645839863640395,-0.0493466768264985,-0.06276894226912769,-0.06796013136359606
Melissa Lawley,Manchester City WFC,18,37,107.0,54.0,Blocked,Right Foot,Open Play,False,0.042562865,0,19.1049731745428,0.2643129831912224,0.08408407040614842,0.07057559522954873,0.06359746312569257,0.04152120540614842,0.028012730229548734,0.021034598125692576
Jennifer Patricia Beattie,Manchester City WFC,18,47,113.0,38.0,Saved,Head,Open Play,False,0.27504176,0,7.280109889280518,0.9127873142810395,0.30993687007641796,0.12509126665776313,0.1229677506098927,0.034895110076417934,-0.1499504933422369,-0.15207400939010732
Bethany England,Chelsea FCW,22,11,100.0,57.0,Saved,Left Foot,Open Play,False,0.027737819,0,26.248809496813376,0.21339556991884398,0.042212567190273005,0.02932560548918057,0.026451409121702088,0.014474748190273005,0.0015877864891805683,-0.0012864098782979123
Nikita Parris,Manchester City WFC,24,22,106.0,35.0,Off T,Left Foot,Open Play,False,0.21126014,0,14.866068747318506,0.4585395653254657,0.13655023074864958,0.12001704655887033,0.12624573667324052,-0.07470990925135043,-0.09124309344112969,-0.0850144033267595
Karen Julia Carney,Chelsea FCW,33,29,93.0,33.0,Off T,Right Foot,Free Kick,False,0.054445017,0,27.892651361962706,0.25294997488817733,0.03708124591581705,0.0647884740380874,0.06628127438315312,-0.017363771084182945,0.010343457038087409,0.011836257383153123
Melissa Lawley,Manchester City WFC,35,28,105.0,56.0,Saved,Right Foot,Open Play,False,0.026954781,0,21.93171219946131,0.2306355666171319,0.06372030927858412,0.0507256661937161,0.044422116386208514,0.03676552827858412,0.0237708851937161,0.017467335386208514
Maren Nævdal Mjelde,Chelsea FCW,35,56,96.0,30.0,Saved,Right Foot,Open Play,False,0.038786244,0,26.0,0.2591724071914216,0.04447839350283951,0.03324335962138545,0.03397500576901165,0.005692149502839514,-0.005542884378614547,-0.004811238230988349
Karen Julia Carney,Chelsea FCW,39,15,110.0,22.0,Off T,Right Foot,Open Play,False,0.013910409,0,20.591260281974,0.1764203942931716,0.06966225064187082,0.05615838419678642,0.04412377437757403,0.05575184164187082,0.04224797519678642,0.030213365377574034
So-Yun Ji,Chelsea FCW,40,7,112.0,29.0,Blocked,Right Foot,Open Play,False,0.14664203,0,13.601470508735444,0.32885854507682594,0.14111541414132592,0.13071902034108487,0.12491675817545293,-0.005526615858674089,-0.015923009658915133,-0.021725271824547074
Ramona Bachmann,Chelsea FCW,45,12,102.0,22.0,Saved,Right Foot,Open Play,False,0.02339951,0,25.45584412271571,0.20471681967788646,0.045220407755756906,0.03377088858651469,0.029758537526254333,0.021820897755756907,0.010371378586514692,0.006359027526254335
Georgia Stanway,Manchester City WFC,46,23,99.0,52.0,Off T,Right Foot,Open Play,False,0.054324675,0,24.186773244895647,0.2627117056180034,0.052789542425261356,0.04070233380531171,0.03979584947828434,-0.0015351325747386471,-0.01362234119468829,-0.014528825521715666
Stephanie Houghton,Manchester City WFC,53,15,111.0,44.0,Off T,Head,Open Play,False,0.15444857,0,9.848857801796104,0.667378946411016,0.22891666603638522,0.07977518654936339,0.08628383096697999,0.07446809603638521,-0.07467338345063662,-0.06816473903302002
Stephanie Houghton,Manchester City WFC,55,21,107.0,32.0,Off T,Head,Open Play,False,0.05221769,0,15.264337522473747,0.4089005192448115,0.12829722846428912,0.036192539034014606,0.03789057751762557,0.07607953846428912,-0.01602515096598539,-0.014327112482374428
Stephanie Houghton,Manchester City WFC,59,7,107.0,11.0,Off T,Right Foot,Free Kick,False,0.0077860677,0,31.78049716414141,0.09519561925877154,0.023153138277191152,0.03744063550909741,0.027208307324395168,0.015367070577191153,0.02965456780909741,0.01942223962439517
Melissa Lawley,Manchester City WFC,61,2,108.0,25.0,Blocked,Right Foot,Open Play,False,0.05253361,0,19.209372712298546,0.24216828903861776,0.08218809015888592,0.06859517557949629,0.05981169974525249,0.029654480158885922,0.01606156557949629,0.007278089745252486
Stephanie Houghton,Manchester City WFC,61,28,105.0,49.0,Blocked,Head,Open Play,False,0.048642006,0,17.4928556845359,0.3589904261896591,0.10270652386942543,0.027152843863540367,0.027761082126899508,0.05406451786942543,-0.021489162136459634,-0.020880923873100494
Ramona Bachmann,Chelsea FCW,61,58,110.0,46.0,Off T,Right Foot,Open Play,False,0.07178509,0,11.661903789690601,0.5382418048292936,0.18580280870442167,0.182942130966852,0.19357310518460055,0.11401771870442168,0.111157040966852,0.12178801518460056
Nikita Parris,Manchester City WFC,63,10,115.0,55.0,Off T,Right Foot,Open Play,False,0.01672646,0,15.811388300841896,0.15347217766430438,0.1054001994908194,0.09154324121118612,0.0728843224785853,0.0886737394908194,0.07481678121118612,0.0561578624785853
Ramona Bachmann,Chelsea FCW,65,50,116.0,27.0,Saved,Left Foot,Open Play,False,0.030731976,0,13.601470508735444,0.1689975349482757,0.1287829271681837,0.10990009943919386,0.09155254812865449,0.09805095116818371,0.07916812343919385,0.060820572128654486
So-Yun Ji,Chelsea FCW,69,51,99.0,47.0,Blocked,Right Foot,Open Play,False,0.06467682,0,22.135943621178654,0.311997736887301,0.0657658307258505,0.05294822108106331,0.05437392187382671,0.001089010725850506,-0.011728598918936683,-0.010302898126173285
Nadia Nadim,Manchester City WFC,70,8,96.0,22.0,Off T,Right Foot,Open Play,False,0.013480071,0,30.0,0.19561536418239073,0.02927525388321989,0.020218694019162188,0.019934284663443963,0.01579518288321989,0.006738623019162188,0.006454213663443963
Francesca Kirby,Chelsea FCW,73,2,109.0,24.0,Off T,Right Foot,Open Play,False,0.06865831,0,19.4164878389476,0.21793243369464999,0.07948930689162023,0.0658312880226071,0.05532796151710369,0.010830996891620231,-0.0028270219773929017,-0.013330348482896312
Jennifer Patricia Beattie,Manchester City WFC,74,29,110.0,37.0,Wayward,Head,Open Play,False,0.064698346,0,10.44030650891055,0.6534453407531251,0.21727513128381495,0.07414254517220335,0.08133437893984281,0.15257678528381496,0.00944419917220335,0.01663603293984281
Nikita Parris,Manchester City WFC,74,30,114.0,31.0,Blocked,Right Foot,Open Play,False,0.1471805,0,10.816653826391969,0.4009557083482148,0.18460459672010532,0.18010360314023208,0.17987576275233302,0.037424096720105327,0.032923103140232085,0.03269526275233303
Nikita Parris,Manchester City WFC,74,33,111.0,25.0,Blocked,Right Foot,Open Play,False,0.034212105,0,17.4928556845359,0.22145759809675628,0.09462311436760967,0.08092966618308767,0.06850323291507905,0.060411009367609673,0.04671756118308767,0.03429112791507905
Drew Spence,Chelsea FCW,83,43,98.0,48.0,Saved,Right Foot,Open Play,False,0.044750817,0,23.40939982143925,0.2925867673516056,0.05779791285755696,0.04539430425541472,0.04636689163440927,0.013047095857556965,0.0006434872554147222,0.0016160746344092702
Erin Cuthbert,Chelsea FCW,90,21,102.0,26.0,Saved,Right Foot,Open Play,False,0.041644186,0,22.80350850198276,0.2544472950311666,0.059686578872563116,0.047029095375854105,0.04378273152411103,0.018042392872563116,0.005384909375854105,0.002138545524111031
Drew Spence,Chelsea FCW,94,25,104.0,41.0,Blocked,Right Foot,Open Play,False,0.07041053,0,16.0312195418814,0.44815331085171894,0.12289443516829396,0.11187514611486381,0.1211643053981129,0.05248390516829396,0.04146461611486381,0.050753775398112905
Ella Rutherford,Bristol City WFC,20,22,103.0,49.0,Wayward,Right Foot,Open Play,False,0.060986243,0,19.235384061671343,0.3357463373325346,0.08677578752843766,0.07360510460357325,0.07391966307823683,0.02578954452843766,0.012618861603573249,0.012933420078236828
Juliette Kemppi,Bristol City WFC,25,52,102.0,50.0,Saved,Left Foot,Open Play,False,0.06151643,0,20.591260281974,0.3105126136086434,0.0756326136167907,0.05889963781051575,0.0573047754566903,0.014116183616790706,-0.0026167921894842475,-0.004211654543309698
Ella Rutherford,Bristol City WFC,29,25,105.0,24.0,Wayward,Left Foot,Open Play,False,0.050046794,0,21.93171219946131,0.2306355666171319,0.06372030927858412,0.04780237626029873,0.041132700363598416,0.013673515278584118,-0.002244417739701271,-0.008914093636401582
Kayleigh Green,Brighton & Hove Albion WFC,35,12,110.0,33.0,Saved,Right Foot,Open Play,False,0.2509234,0,12.206555615733702,0.4949826574137816,0.17371841615309935,0.16864928026232398,0.1765796395614583,-0.07720498384690067,-0.08227411973767604,-0.07434376043854171
Lucy Hope,Bristol City WFC,38,52,91.0,37.0,Off T,Left Foot,Open Play,False,0.03597936,0,29.154759474226502,0.24849555323861672,0.0328152535980885,0.02183834448692138,0.02396776275707572,-0.003164106401911504,-0.014141015513078621,-0.01201159724292428
Danique Kerkdijk,Bristol City WFC,47,27,114.0,49.0,Off T,Right Foot,Open Play,False,0.13153723,0,10.816653826391969,0.4009557083482148,0.18460459672010532,0.18010360314023208,0.17987576275233302,0.05306736672010531,0.04856637314023207,0.04833853275233302
Kate Natkiel,Brighton & Hove Albion WFC,51,24,110.0,50.0,Blocked,Right Foot,Open Play,False,0.056464955,0,14.142135623730951,0.3738280874073859,0.13832064672539507,0.12802879835756165,0.12662047188213094,0.08185569172539507,0.07156384335756165,0.07015551688213094
Bethan Roe,Brighton & Hove Albion WFC,52,47,112.0,47.0,Saved,Left Foot,Open Play,False,0.31304544,0,10.63014581273465,0.5314941292250158,0.20087075290356282,0.1905005326743217,0.19523382844165324,-0.11217468709643719,-0.1225449073256783,-0.11781161155834677
Laura Rafferty,Brighton & Hove Albion WFC,53,44,111.0,38.0,Off T,Right Foot,Open Play,False,0.117663756,0,9.219544457292887,0.7437854752332452,0.2493205116553904,0.26033146509262245,0.27250990130069197,0.13165675565539042,0.14266770909262244,0.15484614530069196
Kayleigh Green,Brighton & Hove Albion WFC,57,10,111.0,38.0,Off T,Head,Open Play,False,0.12980174,0,9.219544457292887,0.7437854752332452,0.2493205116553904,0.09037145751109457,0.09690593948631233,0.1195187716553904,-0.03943028248890543,-0.032895800513687665
Lucy Hope,Bristol City WFC,70,1,87.0,35.0,Goal,Right Foot,Open Play,False,0.03878011,1,33.37663853655727,0.2160536903327331,0.02148432372602578,0.014072793364571418,0.017320325344723282,-0.01729578627397422,-0.02470731663542858,-0.021459784655276717
Carla Humphrey,Bristol City WFC,77,3,109.0,59.0,Blocked,Right Foot,Open Play,False,0.01292546,0,21.95449840010015,0.1701676066496168,0.061247554267770454,0.048207811602261355,0.0375718310091906,0.048322094267770455,0.035282351602261355,0.0246463710091906
Lucy Hope,Bristol City WFC,91,51,68.0,75.0,Saved,Right Foot,Open Play,False,0.0030226877,0,62.68173577685928,0.0969065563506082,0.0011469003636077365,0.0004533604594062045,0.005142732296262951,-0.0018757873363922633,-0.0025693272405937955,0.0021200445962629515
Fara Williams,Reading WFC,2,4,91.0,55.0,Off T,Left Foot,Open Play,False,0.010900441,0,32.64965543462902,0.19900197214168486,0.022781965741156547,0.014160051192149603,0.015550305218447311,0.011881524741156547,0.003259610192149603,0.004649864218447311
Gemma Suzanne Davison,Reading WFC,4,14,111.0,35.0,Goal,Right Foot,Open Play,False,0.26132917,1,10.295630140987,0.6183448838073118,0.2157432138390551,0.21875839117952228,0.23105320425541442,-0.04558595616094491,-0.04257077882047772,-0.030275965744585576
Anne-Marie Heatherson,Yeovil Town LFC,7,28,110.0,30.0,Saved,Head,Open Play,False,0.06901043,0,14.142135623730951,0.3738280874073859,0.13832064672539507,0.039796642788935355,0.03987413720303538,0.06931021672539507,-0.029213787211064643,-0.02913629279696462
Brooke Chaplen,Reading WFC,9,14,110.0,41.0,Off T,Head,Open Play,False,0.1498332,0,10.04987562112089,0.6960594565863746,0.22878676692140718,0.07986325887339467,0.08747657219720226,0.07895356692140718,-0.06996994112660533,-0.06235662780279774
Fara Williams,Reading WFC,10,31,104.0,54.0,Goal,Left Foot,Open Play,False,0.04730662,1,21.2602916254693,0.26094043848151627,0.06903747607887245,0.05267816782840537,0.04752147911809254,0.02173085607887245,0.005371547828405369,0.0002148591180925405
Brooke Chaplen,Reading WFC,24,42,116.0,56.0,Off T,Right Foot,Open Play,False,0.062315725,0,16.492422502470642,0.11274299874014113,0.09688821361658641,0.08263452588708475,0.06189839928162544,0.034572488616586405,0.02031880088708475,-0.00041732571837456434
Mayumi Pacheco,Reading WFC,26,39,96.0,28.0,Off T,Left Foot,Open Play,False,0.03197996,0,26.832815729997478,0.24368476854052787,0.04073361997763195,0.028175060030581733,0.027955891896757606,0.008753659977631952,-0.0038048999694182684,-0.004024068103242396
Natasha Harding,Reading WFC,28,10,102.0,54.0,Off T,Right Foot,Open Play,False,0.038797233,0,22.80350850198276,0.2544472950311666,0.059686578872563116,0.047029095375854105,0.04378273152411103,0.020889345872563116,0.008231862375854104,0.00498549852411103
Olivia Fergusson,Yeovil Town LFC,29,13,112.0,24.0,Saved,Right Foot,Open Play,False,0.03902434,0,17.88854381999832,0.1887223944971257,0.08957177850683959,0.07567734340130113,0.0611848515021396,0.05054743850683959,0.03665300340130113,0.0221605115021396
Megan Alexander,Yeovil Town LFC,29,50,92.0,46.0,Blocked,Left Foot,Open Play,False,0.025347015,0,28.635642126552707,0.24883587031967613,0.03447641924666837,0.02314854929928155,0.024889993906979227,0.009129404246668367,-0.002198465700718452,-0.00045702109302077354
Brooke Chaplen,Reading WFC,43,22,91.0,37.0,Off T,Right Foot,Open Play,False,0.034405008,0,29.154759474226502,0.24849555323861672,0.0328152535980885,0.023212546092456092,0.02592159334878863,-0.0015897544019115029,-0.011192461907543909,-0.008483414651211371
Natasha Harding,Reading WFC,44,55,95.0,46.0,Blocked,Right Foot,Open Play,False,0.02701351,0,25.709920264364882,0.27539945676062455,0.04617266962618309,0.034781443289920104,0.03663891313230042,0.01915915962618309,0.007767933289920103,0.009625403132300422
Sophie Howard,Reading WFC,44,59,93.0,34.0,Off T,Right Foot,Open Play,True,0.022801632,0,27.65863337187866,0.25713627248806536,0.0380100057477996,0.04092997785401165,0.050893746903945304,0.0152083737477996,0.018128345854011654,0.028092114903945305
Fara Williams,Reading WFC,47,45,102.0,27.0,Saved,Right Foot,Open Play,False,0.04664019,0,22.20360331117452,0.26811184830480883,0.06360908103310514,0.05075036180917643,0.04797995136771058,0.016968891033105143,0.00411017180917643,0.001339761367710579
Olivia Fergusson,Yeovil Town LFC,45,42,115.0,40.0,Blocked,Left Foot,Open Play,False,0.5530755,0,5.0,1.2637624630824713,0.41462613107861246,0.45354986943348136,0.36820502478387734,-0.1384493689213876,-0.0995256305665187,-0.1848704752161227
Lauren Bruton,Reading WFC,46,11,104.0,47.0,Off T,Right Foot,Open Play,False,0.14442803,0,17.46424919657298,0.38191939614166315,0.10437400877654468,0.0918466523062458,0.09511505987958199,-0.04005402122345533,-0.05258137769375422,-0.04931297012041802
Brooke Chaplen,Reading WFC,49,14,105.0,29.0,Blocked,Left Foot,Open Play,False,0.103278786,0,18.601075237738275,0.31885749474374275,0.0909032379427488,0.07332041252460114,0.06996535661182747,-0.012375548057251204,-0.029958373475398856,-0.03331342938817253
Gemma Suzanne Davison,Reading WFC,50,22,91.0,37.0,Off T,Right Foot,Open Play,False,0.03310555,0,29.154759474226502,0.24849555323861672,0.0328152535980885,0.023212546092456092,0.02592159334878863,-0.0002902964019114995,-0.009893003907543906,-0.007183956651211368
Brooke Chaplen,Reading WFC,56,56,112.0,49.0,Off T,Right Foot,Open Play,False,0.22564556,0,12.041594578792296,0.41866304735600424,0.1688501487438357,0.16237052015383532,0.16358199123528208,-0.0567954112561643,-0.06327503984616467,-0.062063568764717914
Lauren Bruton,Reading WFC,58,50,108.0,40.0,Goal,Right Foot,Penalty,False,0.7835,1,12.0,0.5920752289498059,0.18617549927232185,0.7847699924167402,0.7890801294574895,-0.5973245007276782,0.0012699924167401955,0.0055801294574895355
Remi Allen,Reading WFC,60,18,111.0,44.0,Goal,Head,Open Play,False,0.12698269,1,9.848857801796104,0.667378946411016,0.22891666603638522,0.07977518654936339,0.08628383096697999,0.10193397603638521,-0.04720750345063662,-0.04069885903302002
Lauren Bruton,Reading WFC,65,26,95.0,51.0,Off T,Right Foot,Open Play,False,0.025050111,0,27.313000567495326,0.24478453562131927,0.03896120669203511,0.02840842142281141,0.029239328347528137,0.013911095692035108,0.0033583104228114107,0.004189217347528137
Rachel Furness,Reading WFC,68,21,91.0,39.0,Blocked,Left Foot,Open Play,False,0.023154138,0,29.017236257093817,0.25079582436797915,0.033294648215160996,0.022218635594561813,0.024407278801656287,0.010140510215160995,-0.0009355024054381877,0.0012531408016562863
Gemma Suzanne Davison,Reading WFC,70,40,104.0,26.0,Off T,Right Foot,Open Play,False,0.039711993,0,21.2602916254693,0.26094043848151627,0.06903747607887245,0.05588213122080151,0.05129447967525948,0.02932548307887245,0.01617013822080151,0.011582486675259476
Natasha Harding,Reading WFC,72,49,107.0,51.0,Blocked,Left Foot,Open Play,False,0.062475897,0,17.029386365926403,0.33134578116750046,0.10523503818558248,0.08733227864223471,0.08321820928571727,0.04275914118558248,0.024856381642234707,0.020742312285717268
Rachel Furness,Reading WFC,73,26,111.0,46.0,Off T,Head,Open Play,False,0.07140379,0,10.816653826391969,0.566385141381562,0.20164117268568726,0.06653965627892866,0.07165627108164802,0.13023738268568727,-0.004864133721071334,0.0002524810816480205
Brooke Chaplen,Reading WFC,76,39,116.0,32.0,Saved,Left Foot,Open Play,False,0.15648943,0,8.94427190999916,0.414180584709641,0.2153101009808222,0.2053836268973911,0.20424389207843388,0.05882067098082219,0.04889419689739108,0.04775446207843387
Gemma Suzanne Davison,Reading WFC,79,44,104.0,40.0,Post,Right Foot,Open Play,False,0.07390027,0,16.0,0.44976173405654607,0.1233395748737603,0.11236520608493343,0.12180633891511942,0.04943930487376029,0.038464936084933427,0.04790606891511942
Brooke Chaplen,Reading WFC,80,52,110.0,31.0,Off T,Left Foot,Open Play,False,0.10428682,0,13.45362404707371,0.4117746385398365,0.1497275721366979,0.13350926064061236,0.13303203767022947,0.045440752136697904,0.029222440640612357,0.028745217670229473
Charlotte Estcourt,Reading WFC,82,29,109.0,38.0,Off T,Left Foot,Open Play,False,0.15655507,0,11.180339887498949,0.6249950609641288,0.20214263805507152,0.19296819923516056,0.20575355140699889,0.045587568055071526,0.036413129235160574,0.049198481406998895
Gemma Suzanne Davison,Reading WFC,85,31,94.0,28.0,Off T,Right Foot,Open Play,False,0.031552944,0,28.635642126552707,0.23171403850695352,0.03410152680534497,0.024259235669573696,0.025274264209359472,0.002548582805344972,-0.007293708330426304,-0.0062786797906405276
Brooke Chaplen,Reading WFC,87,57,106.0,51.0,Off T,Right Foot,Open Play,False,0.09941017,0,17.804493814764857,0.3255358178138612,0.09795369706761575,0.0848901484455219,0.08231451793468965,-0.0014564729323842535,-0.01452002155447811,-0.017095652065310357
Emily Syme,Yeovil Town LFC,90,18,93.0,35.0,Saved,Right Foot,Open Play,False,0.03372398,0,27.459060435491963,0.26078579246729067,0.03882163660758387,0.028320072528784098,0.03058419288095172,0.005097656607583871,-0.0054039074712159026,-0.0031397871190482797
Olivia Fergusson,Yeovil Town LFC,90,55,100.0,33.0,Off T,Right Foot,Open Play,False,0.18713981,0,21.18962010041709,0.3242247905670556,0.07223878894491392,0.05921156502358785,0.06076798148081435,-0.11490102105508607,-0.12792824497641214,-0.12637182851918563
Brooke Chaplen,Reading WFC,91,32,111.0,44.0,Saved,Head,Open Play,False,0.17218603,0,9.848857801796104,0.667378946411016,0.22891666603638522,0.07977518654936339,0.08628383096697999,0.05673063603638523,-0.0924108434506366,-0.08590219903302
Vivianne Miedema,Arsenal WFC,5,25,111.0,46.0,Blocked,Right Foot,Open Play,True,0.11083713,0,10.816653826391969,0.566385141381562,0.20164117268568726,0.27507896101534973,0.2883814036414896,0.09080404268568726,0.16424183101534973,0.17754427364148961
Vivianne Miedema,Arsenal WFC,5,26,115.0,44.0,Goal,Right Foot,Open Play,True,0.3506077,1,6.4031242374328485,0.924600789821128,0.3303386232499934,0.4593862130597741,0.5027211973908473,-0.02026907675000661,0.1087785130597741,0.15211349739084729
Lisa Evans,Arsenal WFC,13,50,111.0,43.0,Goal,Right Foot,Open Play,True,0.26270437,1,9.486832980505138,0.7102726283635806,0.24038039122581858,0.33274505685391637,0.37496268036346364,-0.022323978774181436,0.07004068685391635,0.11225831036346362
Danielle van de Donk,Arsenal WFC,19,26,105.0,40.0,Blocked,Left Foot,Open Play,True,0.07366535,0,15.0,0.4786473619894158,0.1365702921831663,0.17031541056956478,0.18595621494779363,0.06290494218316629,0.09665006056956478,0.11229086494779363
Laura Coombs,Liverpool WFC,20,48,97.0,51.0,Blocked,Left Foot,Open Play,False,0.028098317,0,25.495097567963924,0.2585463821558608,0.046611071845343854,0.03307456850319549,0.03265331631174169,0.018512754845343853,0.00497625150319549,0.004554999311741689
Christie Murray,Liverpool WFC,20,50,109.0,44.0,Blocked,Right Foot,Open Play,False,0.19783492,0,11.704699910719626,0.5773820270241232,0.1891059742162057,0.18717878453875805,0.20133800697303,-0.008728945783794295,-0.010656135461241945,0.0035030869730300063
Vivianne Miedema,Arsenal WFC,23,11,107.0,28.0,Saved,Right Foot,Open Play,True,0.119415715,0,17.69180601295413,0.3075414696606731,0.09787821086908516,0.12209501757110892,0.1078325084606498,-0.021537504130914847,0.0026793025711089186,-0.011583206539350202
Katie McCabe,Arsenal WFC,24,46,97.0,28.0,Blocked,Left Foot,Open Play,False,0.03178352,0,25.942243542145693,0.24990797706326423,0.04445861022860977,0.031257769239914024,0.03062838709942931,0.01267509022860977,-0.0005257507600859787,-0.001155132900570694
Louise Quinn,Arsenal WFC,25,25,111.0,37.0,Wayward,Head,Open Play,False,0.07151782,0,9.486832980505138,0.7102726283635806,0.24038039122581858,0.08565413387533694,0.09230164895865194,0.1688625712258186,0.01413631387533694,0.02078382895865194
Louise Quinn,Arsenal WFC,25,34,112.0,47.0,Off T,Head,Open Play,False,0.32439646,0,10.63014581273465,0.5314941292250158,0.20087075290356282,0.0660388860573443,0.07003552217801597,-0.12352570709643718,-0.2583575739426557,-0.25436093782198405
Christie Murray,Liverpool WFC,28,58,100.0,56.0,Saved,Left Foot,Open Play,False,0.03583584,0,25.612496949731394,0.22399969240683085,0.04510819094828955,0.03174119564170229,0.02891099066603487,0.00927235094828955,-0.004094644358297712,-0.00692484933396513
Kim Little,Arsenal WFC,34,3,110.0,31.0,Goal,Left Foot,Open Play,False,0.2153955,1,13.45362404707371,0.4117746385398365,0.1497275721366979,0.13350926064061236,0.13303203767022947,-0.06566792786330208,-0.08188623935938763,-0.08236346232977051
Vivianne Miedema,Arsenal WFC,35,58,108.0,35.0,Blocked,Left Foot,Open Play,False,0.16120288,0,13.0,0.5139138642448874,0.16455173690454225,0.1502842099582817,0.15873936463719981,0.003348856904542258,-0.010918670041718287,-0.0024635153628001782
Vivianne Miedema,Arsenal WFC,38,30,113.0,40.0,Blocked,Right Foot,Open Play,False,0.35473618,0,7.0,0.9635313430737258,0.32313354390304433,0.35309888281956264,0.3393574954383315,-0.03160263609695568,-0.0016372971804373693,-0.01537868456166852
Bethany Mead,Arsenal WFC,45,38,115.0,49.0,Post,Right Foot,Open Play,True,0.38658977,0,10.295630140987,0.37638721096968647,0.1899031411222825,0.2554831797414209,0.2147686400004734,-0.1966866288777175,-0.13110659025857913,-0.1718211299995266
Rinsola Babajide,Liverpool WFC,48,17,96.0,43.0,Off T,Left Foot,Open Play,False,0.037469286,0,24.186773244895647,0.2981820230660623,0.05397470437176973,0.039450578297178567,0.04100849294622061,0.016505418371769734,0.001981292297178569,0.003539206946220612
Rinsola Babajide,Liverpool WFC,54,20,89.0,42.0,Blocked,Left Foot,Open Play,False,0.02176911,0,31.064449134018133,0.23408875803826967,0.027114926422405317,0.017423403558255706,0.019931990761597154,0.005345816422405315,-0.004345706441744295,-0.0018371192384028477
Christie Murray,Liverpool WFC,54,51,90.0,39.0,Off T,Right Foot,Open Play,False,0.023964839,0,30.01666203960727,0.24253719396461135,0.03012222593008512,0.020977896944802107,0.023892188930809875,0.006157386930085117,-0.0029869420551978942,-7.265006919012634e-05
Jordan Nobbs,Arsenal WFC,59,12,110.0,53.0,Saved,Right Foot,Open Play,False,0.063438915,0,16.401219466856727,0.2789150655431871,0.10779443480693898,0.09477959826540262,0.08619272489433764,0.044355519806938984,0.031340683265402625,0.022753809894337645
Vivianne Miedema,Arsenal WFC,61,43,114.0,34.0,Blocked,Left Foot,Open Play,True,0.30020618,0,8.48528137423857,0.6431373508951361,0.25033421713437465,0.3317331531277502,0.33813280681110486,-0.04987196286562534,0.03152697312775021,0.03792662681110487
Vivianne Miedema,Arsenal WFC,65,40,104.0,41.0,Blocked,Left Foot,Open Play,False,0.07080904,0,16.0312195418814,0.44815331085171894,0.12289443516829396,0.1058206881064331,0.11286338496304701,0.052085395168293955,0.03501164810643309,0.04205434496304701
Jordan Nobbs,Arsenal WFC,70,32,93.0,44.0,Saved,Right Foot,Open Play,False,0.030965893,0,27.294688127912362,0.26384790638901773,0.03950398976036182,0.028913898146014704,0.03128715163907583,0.008538096760361817,-0.002051994853985297,0.0003212586390758318
Lia Wälti,Arsenal WFC,76,47,108.0,28.0,Blocked,Left Foot,Open Play,False,0.06127211,0,16.97056274847714,0.30959258265581113,0.1044262181750031,0.0864113463673937,0.08019519945034562,0.0431541081750031,0.0251392363673937,0.01892308945034562
Niamh Charles,Liverpool WFC,77,42,117.0,45.0,Saved,Left Foot,Open Play,False,0.17858976,0,5.830951894845301,0.8172356131560807,0.3270468501662954,0.3412845309880735,0.3201520502768779,0.14845709016629544,0.1626947709880735,0.1415622902768779
Sophie Elizabeth Bradley-Auckland,Liverpool WFC,78,21,108.0,36.0,Saved,Head,Open Play,False,0.05551123,0,12.649110640673518,0.5398041725446997,0.17175573831096674,0.05351006097155478,0.0591881047831704,0.11624450831096675,-0.0020011690284452224,0.0036768747831704
Katie McCabe,Arsenal WFC,80,27,94.0,45.0,Saved,Left Foot,Open Play,True,0.02726393,0,26.476404589747453,0.2700268656682568,0.04282900530503398,0.04433727202600149,0.052658313382603544,0.015565075305033982,0.01707334202600149,0.025394383382603546
Vivianne Miedema,Arsenal WFC,81,46,105.0,40.0,Off T,Left Foot,Open Play,False,0.18442203,0,15.0,0.4786473619894158,0.1365702921831663,0.12019043855402675,0.12895098021279053,-0.04785173781683369,-0.06423159144597324,-0.05547104978720946
Jordan Nobbs,Arsenal WFC,84,39,106.0,55.0,Off T,Right Foot,Open Play,True,0.037009634,0,20.518284528683193,0.2463149213234048,0.07320151184748484,0.08727988014007283,0.0730908056194915,0.036191877847484843,0.05027024614007283,0.036081171619491495
Vivianne Miedema,Arsenal WFC,89,26,106.0,45.0,Goal,Right Foot,Open Play,True,0.0782001,1,14.866068747318506,0.4585395653254657,0.13655023074864958,0.17907855614421533,0.1906326304746412,0.05835013074864959,0.10087845614421534,0.11243253047464122
Courtney Sweetman-Kirk,Liverpool WFC,91,26,84.0,38.0,Off T,Right Foot,Open Play,False,0.012535886,0,36.05551275463989,0.20202412466046196,0.016455011523960297,0.010279504125276966,0.014000203663042816,0.003919125523960298,-0.0022563818747230336,0.0014643176630428165
Charlie Wellings,Birmingham City WFC,0,44,108.0,54.0,Goal,Right Foot,Open Play,False,0.09221535,1,18.439088914585774,0.262732196660685,0.0891634125136026,0.07563945645036217,0.06772481478585761,-0.003051937486397399,-0.01657589354963783,-0.024490535214142392
Hayley Ladd,Birmingham City WFC,42,49,109.0,48.0,Off T,Right Foot,Open Play,False,0.11096134,0,13.601470508735444,0.4387207882165158,0.1501517730527076,0.1416034285369203,0.1461288525614456,0.0391904330527076,0.030642088536920284,0.03516751256144558
Ellen White,Birmingham City WFC,44,49,112.0,49.0,Off T,Head,Open Play,False,0.07404392,0,12.041594578792296,0.41866304735600424,0.1688501487438357,0.051879576184347735,0.05305184920120929,0.0948062287438357,-0.022164343815652264,-0.02099207079879071
Ellen White,Birmingham City WFC,47,20,97.0,49.0,Blocked,Right Foot,Open Play,False,0.04952628,0,24.698178070456937,0.27504485992103994,0.05073012301940348,0.03886727280499169,0.03962847951209136,0.0012038430194034819,-0.010659007195008306,-0.009897800487908642
Charlie Wellings,Birmingham City WFC,47,22,100.0,56.0,Saved,Left Foot,Open Play,True,0.030566081,0,25.612496949731394,0.22399969240683085,0.04510819094828955,0.046947073612161584,0.045224798004721435,0.014542109948289552,0.016380992612161586,0.014658717004721437
Lucy Quinn,Birmingham City WFC,48,57,98.0,38.0,Blocked,Right Foot,Open Play,False,0.057610843,0,22.090722034374522,0.3271236186349564,0.06665822963994622,0.053853735161666784,0.056844507677196156,0.009047386639946219,-0.003757107838333218,-0.0007663353228038461
Kerys Harrop,Birmingham City WFC,49,29,114.0,36.0,Wayward,Other,Open Play,False,0.14700137,0,7.211102550927978,0.8497217674774546,0.30251443213804335,0.0956371074586826,0.09642930088543528,0.15551306213804336,-0.05136426254131739,-0.050572069114564716
Ellen White,Birmingham City WFC,51,38,110.0,52.0,Blocked,Right Foot,Open Play,False,0.11414276,0,15.620499351813308,0.30736695801251124,0.11731119549037919,0.10494611467736169,0.09831531114435298,0.003168435490379193,-0.009196645322638308,-0.01582744885564702
Kerys Harrop,Birmingham City WFC,52,16,110.0,36.0,Wayward,Other,Open Play,False,0.062462963,0,10.770329614269007,0.6196758074525999,0.20812074694441113,0.054824510272145924,0.061400611183934785,0.14565778394441112,-0.0076384527278540795,-0.0010623518160652184
Lucy Quinn,Birmingham City WFC,52,17,114.0,31.0,Saved,Right Foot,Open Play,False,0.120284274,0,10.816653826391969,0.4009557083482148,0.18460459672010532,0.18010360314023208,0.17987576275233302,0.06432032272010532,0.05981932914023208,0.05959148875233303
Claudia Walker,Everton LFC,52,59,106.0,38.0,Blocked,Right Foot,Open Play,False,0.08693759,0,14.142135623730951,0.5022158866338138,0.1487531944228093,0.14060074929178162,0.15306490546457263,0.0618156044228093,0.05366315929178163,0.06612731546457264
Ellen White,Birmingham City WFC,56,35,100.0,34.0,Off T,Right Foot,Open Play,False,0.07756295,0,20.8806130178211,0.33348488008809335,0.07471714788505236,0.06165933416947509,0.0638415434782076,-0.002845802114947643,-0.015903615830524916,-0.013721406521792406
Paige Williams,Birmingham City WFC,65,19,91.0,45.0,Post,Left Foot,Open Play,False,0.02045377,0,29.427877939124322,0.2440168387323798,0.031884711223443635,0.021103429798608048,0.02312415047682129,0.011430941223443635,0.0006496597986080481,0.0026703804768212908
Charlie Wellings,Birmingham City WFC,66,57,113.0,33.0,Off T,Left Foot,Open Play,False,0.16539069,0,9.899494936611665,0.5445578955570168,0.21406148509268025,0.2055007175869751,0.20937926997603182,0.04867079509268024,0.0401100275869751,0.04398857997603181
Hayley Ladd,Birmingham City WFC,69,56,96.0,46.0,Wayward,Right Foot,Open Play,False,0.04052034,0,24.73863375370596,0.2854668927024541,0.05087124362947714,0.039022968295325484,0.04079510387792823,0.010350903629477139,-0.0014973717046745175,0.00027476387792822743
Lucy Staniforth,Birmingham City WFC,73,40,94.0,32.0,Saved,Right Foot,Free Kick,False,0.08107362,0,27.202941017470888,0.2561756566544305,0.03965293892079341,0.06990723734511438,0.07036595849879103,-0.04142068107920659,-0.01116638265488562,-0.01070766150120897
Ellen White,Birmingham City WFC,74,23,113.0,43.0,Off T,Right Foot,Open Play,True,0.2632493,0,7.615773105863909,0.8545209127072082,0.29487174757275897,0.41085391382910114,0.46262499542283214,0.03162244757275895,0.14760461382910112,0.19937569542283212
Claudia Walker,Everton LFC,80,0,106.0,55.0,Saved,Right Foot,Open Play,False,0.17009574,0,20.518284528683193,0.2463149213234048,0.07320151184748484,0.05983054703378314,0.05303246732140477,-0.09689422815251515,-0.11026519296621685,-0.11706327267859523
Kerys Harrop,Birmingham City WFC,85,12,118.0,33.0,Wayward,Head,Open Play,False,0.101485126,0,7.280109889280518,0.35407721729443814,0.23688105168833407,0.08196834627543298,0.08557756549155204,0.13539592568833408,-0.019516779724567015,-0.01590756050844795
Chloe Kelly,Everton LFC,86,46,106.0,55.0,Off T,Right Foot,Open Play,False,0.16068959,0,20.518284528683193,0.2463149213234048,0.07320151184748484,0.05983054703378314,0.05303246732140477,-0.08748807815251515,-0.10085904296621685,-0.10765712267859523
Georgia Brougham,Everton LFC,89,52,95.0,54.0,Off T,Right Foot,Open Play,False,0.08791981,0,28.653097563788805,0.2228331043335054,0.0338526289940918,0.02403588108056776,0.02442873877699651,-0.0540671810059082,-0.06388392891943225,-0.06349107122300349
Charlie Wellings,Birmingham City WFC,91,24,71.0,53.0,Off T,Right Foot,Open Play,False,0.019084126,0,50.695167422546305,0.13938571373131223,0.0038084701509854524,0.0018459839673992272,0.00627355251998711,-0.015275655849014547,-0.017238142032600774,-0.01281057348001289
Siri Worm,Everton LFC,93,9,108.0,38.0,Wayward,Head,Open Play,False,0.05961138,0,12.165525060596439,0.5781860651202386,0.1823567292173959,0.058124371910195,0.06492391435894732,0.12274534921739591,-0.0014870080898050017,0.005312534358947317
Dominique Bruinenberg,Everton LFC,93,11,107.0,27.0,Off T,Left Foot,Open Play,False,0.06775143,0,18.384776310850235,0.28516690176843085,0.09081409411220073,0.0730711110140924,0.06634709379830357,0.02306266411220073,0.005319681014092401,-0.0014043362016964295
Fara Williams,Reading WFC,4,22,103.0,24.0,Saved,Left Foot,Open Play,False,0.031963237,0,23.345235059857504,0.22994357172827845,0.05591408699046593,0.04094179366250835,0.035964897289262915,0.023950849990465935,0.008978556662508352,0.004001660289262916
Alisha Lehmann,West Ham United LFC,10,41,109.0,53.0,Post,Right Foot,Open Play,False,0.07077117,0,17.029386365926403,0.2832733200061628,0.10227925426594027,0.08909537550028426,0.08150516118585412,0.031508084265940275,0.01832420550028427,0.010733991185854122
Gemma Suzanne Davison,Reading WFC,12,13,104.0,40.0,Blocked,Left Foot,Open Play,False,0.05382629,0,16.0,0.44976173405654607,0.1233395748737603,0.10628740095560796,0.11346711200430096,0.0695132848737603,0.05246111095560796,0.05964082200430096
Brianna Visalli,West Ham United LFC,12,38,98.0,53.0,Off T,Right Foot,Open Play,False,0.030682417,0,25.553864678361276,0.24665384855303915,0.04600939925833847,0.03456750006479236,0.03380107955193126,0.015326982258338468,0.00388508306479236,0.0031186625519312623
Brianna Visalli,West Ham United LFC,15,35,104.0,29.0,Blocked,Right Foot,Open Play,False,0.07503901,0,19.4164878389476,0.3116142483094721,0.08414165442376621,0.07085583823119715,0.06882874664424175,0.00910264442376621,-0.004183171768802854,-0.00621026335575825
Brianna Visalli,West Ham United LFC,16,34,110.0,52.0,Off T,Right Foot,Open Play,False,0.19185483,0,15.620499351813308,0.30736695801251124,0.11731119549037919,0.10494611467736169,0.09831531114435298,-0.07454363450962082,-0.08690871532263832,-0.09353951885564703
Brooke Chaplen,Reading WFC,22,12,108.0,28.0,Saved,Left Foot,Open Play,False,0.17795123,0,16.97056274847714,0.30959258265581113,0.1044262181750031,0.0864113463673937,0.08019519945034562,-0.07352501182499689,-0.09153988363260629,-0.09775603054965437
Fara Williams,Reading WFC,22,47,99.0,48.0,Blocked,Right Foot,Open Play,False,0.032245763,0,22.47220505424423,0.30305836305553757,0.06341777769668773,0.05069050379609492,0.051601577054093434,0.031172014696687733,0.01844474079609492,0.019355814054093437
Brooke Chaplen,Reading WFC,30,55,110.0,25.0,Saved,Right Foot,Open Play,False,0.18603286,0,18.027756377319946,0.23072974180856756,0.09073104378929764,0.07705213632029488,0.0659386022655689,-0.09530181621070236,-0.10898072367970511,-0.1200942577344311
Josanne Potter,Reading WFC,31,42,111.0,52.0,Blocked,Left Foot,Open Play,False,0.04521663,0,15.0,0.30182378524702563,0.12335931644793544,0.10530362984912522,0.09651782356132715,0.07814268644793543,0.060086999849125224,0.05130119356132715
Jane Ross,West Ham United LFC,37,6,112.0,29.0,Off T,Left Foot,Open Play,False,0.16309458,0,13.601470508735444,0.32885854507682594,0.14111541414132592,0.12378690850848018,0.11639280613013972,-0.02197916585867407,-0.03930767149151981,-0.04670177386986027
Brooke Hendrix,West Ham United LFC,39,58,113.0,45.0,Off T,Head,Open Play,False,0.0683799,0,8.602325267042627,0.7018659577259492,0.25550430909689287,0.0933073166544505,0.09771372289753023,0.18712440909689287,0.0249274166544505,0.02933382289753024
Remi Allen,Reading WFC,45,45,102.0,26.0,Saved,Right Foot,Open Play,False,0.07138978,0,22.80350850198276,0.2544472950311666,0.059686578872563116,0.047029095375854105,0.04378273152411103,-0.011703201127436884,-0.024360684624145895,-0.02760704847588897
Julia Simic,West Ham United LFC,46,57,99.0,36.0,Saved,Left Foot,Open Play,False,0.048571244,0,21.37755832643195,0.33357567336719335,0.07142302699280131,0.055115685265114046,0.0568161890088156,0.022851782992801314,0.006544441265114047,0.008244945008815598
Remi Allen,Reading WFC,51,18,100.0,34.0,Blocked,Right Foot,Open Play,False,0.07324995,0,20.8806130178211,0.33348488008809335,0.07471714788505236,0.06165933416947509,0.0638415434782076,0.0014671978850523681,-0.011590615830524904,-0.009408406521792395
Sophie Howard,Reading WFC,51,20,92.0,52.0,Off T,Right Foot,Open Play,False,0.026004285,0,30.463092423455635,0.22045468148867023,0.028463369046636586,0.01959471273439606,0.021259791484831453,0.0024590840466365872,-0.006409572265603937,-0.004744493515168546
Josanne Potter,Reading WFC,59,43,97.0,62.0,Saved,Right Foot,Free Kick,False,0.008731485,0,31.827660925679098,0.16686058350778743,0.024140348524829727,0.03947408305038166,0.03638305860119583,0.015408863524829727,0.030742598050381657,0.02765157360119583
Remi Allen,Reading WFC,59,45,114.0,51.0,Saved,Right Foot,Open Play,False,0.050006606,0,12.529964086141668,0.29680613661659344,0.1515831483739407,0.14194991958638747,0.13372844524553718,0.1015765423739407,0.09194331358638747,0.08372183924553717
Gemma Suzanne Davison,Reading WFC,67,10,110.0,32.0,Off T,Right Foot,Open Play,False,0.08086444,0,12.806248474865697,0.4524186440617662,0.16159367460266227,0.1545143146065351,0.15938183523116686,0.08072923460266228,0.07364987460653512,0.07851739523116687
Leanne Kiernan,West Ham United LFC,71,14,90.0,26.0,Off T,Right Foot,Open Play,False,0.011956343,0,33.1058907144937,0.20012884492752112,0.021823371719915732,0.014317930621242623,0.01642961822627179,0.009867028719915733,0.0023615876212426234,0.00447327522627179
Brooke Hendrix,West Ham United LFC,79,26,109.0,32.0,Saved,Head,Open Play,False,0.06046953,0,13.601470508735444,0.4387207882165158,0.1501517730527076,0.04449355476049218,0.04673266597936788,0.08968224305270761,-0.01597597523950782,-0.013736864020632122
Rebecca Jane,Reading WFC,88,1,111.0,40.0,Post,Head,Open Play,False,0.19978166,0,9.0,0.7724805184545609,0.25697540743466235,0.09450407644575382,0.10077383869279137,0.05719374743466235,-0.10527758355424618,-0.09900782130720863
Francesca Kirby,Chelsea FCW,3,31,111.0,49.0,Off T,Left Foot,Open Play,False,0.12818678,0,12.727922061357855,0.4172888908816022,0.159497636178677,0.14396889373795874,0.14324520676103622,0.03131085617867699,0.015782113737958736,0.01505842676103622
Lucy Hope,Bristol City WFC,9,24,84.0,36.0,Wayward,Right Foot,Open Play,False,0.010674817,0,36.22154055254967,0.200206990601291,0.01617459865287408,0.010072991709393934,0.013760997711620229,0.00549978165287408,-0.0006018252906060655,0.003086180711620229
Millie Bright,Chelsea FCW,11,18,111.0,42.0,Wayward,Head,Open Play,False,0.09581162,0,9.219544457292887,0.7437854752332452,0.2493205116553904,0.09037145751109457,0.09690593948631233,0.1535088916553904,-0.005440162488905428,0.001094319486312334
Ramona Bachmann,Chelsea FCW,13,12,107.0,48.0,Off T,Left Foot,Open Play,False,0.13289843,0,15.264337522473747,0.4089005192448115,0.12829722846428912,0.11109461023585845,0.1125818568710564,-0.0046012015357108915,-0.021803819764141558,-0.02031657312894361
Ramona Bachmann,Chelsea FCW,14,36,97.0,35.0,Saved,Right Foot,Open Play,False,0.04076578,0,23.53720459187964,0.3019090451705767,0.05745246924265295,0.045102779397787694,0.0471481399171908,0.01668668924265295,0.004336999397787693,0.0063823599171908
Ramona Bachmann,Chelsea FCW,20,39,107.0,47.0,Post,Right Foot,Open Play,False,0.08203277,0,14.7648230602334,0.4353338380602104,0.13591221689147115,0.125887154409745,0.1316425393827349,0.053879446891471144,0.043854384409744984,0.0496097693827349
Karen Julia Carney,Chelsea FCW,20,47,106.0,30.0,Off T,Right Foot,Open Play,False,0.059528172,0,17.204650534085253,0.3478792775147612,0.10464853151860755,0.09192828300195945,0.09100800074072411,0.04512035951860755,0.03240011100195945,0.031479828740724115
Karen Julia Carney,Chelsea FCW,34,25,91.0,43.0,Blocked,Right Foot,Open Play,False,0.025979586,0,29.154759474226502,0.24849555323861672,0.0328152535980885,0.023212546092456092,0.02592159334878863,0.006835667598088499,-0.002767039907543907,-5.799265121136932e-05
Karen Julia Carney,Chelsea FCW,34,35,87.0,25.0,Off T,Right Foot,Open Play,False,0.0069415662,0,36.24913792078372,0.18363658358170026,0.015958631271002957,0.009903729675011977,0.012694197759489568,0.009017065071002958,0.002962163475011977,0.005752631559489568
Erin Cuthbert,Chelsea FCW,39,51,89.0,31.0,Off T,Right Foot,Open Play,False,0.020986876,0,32.28002478313795,0.21713168313874068,0.023880406507333925,0.015935796600700117,0.01860701234511811,0.002893530507333923,-0.005051079399299885,-0.002379863654881891
Lucy Hope,Bristol City WFC,41,14,93.0,47.0,Saved,Right Foot,Open Play,False,0.027669866,0,27.892651361962706,0.25294997488817733,0.03708124591581705,0.02681522166909166,0.028821403856779122,0.009411379915817052,-0.0008546443309083405,0.001151537856779121
Ramona Bachmann,Chelsea FCW,43,36,114.0,53.0,Saved,Right Foot,Open Play,False,0.063668475,0,14.317821063276353,0.22532962973735438,0.12513024752539134,0.1126738360362238,0.09864411968525874,0.06146177252539134,0.0490053610362238,0.03497564468525874
Maren Nævdal Mjelde,Chelsea FCW,44,41,95.0,36.0,Blocked,Right Foot,Open Play,False,0.035527784,0,25.317977802344327,0.2837188010077621,0.04814565206973964,0.036562886609920436,0.03878279868359843,0.012617868069739642,0.0010351026099204366,0.0032550146835984284
Hannah Jayne Blundell,Chelsea FCW,44,45,112.0,46.0,Saved,Right Foot,Open Play,False,0.17633447,0,10.0,0.5945585784396049,0.21799264239294808,0.22111504368822385,0.23101931047714538,0.041658172392948084,0.04478057368822386,0.05468484047714539
So-Yun Ji,Chelsea FCW,49,14,101.0,48.0,Saved,Left Foot,Open Play,False,0.06634634,0,20.615528128088304,0.3258524513945975,0.07617727061282988,0.059464994390543716,0.05940705937436757,0.009830930612829872,-0.006881345609456288,-0.006939280625632434
Francesca Kirby,Chelsea FCW,54,1,117.0,40.0,Saved,Head,Open Play,False,0.24779037,0,3.0,1.373243142659571,0.48089168852292224,0.2557886685058506,0.15870134218784573,0.23310131852292224,0.00799829850585057,-0.08908902781215428
Ramona Bachmann,Chelsea FCW,56,25,113.0,69.0,Saved,Right Foot,Open Play,False,0.0066518607,0,29.832867780352597,0.05838638450520458,0.027234411509462746,0.018392180408190024,0.01181563021161514,0.020582550809462745,0.011740319708190025,0.0051637695116151395
Millie Bright,Chelsea FCW,59,4,100.0,30.0,Blocked,Left Foot,Open Play,False,0.03737886,0,22.360679774997898,0.29224597573528155,0.06364269251796968,0.04793462781051828,0.046840966620667286,0.026263832517969682,0.010555767810518278,0.009462106620667286
Magdalena Lilly Eriksson,Chelsea FCW,69,26,113.0,40.0,Off T,Head,Open Play,False,0.09020685,0,7.0,0.9635313430737258,0.32313354390304433,0.13350624168769085,0.1282725855523362,0.23292669390304432,0.04329939168769084,0.038065735552336194
Ramona Bachmann,Chelsea FCW,75,18,111.0,41.0,Wayward,Head,Open Play,False,0.1596192,0,9.055385138137417,0.7651428222432828,0.25501746313527085,0.09343878986617528,0.09979160106753816,0.09539826313527086,-0.06618041013382471,-0.059827598932461826
Bethany England,Chelsea FCW,75,57,108.0,42.0,Wayward,Head,Open Play,False,0.0581952,0,12.165525060596439,0.5781860651202386,0.1823567292173959,0.058124371910195,0.06492391435894732,0.1241615292173959,-7.082808980500566e-05,0.006728714358947313
Bethany England,Chelsea FCW,77,45,95.0,50.0,Off T,Right Foot,Open Play,False,0.04174321,0,26.92582403567252,0.25171107659567304,0.04058508593512158,0.029823794410655663,0.030844449804538696,-0.0011581240648784255,-0.01191941558934434,-0.010898760195461307
Francesca Kirby,Chelsea FCW,79,22,108.0,43.0,Off T,Head,Open Play,False,0.16554669,0,12.36931687685298,0.5616185180743136,0.1777905398878944,0.056118431126260596,0.06244577878250712,0.012243849887894398,-0.1094282588737394,-0.10310091121749287
Bethany England,Chelsea FCW,92,7,112.0,47.0,Off T,Head,Open Play,False,0.068738736,0,10.63014581273465,0.5314941292250158,0.20087075290356282,0.0660388860573443,0.07003552217801597,0.13213201690356283,-0.0026998499426556938,0.0012967861780159712
Francesca Kirby,Chelsea FCW,92,49,102.0,50.0,Saved,Right Foot,Open Play,False,0.044929475,0,20.591260281974,0.3105126136086434,0.0756326136167907,0.06245705223718314,0.06180412595365716,0.0307031386167907,0.017527577237183137,0.016874650953657158
Francesca Kirby,Chelsea FCW,93,9,99.0,34.0,Wayward,Left Foot,Open Play,False,0.064549424,0,21.840329667841555,0.32016794163105056,0.06790958752209608,0.05186726701076322,0.05278780227927589,0.003360163522096088,-0.012682156989236776,-0.011761621720724105
Jonna Ann-Charlotte Andersson,Chelsea FCW,94,1,109.0,44.0,Blocked,Right Foot,Open Play,False,0.07352798,0,11.704699910719626,0.5773820270241232,0.1891059742162057,0.18717878453875805,0.20133800697303,0.1155779942162057,0.11365080453875805,0.12781002697303
